report_id,date,district,block,village,species,number_affected,number_deaths,duration_days,temperature,notes,symptom_fever,symptom_coughing,symptom_nasal_discharge,symptom_weakness,symptom_diarrhea,symptom_loss_of_appetite,symptom_reduced_milk_production,symptom_skin_lesions,symptom_swelling,symptom_respiratory_distress,symptom_neurological_symptoms,symptom_sudden_death,mortality_rate,risk_level
1,2026-05-06,Amravati,Amravati Block-1,Amravati Block-1 Village-2,cattle,4,0,3,38.1,,False,False,False,False,True,False,True,False,False,False,False,True,0.0,MEDIUM
2,2026-05-06,Nashik,Nashik Block-2,Nashik Block-2 Village-3,goat,1,0,6,,Reported by local field worker.,False,True,False,True,True,True,True,False,False,True,False,False,0.0,LOW
3,2026-05-06,Nagpur,Nagpur Block-1,Nagpur Block-1 Village-2,cattle,3,0,5,39.4,Similar cases seen in neighbouring herd.,True,False,False,False,False,True,False,False,False,False,False,False,0.0,LOW
4,2026-05-06,Nashik,Nashik Block-3,Nashik Block-3 Village-3,buffalo,4,0,8,39.4,Similar cases seen in neighbouring herd.,True,False,False,False,False,True,False,False,False,False,False,False,0.0,LOW
5,2026-05-06,Nagpur,Nagpur Block-1,Nagpur Block-1 Village-1,goat,3,0,7,,,False,False,False,False,False,False,False,False,False,False,False,True,0.0,LOW
6,2026-05-06,Sambhajinagar,Sambhajinagar Block-2,Sambhajinagar Block-2 Village-4,goat,3,0,5,40.4,,True,True,True,False,False,False,False,False,False,False,False,False,0.0,LOW
7,2026-05-06,Amravati,Amravati Block-1,Amravati Block-1 Village-3,goat,3,0,6,40.4,Reported by local field worker.,True,False,False,False,False,False,False,False,False,False,False,False,0.0,LOW
8,2026-05-06,Sambhajinagar,Sambhajinagar Block-2,Sambhajinagar Block-2 Village-2,buffalo,2,0,7,38.7,Animals isolated as precaution.,False,False,False,False,False,False,False,True,False,False,False,False,0.0,LOW
9,2026-05-06,Amravati,Amravati Block-2,Amravati Block-2 Village-2,cattle,9,1,5,38.9,,False,False,True,True,False,True,False,True,False,False,False,False,0.111,LOW
10,2026-05-06,Sambhajinagar,Sambhajinagar Block-3,Sambhajinagar Block-3 Village-4,cattle,2,0,2,,Farmer requested urgent visit.,True,False,True,False,False,True,False,False,False,False,False,False,0.0,LOW
11,2026-05-06,Kolhapur,Kolhapur Block-2,Kolhapur Block-2 Village-1,sheep,1,0,6,,,False,False,False,False,False,False,False,False,False,True,False,False,0.0,LOW
12,2026-05-06,Pune,Pune Block-3,Pune Block-3 Village-1,sheep,1,0,1,38.3,Similar cases seen in neighbouring herd.,False,True,False,False,False,False,False,False,False,False,False,False,0.0,LOW
13,2026-05-06,Nashik,Nashik Block-3,Nashik Block-3 Village-5,poultry,2,0,1,38.3,,False,False,False,False,False,False,False,True,False,False,False,False,0.0,LOW
14,2026-05-06,Nashik,Nashik Block-2,Nashik Block-2 Village-2,cattle,1,0,3,,Farmer requested urgent visit.,True,False,False,False,False,False,False,False,False,False,True,False,0.0,LOW
15,2026-05-06,Nashik,Nashik Block-3,Nashik Block-3 Village-1,poultry,1,0,1,40.9,Farmer requested urgent visit.,True,False,True,False,False,False,False,False,False,False,False,False,0.0,LOW
16,2026-05-06,Amravati,Amravati Block-2,Amravati Block-2 Village-2,cattle,4,1,6,41.0,Reported by local field worker.,True,False,True,False,False,False,False,False,False,False,False,False,0.25,LOW
17,2026-05-06,Pune,Pune Block-1,Pune Block-1 Village-5,cattle,4,2,1,40.5,Animals isolated as precaution.,True,True,True,True,True,False,False,False,False,False,False,False,0.5,HIGH
18,2026-05-06,Sambhajinagar,Sambhajinagar Block-2,Sambhajinagar Block-2 Village-4,goat,20,8,1,40.3,Reported by local field worker.,True,True,True,True,True,True,True,True,False,False,False,False,0.4,HIGH
19,2026-05-06,Nashik,Nashik Block-2,Nashik Block-2 Village-1,goat,1,0,4,41.3,,True,False,False,False,False,False,False,False,False,False,False,False,0.0,LOW
20,2026-05-06,Kolhapur,Kolhapur Block-3,Kolhapur Block-3 Village-4,cattle,2,0,2,40.7,,True,True,False,False,False,True,False,False,False,False,False,False,0.0,LOW
21,2026-05-06,Pune,Pune Block-2,Pune Block-2 Village-5,goat,4,0,7,,Animals isolated as precaution.,False,True,False,False,True,False,False,False,False,False,False,False,0.0,LOW
22,2026-05-06,Pune,Pune Block-2,Pune Block-2 Village-4,goat,1,0,5,40.6,,True,False,False,False,False,False,True,False,False,False,False,False,0.0,LOW
23,2026-05-06,Amravati,Amravati Block-2,Amravati Block-2 Village-5,cattle,3,0,3,38.5,Farmer requested urgent visit.,False,False,False,False,False,False,False,True,False,False,False,False,0.0,LOW
24,2026-05-06,Kolhapur,Kolhapur Block-1,Kolhapur Block-1 Village-1,sheep,2,0,3,40.2,Reported by local field worker.,True,False,False,True,False,True,False,False,False,False,False,False,0.0,LOW
25,2026-05-06,Sambhajinagar,Sambhajinagar Block-1,Sambhajinagar Block-1 Village-3,sheep,2,0,5,41.0,Reported by local field worker.,True,True,False,False,True,False,False,False,True,False,False,False,0.0,LOW
26,2026-05-06,Pune,Pune Block-1,Pune Block-1 Village-4,goat,4,0,9,39.7,Reported by local field worker.,True,True,True,True,False,True,False,False,False,False,False,False,0.0,LOW
27,2026-05-06,Kolhapur,Kolhapur Block-2,Kolhapur Block-2 Village-1,cattle,6,0,6,,,True,False,False,False,False,False,True,True,False,False,False,False,0.0,LOW
28,2026-05-06,Sambhajinagar,Sambhajinagar Block-3,Sambhajinagar Block-3 Village-4,buffalo,9,1,7,39.6,,True,True,False,False,True,False,False,False,False,False,False,False,0.111,LOW
29,2026-05-06,Sambhajinagar,Sambhajinagar Block-3,Sambhajinagar Block-3 Village-5,sheep,3,0,1,,Similar cases seen in neighbouring herd.,False,False,False,False,False,False,False,False,False,True,False,False,0.0,LOW
30,2026-05-06,Pune,Pune Block-3,Pune Block-3 Village-3,buffalo,1,0,7,,Reported by local field worker.,False,False,True,True,False,False,False,False,False,False,False,False,0.0,LOW
31,2026-05-06,Kolhapur,Kolhapur Block-1,Kolhapur Block-1 Village-3,goat,3,0,7,38.7,Reported by local field worker.,False,False,False,True,False,False,False,False,False,False,False,True,0.0,LOW
32,2026-05-06,Pune,Pune Block-1,Pune Block-1 Village-5,poultry,1,0,5,,Farmer requested urgent visit.,True,True,False,False,False,False,False,False,False,False,False,False,0.0,LOW
33,2026-05-06,Nashik,Nashik Block-2,Nashik Block-2 Village-4,goat,4,0,5,37.7,,False,False,False,True,False,True,False,False,True,False,False,True,0.0,MEDIUM
34,2026-05-06,Amravati,Amravati Block-2,Amravati Block-2 Village-2,cattle,2,0,1,41.0,Similar cases seen in neighbouring herd.,True,False,False,False,False,False,False,False,False,False,False,False,0.0,LOW
35,2026-05-06,Nagpur,Nagpur Block-2,Nagpur Block-2 Village-4,goat,2,0,6,38.6,Similar cases seen in neighbouring herd.,False,False,False,False,True,False,False,False,False,False,False,False,0.0,LOW
36,2026-05-07,Sambhajinagar,Sambhajinagar Block-3,Sambhajinagar Block-3 Village-2,cattle,3,0,7,37.8,,False,False,True,True,False,False,False,False,False,False,False,False,0.0,LOW
37,2026-05-07,Kolhapur,Kolhapur Block-3,Kolhapur Block-3 Village-4,cattle,3,0,9,38.3,,False,True,False,False,False,False,False,False,False,False,False,False,0.0,LOW
38,2026-05-07,Kolhapur,Kolhapur Block-2,Kolhapur Block-2 Village-1,cattle,3,0,5,40.5,,True,False,False,True,False,True,False,True,False,False,False,False,0.0,LOW
39,2026-05-07,Sambhajinagar,Sambhajinagar Block-3,Sambhajinagar Block-3 Village-4,cattle,4,0,6,40.0,Animals isolated as precaution.,True,False,False,False,True,False,False,False,False,False,False,False,0.0,LOW
40,2026-05-07,Kolhapur,Kolhapur Block-1,Kolhapur Block-1 Village-1,cattle,4,0,3,38.1,Animals isolated as precaution.,False,True,False,False,False,True,False,False,False,True,False,False,0.0,LOW
41,2026-05-07,Kolhapur,Kolhapur Block-3,Kolhapur Block-3 Village-4,goat,1,0,3,38.2,Reported by local field worker.,False,True,False,True,False,True,False,False,False,False,False,False,0.0,LOW
42,2026-05-07,Kolhapur,Kolhapur Block-3,Kolhapur Block-3 Village-3,buffalo,4,0,8,40.4,Farmer requested urgent visit.,True,False,False,False,False,False,False,False,False,False,False,False,0.0,LOW
43,2026-05-07,Amravati,Amravati Block-3,Amravati Block-3 Village-3,cattle,2,0,2,39.0,Farmer requested urgent visit.,False,True,False,False,False,True,False,False,False,False,False,False,0.0,LOW
44,2026-05-07,Amravati,Amravati Block-2,Amravati Block-2 Village-1,cattle,4,0,1,,,True,False,False,False,False,False,False,False,False,False,False,False,0.0,LOW
45,2026-05-07,Nashik,Nashik Block-2,Nashik Block-2 Village-1,buffalo,8,0,3,,,False,False,False,True,True,False,False,False,False,False,False,False,0.0,LOW
46,2026-05-07,Nagpur,Nagpur Block-3,Nagpur Block-3 Village-1,cattle,4,0,3,41.2,,True,False,False,False,False,True,False,False,False,False,False,False,0.0,LOW
47,2026-05-07,Nashik,Nashik Block-2,Nashik Block-2 Village-2,buffalo,2,0,3,38.9,Animals isolated as precaution.,False,False,True,True,True,False,False,False,False,False,False,False,0.0,LOW
48,2026-05-07,Amravati,Amravati Block-2,Amravati Block-2 Village-4,sheep,3,0,5,,,False,False,False,True,False,False,False,False,False,False,False,False,0.0,LOW
49,2026-05-07,Sambhajinagar,Sambhajinagar Block-2,Sambhajinagar Block-2 Village-4,buffalo,3,0,3,39.1,Farmer requested urgent visit.,False,False,False,False,False,False,False,False,False,False,False,True,0.0,LOW
50,2026-05-07,Nagpur,Nagpur Block-1,Nagpur Block-1 Village-2,goat,9,4,2,39.9,Animals isolated as precaution.,True,True,True,True,True,False,False,False,True,False,False,False,0.444,HIGH
51,2026-05-07,Nashik,Nashik Block-2,Nashik Block-2 Village-5,sheep,5,1,8,39.9,Farmer requested urgent visit.,True,False,True,False,False,True,False,False,False,False,False,False,0.2,LOW
52,2026-05-07,Nagpur,Nagpur Block-2,Nagpur Block-2 Village-2,goat,4,0,2,40.3,,True,True,False,False,True,False,False,False,False,False,False,False,0.0,LOW
53,2026-05-07,Nagpur,Nagpur Block-1,Nagpur Block-1 Village-3,goat,3,0,2,37.6,Farmer requested urgent visit.,False,False,True,False,False,False,False,False,False,False,False,False,0.0,LOW
54,2026-05-07,Nashik,Nashik Block-2,Nashik Block-2 Village-4,goat,2,0,8,38.0,,False,False,False,False,False,True,False,False,False,False,False,False,0.0,LOW
55,2026-05-07,Nagpur,Nagpur Block-2,Nagpur Block-2 Village-1,cattle,4,0,6,,Animals isolated as precaution.,True,True,False,False,False,False,False,False,True,False,False,False,0.0,LOW
56,2026-05-07,Pune,Pune Block-1,Pune Block-1 Village-4,cattle,4,0,3,,,True,False,True,False,False,False,False,False,False,False,False,False,0.0,LOW
57,2026-05-07,Pune,Pune Block-2,Pune Block-2 Village-3,sheep,6,3,1,41.3,Reported by local field worker.,True,True,True,True,False,True,False,False,False,True,False,False,0.5,HIGH
58,2026-05-07,Pune,Pune Block-1,Pune Block-1 Village-1,sheep,3,0,8,,,True,False,True,False,False,False,False,False,False,False,False,False,0.0,LOW
59,2026-05-07,Nagpur,Nagpur Block-3,Nagpur Block-3 Village-5,cattle,9,0,8,41.2,Reported by local field worker.,True,True,False,True,True,True,False,False,False,False,False,False,0.0,LOW
60,2026-05-07,Amravati,Amravati Block-3,Amravati Block-3 Village-5,sheep,3,0,2,40.1,Farmer requested urgent visit.,True,False,True,False,False,False,False,False,False,False,False,False,0.0,LOW
61,2026-05-07,Amravati,Amravati Block-2,Amravati Block-2 Village-4,buffalo,3,0,4,,,True,True,False,True,False,False,False,False,False,False,False,False,0.0,LOW
62,2026-05-07,Pune,Pune Block-2,Pune Block-2 Village-1,cattle,1,0,9,40.6,Farmer requested urgent visit.,True,True,False,True,False,False,False,False,False,False,False,False,0.0,LOW
63,2026-05-07,Pune,Pune Block-2,Pune Block-2 Village-1,cattle,4,0,8,37.9,,False,True,True,False,True,False,True,False,False,False,False,False,0.0,LOW
64,2026-05-07,Nagpur,Nagpur Block-3,Nagpur Block-3 Village-1,goat,1,0,5,37.7,Similar cases seen in neighbouring herd.,False,False,False,False,False,False,False,True,False,False,False,False,0.0,LOW
65,2026-05-07,Amravati,Amravati Block-3,Amravati Block-3 Village-4,cattle,4,0,1,,Reported by local field worker.,False,False,False,False,False,True,False,False,False,False,False,False,0.0,LOW
66,2026-05-07,Kolhapur,Kolhapur Block-3,Kolhapur Block-3 Village-2,cattle,3,0,9,39.2,Animals isolated as precaution.,False,False,False,False,False,False,False,False,True,False,False,False,0.0,LOW
67,2026-05-07,Kolhapur,Kolhapur Block-3,Kolhapur Block-3 Village-4,sheep,3,0,5,,,False,False,True,False,False,True,False,False,False,False,False,True,0.0,MEDIUM
68,2026-05-07,Amravati,Amravati Block-2,Amravati Block-2 Village-1,buffalo,1,0,1,40.5,Farmer requested urgent visit.,True,False,False,True,True,False,False,False,False,False,False,False,0.0,LOW
69,2026-05-07,Sambhajinagar,Sambhajinagar Block-1,Sambhajinagar Block-1 Village-1,cattle,2,0,6,38.0,,False,False,False,False,False,True,False,False,False,False,False,False,0.0,LOW
70,2026-05-07,Sambhajinagar,Sambhajinagar Block-2,Sambhajinagar Block-2 Village-2,sheep,8,1,9,41.2,,True,False,True,True,False,False,False,False,False,False,False,False,0.125,LOW
71,2026-05-07,Sambhajinagar,Sambhajinagar Block-3,Sambhajinagar Block-3 Village-2,cattle,2,0,5,,,True,True,False,False,False,False,True,False,False,False,False,False,0.0,LOW
72,2026-05-07,Sambhajinagar,Sambhajinagar Block-3,Sambhajinagar Block-3 Village-5,buffalo,2,0,8,38.8,Animals isolated as precaution.,False,False,False,False,False,False,False,False,False,False,False,True,0.0,MEDIUM
73,2026-05-07,Kolhapur,Kolhapur Block-1,Kolhapur Block-1 Village-4,buffalo,2,0,2,39.1,,False,False,False,True,False,False,False,False,False,False,True,False,0.0,MEDIUM
74,2026-05-07,Nagpur,Nagpur Block-3,Nagpur Block-3 Village-2,goat,2,0,4,,Animals isolated as precaution.,False,False,False,False,False,False,True,False,False,False,False,False,0.0,LOW
75,2026-05-08,Sambhajinagar,Sambhajinagar Block-1,Sambhajinagar Block-1 Village-1,cattle,4,0,9,38.6,Reported by local field worker.,False,False,False,False,False,False,False,True,False,False,False,False,0.0,LOW
76,2026-05-08,Amravati,Amravati Block-1,Amravati Block-1 Village-1,goat,23,4,3,39.8,Reported by local field worker.,True,True,False,True,True,False,True,False,True,False,True,True,0.174,HIGH
77,2026-05-08,Kolhapur,Kolhapur Block-3,Kolhapur Block-3 Village-1,cattle,1,0,9,40.9,Similar cases seen in neighbouring herd.,True,False,False,True,False,False,False,False,False,False,False,False,0.0,LOW
78,2026-05-08,Kolhapur,Kolhapur Block-2,Kolhapur Block-2 Village-2,buffalo,24,7,2,40.0,,True,True,True,True,False,True,True,False,True,False,False,False,0.292,MEDIUM
79,2026-05-08,Kolhapur,Kolhapur Block-1,Kolhapur Block-1 Village-2,cattle,3,0,3,,Similar cases seen in neighbouring herd.,False,False,False,False,False,False,True,False,False,False,False,False,0.0,LOW
80,2026-05-08,Nashik,Nashik Block-3,Nashik Block-3 Village-1,sheep,1,0,3,40.6,Farmer requested urgent visit.,True,False,False,False,False,False,True,False,False,False,False,False,0.0,LOW
81,2026-05-08,Pune,Pune Block-1,Pune Block-1 Village-4,goat,3,0,4,,,False,False,False,False,True,False,False,False,False,False,False,False,0.0,LOW
82,2026-05-08,Sambhajinagar,Sambhajinagar Block-1,Sambhajinagar Block-1 Village-3,poultry,1,0,6,38.0,Similar cases seen in neighbouring herd.,False,False,True,False,False,True,False,False,False,False,False,False,0.0,LOW
83,2026-05-08,Nagpur,Nagpur Block-2,Nagpur Block-2 Village-2,sheep,4,0,8,38.2,,False,True,False,False,False,True,False,False,False,False,False,False,0.0,LOW
84,2026-05-08,Nashik,Nashik Block-3,Nashik Block-3 Village-5,goat,2,0,7,41.0,Animals isolated as precaution.,True,False,True,True,False,False,False,False,False,False,False,False,0.0,LOW
85,2026-05-08,Kolhapur,Kolhapur Block-3,Kolhapur Block-3 Village-4,cattle,1,0,7,37.7,,False,False,False,False,False,False,False,True,False,False,False,False,0.0,LOW
86,2026-05-08,Nashik,Nashik Block-2,Nashik Block-2 Village-5,cattle,3,0,3,,Animals isolated as precaution.,True,False,True,False,False,False,False,False,False,False,False,False,0.0,LOW
87,2026-05-08,Kolhapur,Kolhapur Block-1,Kolhapur Block-1 Village-3,cattle,1,0,4,38.2,,False,False,False,False,False,False,False,True,False,False,False,False,0.0,LOW
88,2026-05-08,Kolhapur,Kolhapur Block-2,Kolhapur Block-2 Village-2,goat,3,0,8,,,True,True,False,True,False,False,False,False,False,False,False,False,0.0,LOW
89,2026-05-08,Kolhapur,Kolhapur Block-2,Kolhapur Block-2 Village-3,buffalo,4,0,5,41.3,,True,False,False,False,False,True,False,False,False,False,False,False,0.0,LOW
90,2026-05-08,Amravati,Amravati Block-2,Amravati Block-2 Village-2,sheep,6,0,8,,,True,True,False,False,False,False,True,False,False,True,False,False,0.0,LOW
91,2026-05-08,Nagpur,Nagpur Block-3,Nagpur Block-3 Village-5,goat,3,0,2,38.1,Animals isolated as precaution.,False,False,False,True,False,False,False,False,False,False,False,False,0.0,LOW
92,2026-05-08,Nagpur,Nagpur Block-3,Nagpur Block-3 Village-2,goat,4,0,4,38.8,Farmer requested urgent visit.,False,False,False,False,False,False,False,True,False,False,False,False,0.0,LOW
93,2026-05-08,Sambhajinagar,Sambhajinagar Block-2,Sambhajinagar Block-2 Village-4,buffalo,3,0,2,38.0,Similar cases seen in neighbouring herd.,False,False,False,False,False,True,False,False,False,False,False,False,0.0,LOW
94,2026-05-08,Pune,Pune Block-2,Pune Block-2 Village-5,cattle,2,0,2,,Similar cases seen in neighbouring herd.,False,False,False,True,True,False,False,False,False,False,False,False,0.0,LOW
95,2026-05-08,Nagpur,Nagpur Block-3,Nagpur Block-3 Village-1,cattle,4,0,3,37.7,,False,False,True,True,False,False,False,True,False,False,False,False,0.0,LOW
96,2026-05-08,Kolhapur,Kolhapur Block-3,Kolhapur Block-3 Village-3,buffalo,2,0,8,41.2,,True,False,True,True,False,False,True,True,False,False,False,False,0.0,LOW
97,2026-05-08,Kolhapur,Kolhapur Block-3,Kolhapur Block-3 Village-3,poultry,1,0,1,37.8,Similar cases seen in neighbouring herd.,False,True,True,False,False,False,False,True,False,False,False,False,0.0,LOW
98,2026-05-08,Pune,Pune Block-2,Pune Block-2 Village-1,sheep,9,0,2,39.7,Farmer requested urgent visit.,True,True,False,False,False,False,False,True,False,False,False,False,0.0,LOW
99,2026-05-08,Amravati,Amravati Block-2,Amravati Block-2 Village-1,cattle,2,0,2,39.1,Animals isolated as precaution.,False,False,True,True,False,True,False,False,False,False,False,False,0.0,LOW
100,2026-05-08,Amravati,Amravati Block-2,Amravati Block-2 Village-3,buffalo,3,0,6,40.2,,True,False,False,False,False,False,False,False,False,False,False,False,0.0,LOW
101,2026-05-08,Nashik,Nashik Block-2,Nashik Block-2 Village-4,sheep,9,1,5,,,False,False,False,True,False,False,False,False,False,True,False,False,0.111,LOW
102,2026-05-08,Sambhajinagar,Sambhajinagar Block-2,Sambhajinagar Block-2 Village-3,goat,3,0,1,38.3,,False,False,False,False,False,True,False,False,False,False,False,False,0.0,LOW
103,2026-05-08,Kolhapur,Kolhapur Block-3,Kolhapur Block-3 Village-1,buffalo,4,0,9,38.6,,False,False,False,False,False,False,False,True,False,False,False,False,0.0,LOW
104,2026-05-08,Nashik,Nashik Block-2,Nashik Block-2 Village-2,cattle,2,0,8,,,False,True,False,False,False,False,False,False,False,False,False,False,0.0,LOW
105,2026-05-08,Pune,Pune Block-2,Pune Block-2 Village-4,buffalo,4,0,7,39.7,,True,False,False,False,True,False,False,False,True,False,False,False,0.0,LOW
106,2026-05-08,Nashik,Nashik Block-3,Nashik Block-3 Village-3,buffalo,7,1,4,40.4,,True,False,False,False,False,False,False,False,True,False,False,False,0.143,LOW
107,2026-05-08,Amravati,Amravati Block-1,Amravati Block-1 Village-1,buffalo,4,0,4,,,True,False,False,True,False,False,False,False,False,False,False,False,0.0,LOW
108,2026-05-08,Pune,Pune Block-3,Pune Block-3 Village-5,buffalo,3,0,8,40.2,Similar cases seen in neighbouring herd.,True,False,False,False,False,False,False,False,False,False,False,False,0.0,LOW
109,2026-05-08,Sambhajinagar,Sambhajinagar Block-1,Sambhajinagar Block-1 Village-2,goat,3,0,9,41.5,Farmer requested urgent visit.,True,False,True,True,False,True,False,False,False,False,False,False,0.0,LOW
110,2026-05-08,Nagpur,Nagpur Block-3,Nagpur Block-3 Village-2,buffalo,2,0,4,38.1,Farmer requested urgent visit.,False,False,True,False,False,False,False,False,False,False,False,False,0.0,LOW
111,2026-05-08,Amravati,Amravati Block-3,Amravati Block-3 Village-5,cattle,2,0,8,,Reported by local field worker.,True,False,False,False,False,False,False,False,False,False,False,False,0.0,LOW
112,2026-05-08,Kolhapur,Kolhapur Block-1,Kolhapur Block-1 Village-5,cattle,2,0,8,,Animals isolated as precaution.,False,False,False,False,False,False,False,True,False,False,False,False,0.0,LOW
113,2026-05-08,Pune,Pune Block-1,Pune Block-1 Village-1,cattle,9,1,8,40.5,Reported by local field worker.,True,False,False,True,False,False,False,False,True,False,False,False,0.111,MEDIUM
114,2026-05-08,Sambhajinagar,Sambhajinagar Block-2,Sambhajinagar Block-2 Village-4,cattle,4,0,4,39.1,,False,True,False,False,False,False,True,False,False,False,True,False,0.0,MEDIUM
115,2026-05-08,Nagpur,Nagpur Block-3,Nagpur Block-3 Village-3,buffalo,4,0,7,40.8,Farmer requested urgent visit.,True,False,False,False,False,False,False,False,False,False,False,False,0.0,LOW
116,2026-05-08,Amravati,Amravati Block-2,Amravati Block-2 Village-2,goat,4,0,3,40.6,Reported by local field worker.,True,False,False,False,False,False,False,True,False,False,False,False,0.0,LOW
117,2026-05-08,Nagpur,Nagpur Block-3,Nagpur Block-3 Village-3,cattle,3,0,4,37.9,Reported by local field worker.,False,False,False,True,False,False,False,False,False,False,False,False,0.0,LOW
118,2026-05-08,Pune,Pune Block-3,Pune Block-3 Village-5,poultry,2,0,4,38.7,Reported by local field worker.,False,False,True,False,False,False,False,False,False,False,False,False,0.0,LOW
119,2026-05-08,Kolhapur,Kolhapur Block-2,Kolhapur Block-2 Village-4,poultry,1,0,3,37.8,,False,True,False,False,False,False,False,False,False,False,False,False,0.0,LOW
120,2026-05-08,Amravati,Amravati Block-2,Amravati Block-2 Village-1,buffalo,4,0,4,,,False,False,True,False,False,True,False,False,True,False,False,False,0.0,LOW
121,2026-05-08,Pune,Pune Block-3,Pune Block-3 Village-4,cattle,3,0,1,38.6,Animals isolated as precaution.,False,True,True,True,False,True,False,False,False,False,False,False,0.0,LOW
122,2026-05-08,Kolhapur,Kolhapur Block-2,Kolhapur Block-2 Village-3,poultry,2,0,2,39.0,Animals isolated as precaution.,False,False,True,False,False,True,False,False,False,False,False,False,0.0,LOW
123,2026-05-08,Kolhapur,Kolhapur Block-1,Kolhapur Block-1 Village-3,buffalo,4,0,7,,Similar cases seen in neighbouring herd.,False,False,False,True,False,False,False,False,False,False,False,False,0.0,LOW
124,2026-05-08,Kolhapur,Kolhapur Block-1,Kolhapur Block-1 Village-5,buffalo,1,0,7,41.1,Animals isolated as precaution.,True,False,False,False,True,False,False,False,False,False,False,False,0.0,LOW
125,2026-05-08,Kolhapur,Kolhapur Block-3,Kolhapur Block-3 Village-4,sheep,2,0,9,,Farmer requested urgent visit.,True,False,True,False,False,False,False,False,False,False,False,False,0.0,LOW
126,2026-05-09,Nagpur,Nagpur Block-1,Nagpur Block-1 Village-3,cattle,2,0,1,40.2,,True,False,True,False,False,False,False,False,False,False,False,False,0.0,LOW
127,2026-05-09,Amravati,Amravati Block-2,Amravati Block-2 Village-3,goat,3,0,2,37.8,,False,True,True,True,False,False,False,False,False,False,False,False,0.0,LOW
128,2026-05-09,Sambhajinagar,Sambhajinagar Block-3,Sambhajinagar Block-3 Village-2,goat,4,0,4,,Similar cases seen in neighbouring herd.,False,False,True,True,False,False,False,False,False,False,False,False,0.0,LOW
129,2026-05-09,Sambhajinagar,Sambhajinagar Block-1,Sambhajinagar Block-1 Village-4,cattle,3,0,6,,,False,True,False,False,False,False,False,False,False,False,False,False,0.0,LOW
130,2026-05-09,Nagpur,Nagpur Block-3,Nagpur Block-3 Village-2,cattle,4,0,5,39.7,Similar cases seen in neighbouring herd.,True,False,True,False,False,False,False,True,False,False,False,False,0.0,LOW
131,2026-05-09,Sambhajinagar,Sambhajinagar Block-3,Sambhajinagar Block-3 Village-1,poultry,5,1,7,40.5,,True,False,True,True,False,False,False,False,False,False,False,False,0.2,LOW
132,2026-05-09,Sambhajinagar,Sambhajinagar Block-3,Sambhajinagar Block-3 Village-3,poultry,4,0,5,39.0,,False,True,True,True,False,True,False,False,False,False,False,False,0.0,LOW
133,2026-05-09,Amravati,Amravati Block-3,Amravati Block-3 Village-4,buffalo,4,1,7,,Animals isolated as precaution.,True,True,False,False,True,False,False,False,False,False,False,False,0.25,LOW
134,2026-05-09,Kolhapur,Kolhapur Block-2,Kolhapur Block-2 Village-3,cattle,4,0,8,,,False,False,False,False,False,False,False,False,True,False,False,False,0.0,LOW
135,2026-05-09,Pune,Pune Block-2,Pune Block-2 Village-3,sheep,8,1,9,39.3,Reported by local field worker.,True,False,False,False,False,False,True,False,True,False,False,False,0.125,LOW
136,2026-05-09,Amravati,Amravati Block-3,Amravati Block-3 Village-3,cattle,2,0,3,,Farmer requested urgent visit.,False,False,True,True,True,True,False,False,True,False,False,False,0.0,LOW
137,2026-05-09,Nashik,Nashik Block-3,Nashik Block-3 Village-4,poultry,4,0,3,,Reported by local field worker.,True,False,False,False,True,False,False,False,False,False,False,False,0.0,LOW
138,2026-05-09,Nagpur,Nagpur Block-2,Nagpur Block-2 Village-2,cattle,9,1,7,38.4,Reported by local field worker.,False,True,False,False,False,False,True,False,False,False,False,False,0.111,LOW
139,2026-05-09,Amravati,Amravati Block-2,Amravati Block-2 Village-5,poultry,3,0,6,39.6,Similar cases seen in neighbouring herd.,True,True,False,False,False,True,False,False,False,False,False,False,0.0,LOW
140,2026-05-09,Sambhajinagar,Sambhajinagar Block-1,Sambhajinagar Block-1 Village-5,goat,9,1,9,38.1,Similar cases seen in neighbouring herd.,False,False,False,True,False,True,False,False,False,False,False,False,0.111,LOW
141,2026-05-09,Pune,Pune Block-1,Pune Block-1 Village-2,goat,2,0,4,37.9,Reported by local field worker.,False,False,False,False,False,False,True,False,False,False,False,False,0.0,LOW
142,2026-05-09,Amravati,Amravati Block-1,Amravati Block-1 Village-5,poultry,3,0,1,,,True,False,False,True,False,True,True,False,False,False,False,False,0.0,LOW
143,2026-05-09,Sambhajinagar,Sambhajinagar Block-3,Sambhajinagar Block-3 Village-5,poultry,2,0,4,38.4,,False,False,False,False,False,True,False,False,False,False,False,False,0.0,LOW
144,2026-05-09,Pune,Pune Block-1,Pune Block-1 Village-3,sheep,4,0,3,40.7,Similar cases seen in neighbouring herd.,True,False,False,False,False,False,True,False,False,False,False,False,0.0,LOW
145,2026-05-09,Amravati,Amravati Block-3,Amravati Block-3 Village-4,cattle,4,0,8,38.4,Animals isolated as precaution.,False,True,True,True,False,False,False,False,False,False,False,False,0.0,LOW
146,2026-05-09,Pune,Pune Block-1,Pune Block-1 Village-4,cattle,3,0,1,40.8,,True,True,False,False,False,False,False,False,False,True,False,False,0.0,LOW
147,2026-05-09,Kolhapur,Kolhapur Block-2,Kolhapur Block-2 Village-4,goat,7,1,1,39.8,,True,True,True,False,True,False,False,False,True,False,False,False,0.143,LOW
148,2026-05-09,Sambhajinagar,Sambhajinagar Block-1,Sambhajinagar Block-1 Village-2,poultry,4,0,1,40.3,,True,False,False,False,False,False,False,False,False,False,False,False,0.0,LOW
149,2026-05-09,Kolhapur,Kolhapur Block-1,Kolhapur Block-1 Village-1,cattle,3,0,4,38.3,,False,True,False,False,False,False,False,False,False,True,False,False,0.0,LOW
150,2026-05-09,Kolhapur,Kolhapur Block-3,Kolhapur Block-3 Village-5,sheep,2,0,2,41.3,,True,False,False,True,True,False,False,False,False,False,False,False,0.0,LOW
151,2026-05-09,Kolhapur,Kolhapur Block-2,Kolhapur Block-2 Village-4,poultry,15,4,3,,,True,True,True,True,False,True,True,False,False,True,False,False,0.267,MEDIUM
152,2026-05-09,Pune,Pune Block-1,Pune Block-1 Village-3,goat,1,0,5,,Animals isolated as precaution.,False,False,False,True,False,False,False,False,False,False,False,False,0.0,LOW
153,2026-05-09,Nagpur,Nagpur Block-3,Nagpur Block-3 Village-3,sheep,3,0,2,40.4,Reported by local field worker.,True,False,False,False,False,False,False,False,False,False,False,False,0.0,LOW
154,2026-05-09,Pune,Pune Block-1,Pune Block-1 Village-5,goat,1,0,9,38.7,,False,False,False,False,False,False,False,False,False,False,False,True,0.0,MEDIUM
155,2026-05-09,Sambhajinagar,Sambhajinagar Block-3,Sambhajinagar Block-3 Village-2,poultry,9,2,1,,Similar cases seen in neighbouring herd.,True,False,True,False,True,True,False,False,False,False,False,False,0.222,MEDIUM
156,2026-05-09,Nashik,Nashik Block-2,Nashik Block-2 Village-1,sheep,6,1,7,41.3,,True,True,False,True,False,False,False,False,False,False,False,False,0.167,LOW
157,2026-05-09,Nagpur,Nagpur Block-1,Nagpur Block-1 Village-1,poultry,1,0,7,,,False,False,False,False,False,True,False,False,False,False,False,False,0.0,LOW
158,2026-05-09,Nagpur,Nagpur Block-2,Nagpur Block-2 Village-4,sheep,3,0,7,38.8,,False,False,True,False,False,False,False,False,False,False,False,False,0.0,LOW
159,2026-05-09,Amravati,Amravati Block-1,Amravati Block-1 Village-1,poultry,4,0,2,38.2,,False,True,False,False,False,False,True,False,False,False,False,False,0.0,LOW
160,2026-05-09,Amravati,Amravati Block-2,Amravati Block-2 Village-2,goat,3,0,2,40.7,,True,False,False,False,False,False,False,False,False,False,False,False,0.0,LOW
161,2026-05-09,Nashik,Nashik Block-3,Nashik Block-3 Village-3,goat,1,0,7,37.7,Reported by local field worker.,False,False,False,True,False,False,False,False,False,False,False,False,0.0,LOW
162,2026-05-09,Kolhapur,Kolhapur Block-1,Kolhapur Block-1 Village-4,goat,4,0,8,39.1,,False,False,True,False,False,False,False,False,False,False,False,False,0.0,LOW
163,2026-05-09,Amravati,Amravati Block-2,Amravati Block-2 Village-3,goat,24,7,1,40.7,Animals isolated as precaution.,True,True,True,True,True,True,False,False,False,False,False,True,0.292,HIGH
164,2026-05-10,Nashik,Nashik Block-1,Nashik Block-1 Village-1,goat,10,5,1,39.5,,True,True,True,True,False,False,False,False,True,False,False,False,0.5,HIGH
165,2026-05-10,Nagpur,Nagpur Block-2,Nagpur Block-2 Village-3,goat,1,0,7,41.5,Reported by local field worker.,True,True,False,False,False,False,False,False,False,False,False,False,0.0,LOW
166,2026-05-10,Kolhapur,Kolhapur Block-3,Kolhapur Block-3 Village-2,cattle,1,0,6,,,True,False,True,False,False,False,False,False,True,False,False,False,0.0,LOW
167,2026-05-10,Nashik,Nashik Block-2,Nashik Block-2 Village-1,cattle,3,0,7,39.2,Animals isolated as precaution.,False,True,False,False,False,False,False,False,False,False,False,False,0.0,LOW
168,2026-05-10,Kolhapur,Kolhapur Block-3,Kolhapur Block-3 Village-3,buffalo,4,0,3,,,True,False,True,True,False,False,False,False,False,False,False,False,0.0,LOW
169,2026-05-10,Sambhajinagar,Sambhajinagar Block-2,Sambhajinagar Block-2 Village-3,goat,1,0,6,39.7,Reported by local field worker.,True,False,True,True,False,False,True,False,False,False,False,False,0.0,LOW
170,2026-05-10,Kolhapur,Kolhapur Block-3,Kolhapur Block-3 Village-4,sheep,2,0,6,,Reported by local field worker.,False,False,False,True,False,False,False,False,False,False,False,False,0.0,LOW
171,2026-05-10,Kolhapur,Kolhapur Block-3,Kolhapur Block-3 Village-2,poultry,4,0,1,38.3,Similar cases seen in neighbouring herd.,False,True,False,True,False,True,False,False,True,False,False,False,0.0,LOW
172,2026-05-10,Nagpur,Nagpur Block-1,Nagpur Block-1 Village-2,goat,1,0,8,38.8,Similar cases seen in neighbouring herd.,False,False,True,False,False,False,False,False,False,False,False,False,0.0,LOW
173,2026-05-10,Nashik,Nashik Block-3,Nashik Block-3 Village-5,buffalo,4,1,8,,Animals isolated as precaution.,True,True,False,True,False,False,False,False,False,False,False,False,0.25,LOW
174,2026-05-10,Sambhajinagar,Sambhajinagar Block-2,Sambhajinagar Block-2 Village-3,goat,6,1,4,40.5,Reported by local field worker.,True,True,False,True,True,False,True,False,False,False,False,False,0.167,MEDIUM
175,2026-05-10,Sambhajinagar,Sambhajinagar Block-1,Sambhajinagar Block-1 Village-3,buffalo,4,0,7,38.2,,False,True,False,False,False,False,False,False,False,False,True,False,0.0,MEDIUM
176,2026-05-10,Sambhajinagar,Sambhajinagar Block-3,Sambhajinagar Block-3 Village-3,sheep,1,0,9,39.0,Farmer requested urgent visit.,False,True,False,False,False,True,False,False,False,False,False,False,0.0,LOW
177,2026-05-10,Nashik,Nashik Block-1,Nashik Block-1 Village-4,cattle,1,0,3,39.4,Animals isolated as precaution.,True,False,False,False,False,False,False,False,False,False,False,False,0.0,LOW
178,2026-05-10,Nashik,Nashik Block-3,Nashik Block-3 Village-3,buffalo,1,0,7,38.6,Similar cases seen in neighbouring herd.,False,False,False,False,False,False,True,False,False,False,False,False,0.0,LOW
179,2026-05-10,Pune,Pune Block-1,Pune Block-1 Village-3,sheep,1,0,1,39.6,Farmer requested urgent visit.,True,True,False,False,False,False,False,False,False,False,False,False,0.0,LOW
180,2026-05-10,Nashik,Nashik Block-2,Nashik Block-2 Village-5,poultry,2,0,1,,,True,False,False,True,False,False,False,False,False,False,False,False,0.0,LOW
181,2026-05-10,Pune,Pune Block-1,Pune Block-1 Village-2,cattle,3,0,4,,,True,False,False,False,False,False,False,False,False,False,False,False,0.0,LOW
182,2026-05-10,Sambhajinagar,Sambhajinagar Block-1,Sambhajinagar Block-1 Village-5,cattle,4,0,9,,,False,False,False,False,False,True,False,False,False,False,False,False,0.0,LOW
183,2026-05-10,Pune,Pune Block-2,Pune Block-2 Village-4,sheep,4,0,6,38.4,Farmer requested urgent visit.,False,False,False,False,False,False,False,False,False,True,False,False,0.0,LOW
184,2026-05-10,Nagpur,Nagpur Block-2,Nagpur Block-2 Village-3,cattle,1,0,2,,Animals isolated as precaution.,False,False,False,False,True,False,False,False,False,False,False,False,0.0,LOW
185,2026-05-10,Sambhajinagar,Sambhajinagar Block-1,Sambhajinagar Block-1 Village-5,cattle,2,0,9,,Similar cases seen in neighbouring herd.,False,False,False,False,False,False,True,True,False,False,False,True,0.0,LOW
186,2026-05-10,Kolhapur,Kolhapur Block-1,Kolhapur Block-1 Village-2,cattle,4,0,8,39.0,Animals isolated as precaution.,False,False,False,False,True,False,False,False,False,False,False,False,0.0,LOW
187,2026-05-10,Sambhajinagar,Sambhajinagar Block-1,Sambhajinagar Block-1 Village-2,cattle,6,0,7,41.0,,True,False,False,True,False,False,False,False,False,False,False,False,0.0,LOW
188,2026-05-10,Sambhajinagar,Sambhajinagar Block-1,Sambhajinagar Block-1 Village-5,cattle,3,0,9,40.6,,True,False,False,True,False,False,True,False,False,False,False,False,0.0,LOW
189,2026-05-10,Amravati,Amravati Block-3,Amravati Block-3 Village-5,poultry,4,0,1,37.7,Similar cases seen in neighbouring herd.,False,True,False,False,False,True,False,False,False,False,False,False,0.0,LOW
190,2026-05-10,Kolhapur,Kolhapur Block-2,Kolhapur Block-2 Village-4,cattle,1,0,4,38.3,Animals isolated as precaution.,False,True,False,True,False,False,False,False,False,False,False,False,0.0,LOW
191,2026-05-10,Kolhapur,Kolhapur Block-2,Kolhapur Block-2 Village-2,cattle,5,1,2,,,True,True,False,True,True,False,False,False,False,False,False,False,0.2,LOW
192,2026-05-10,Nagpur,Nagpur Block-2,Nagpur Block-2 Village-4,buffalo,2,0,1,,Animals isolated as precaution.,False,False,False,True,True,False,False,False,False,False,False,False,0.0,LOW
193,2026-05-10,Nashik,Nashik Block-3,Nashik Block-3 Village-4,buffalo,1,0,8,37.8,Reported by local field worker.,False,True,False,False,False,True,False,False,False,False,False,False,0.0,LOW
194,2026-05-10,Pune,Pune Block-1,Pune Block-1 Village-4,goat,12,3,3,41.3,Animals isolated as precaution.,True,True,True,True,False,False,False,False,True,True,False,False,0.25,MEDIUM
195,2026-05-10,Kolhapur,Kolhapur Block-2,Kolhapur Block-2 Village-1,buffalo,4,0,6,,Animals isolated as precaution.,True,False,False,True,False,False,False,False,False,False,False,False,0.0,LOW
196,2026-05-10,Sambhajinagar,Sambhajinagar Block-3,Sambhajinagar Block-3 Village-5,cattle,4,0,7,,,False,False,True,False,False,False,False,False,False,False,False,False,0.0,LOW
197,2026-05-10,Amravati,Amravati Block-2,Amravati Block-2 Village-1,poultry,9,1,5,38.7,,False,False,True,False,False,False,True,False,False,True,False,False,0.111,LOW
198,2026-05-10,Pune,Pune Block-2,Pune Block-2 Village-3,poultry,1,0,1,40.5,Farmer requested urgent visit.,True,False,True,True,False,False,False,False,False,False,False,False,0.0,LOW
199,2026-05-10,Nashik,Nashik Block-1,Nashik Block-1 Village-2,goat,5,0,2,38.7,,False,False,True,True,False,False,False,False,True,False,False,False,0.0,LOW
200,2026-05-10,Nashik,Nashik Block-3,Nashik Block-3 Village-5,buffalo,4,0,1,,,False,False,False,False,True,True,False,False,False,True,False,False,0.0,LOW
201,2026-05-10,Nashik,Nashik Block-3,Nashik Block-3 Village-4,buffalo,1,0,5,41.0,Reported by local field worker.,True,False,True,False,False,False,False,True,False,False,False,False,0.0,LOW
202,2026-05-10,Nagpur,Nagpur Block-1,Nagpur Block-1 Village-4,buffalo,8,1,9,,Similar cases seen in neighbouring herd.,True,True,True,True,False,False,True,False,False,False,False,False,0.125,LOW
203,2026-05-10,Sambhajinagar,Sambhajinagar Block-1,Sambhajinagar Block-1 Village-2,sheep,4,0,4,38.0,,False,False,False,False,False,False,True,False,False,False,False,False,0.0,LOW
204,2026-05-10,Kolhapur,Kolhapur Block-2,Kolhapur Block-2 Village-2,goat,4,0,4,,Animals isolated as precaution.,False,False,False,False,False,True,False,False,False,False,False,False,0.0,LOW
205,2026-05-10,Kolhapur,Kolhapur Block-3,Kolhapur Block-3 Village-1,cattle,6,1,5,41.1,,True,False,True,True,False,False,False,True,False,False,False,False,0.167,LOW
206,2026-05-10,Sambhajinagar,Sambhajinagar Block-1,Sambhajinagar Block-1 Village-1,cattle,2,0,4,,,False,False,False,True,False,False,False,False,False,False,False,False,0.0,LOW
207,2026-05-10,Amravati,Amravati Block-2,Amravati Block-2 Village-2,buffalo,9,2,7,40.9,,True,False,False,False,True,True,False,False,False,True,False,False,0.222,MEDIUM
208,2026-05-10,Sambhajinagar,Sambhajinagar Block-2,Sambhajinagar Block-2 Village-2,poultry,4,0,2,40.6,Reported by local field worker.,True,True,True,False,False,True,False,False,True,False,False,False,0.0,LOW
209,2026-05-11,Nashik,Nashik Block-1,Nashik Block-1 Village-1,buffalo,23,11,2,40.2,,True,True,True,False,True,False,True,False,False,False,False,False,0.478,HIGH
210,2026-05-11,Nashik,Nashik Block-1,Nashik Block-1 Village-1,poultry,20,9,2,41.2,Animals isolated as precaution.,True,False,True,True,True,False,True,False,False,False,False,False,0.45,HIGH
211,2026-05-11,Nashik,Nashik Block-1,Nashik Block-1 Village-1,cattle,2,0,8,,,True,False,False,False,False,False,False,False,False,False,False,False,0.0,LOW
212,2026-05-11,Nashik,Nashik Block-1,Nashik Block-1 Village-1,goat,3,0,9,38.4,Reported by local field worker.,False,True,False,True,True,True,False,False,False,False,False,False,0.0,LOW
213,2026-05-11,Nashik,Nashik Block-1,Nashik Block-1 Village-1,poultry,9,2,4,39.0,,False,True,True,False,False,False,False,False,False,False,False,False,0.222,MEDIUM
214,2026-05-11,Nashik,Nashik Block-1,Nashik Block-1 Village-1,cattle,6,3,2,39.8,,True,True,False,True,False,False,False,True,False,False,False,True,0.5,HIGH
215,2026-05-11,Nagpur,Nagpur Block-2,Nagpur Block-2 Village-1,sheep,22,6,1,,Farmer requested urgent visit.,True,True,False,True,True,True,False,True,False,True,False,False,0.273,MEDIUM
216,2026-05-11,Kolhapur,Kolhapur Block-2,Kolhapur Block-2 Village-3,sheep,4,0,7,37.7,Farmer requested urgent visit.,False,False,False,False,False,False,False,False,False,True,True,False,0.0,MEDIUM
217,2026-05-11,Amravati,Amravati Block-2,Amravati Block-2 Village-3,buffalo,1,0,3,40.6,Animals isolated as precaution.,True,True,False,False,False,True,True,False,False,False,True,False,0.0,LOW
218,2026-05-11,Amravati,Amravati Block-1,Amravati Block-1 Village-4,cattle,3,0,2,39.0,,False,False,True,False,False,False,False,False,False,False,False,False,0.0,LOW
219,2026-05-11,Sambhajinagar,Sambhajinagar Block-1,Sambhajinagar Block-1 Village-1,cattle,4,0,1,38.5,Farmer requested urgent visit.,False,False,False,False,False,False,True,False,False,False,False,False,0.0,LOW
220,2026-05-11,Nashik,Nashik Block-3,Nashik Block-3 Village-1,cattle,5,0,6,,,True,True,True,False,False,False,True,False,False,False,False,False,0.0,LOW
221,2026-05-11,Nashik,Nashik Block-2,Nashik Block-2 Village-2,sheep,4,0,6,39.5,Reported by local field worker.,True,False,False,False,False,False,False,False,False,False,False,False,0.0,LOW
222,2026-05-11,Nashik,Nashik Block-1,Nashik Block-1 Village-1,sheep,4,0,4,,Farmer requested urgent visit.,False,True,True,False,False,False,False,False,False,False,False,False,0.0,LOW
223,2026-05-11,Nashik,Nashik Block-3,Nashik Block-3 Village-2,cattle,2,0,9,,Farmer requested urgent visit.,True,True,False,False,False,True,False,True,False,False,False,True,0.0,MEDIUM
224,2026-05-11,Pune,Pune Block-1,Pune Block-1 Village-2,cattle,4,0,1,,,False,True,False,True,False,False,False,False,False,False,False,False,0.0,LOW
225,2026-05-11,Kolhapur,Kolhapur Block-2,Kolhapur Block-2 Village-4,goat,2,0,1,41.0,,True,True,False,True,True,True,False,False,True,False,False,False,0.0,LOW
226,2026-05-11,Kolhapur,Kolhapur Block-1,Kolhapur Block-1 Village-4,cattle,2,0,2,38.5,Farmer requested urgent visit.,False,False,True,False,False,False,False,False,False,False,False,False,0.0,LOW
227,2026-05-11,Pune,Pune Block-1,Pune Block-1 Village-5,cattle,3,0,5,38.9,Reported by local field worker.,False,False,False,False,False,True,False,False,False,False,False,False,0.0,LOW
228,2026-05-11,Nagpur,Nagpur Block-1,Nagpur Block-1 Village-2,buffalo,1,0,3,40.7,Farmer requested urgent visit.,True,False,False,False,False,True,False,False,False,False,False,False,0.0,LOW
229,2026-05-11,Sambhajinagar,Sambhajinagar Block-3,Sambhajinagar Block-3 Village-5,goat,3,0,4,39.6,Reported by local field worker.,True,True,False,True,False,True,True,False,False,False,False,True,0.0,MEDIUM
230,2026-05-11,Sambhajinagar,Sambhajinagar Block-2,Sambhajinagar Block-2 Village-5,buffalo,2,0,1,,,True,True,False,False,False,False,False,False,False,False,False,False,0.0,LOW
231,2026-05-11,Nashik,Nashik Block-2,Nashik Block-2 Village-4,goat,3,0,6,,Reported by local field worker.,True,False,True,True,False,False,False,False,False,False,False,False,0.0,LOW
232,2026-05-11,Sambhajinagar,Sambhajinagar Block-2,Sambhajinagar Block-2 Village-3,buffalo,4,0,4,37.8,Animals isolated as precaution.,False,False,False,True,False,False,False,False,False,False,False,False,0.0,LOW
233,2026-05-11,Nashik,Nashik Block-1,Nashik Block-1 Village-3,goat,4,0,3,,,True,True,False,False,False,False,False,False,False,False,False,False,0.0,LOW
234,2026-05-11,Sambhajinagar,Sambhajinagar Block-3,Sambhajinagar Block-3 Village-1,buffalo,18,8,3,39.9,Farmer requested urgent visit.,True,True,True,True,True,True,False,False,False,False,False,False,0.444,HIGH
235,2026-05-11,Amravati,Amravati Block-1,Amravati Block-1 Village-5,goat,2,0,8,39.9,Similar cases seen in neighbouring herd.,True,True,False,False,False,False,False,False,False,False,False,False,0.0,LOW
236,2026-05-11,Sambhajinagar,Sambhajinagar Block-3,Sambhajinagar Block-3 Village-5,cattle,2,0,5,38.6,Animals isolated as precaution.,False,False,False,True,False,False,False,True,False,False,False,False,0.0,LOW
237,2026-05-11,Kolhapur,Kolhapur Block-3,Kolhapur Block-3 Village-4,cattle,3,0,1,39.2,,False,True,True,False,False,True,False,False,False,False,False,False,0.0,LOW
238,2026-05-11,Amravati,Amravati Block-1,Amravati Block-1 Village-5,cattle,2,0,3,40.7,Similar cases seen in neighbouring herd.,True,False,False,False,False,True,False,False,False,False,False,False,0.0,LOW
239,2026-05-11,Amravati,Amravati Block-1,Amravati Block-1 Village-1,poultry,3,0,6,38.6,,False,False,True,True,False,False,False,False,False,False,False,False,0.0,LOW
240,2026-05-11,Sambhajinagar,Sambhajinagar Block-3,Sambhajinagar Block-3 Village-2,cattle,2,0,1,38.8,Animals isolated as precaution.,False,True,False,True,True,False,False,False,False,True,True,False,0.0,MEDIUM
241,2026-05-11,Nagpur,Nagpur Block-3,Nagpur Block-3 Village-1,buffalo,11,6,2,41.3,Farmer requested urgent visit.,True,True,True,True,True,False,False,True,False,False,False,False,0.545,HIGH
242,2026-05-11,Nagpur,Nagpur Block-3,Nagpur Block-3 Village-3,goat,2,0,5,37.7,Animals isolated as precaution.,False,False,False,False,True,False,False,False,False,False,False,False,0.0,LOW
243,2026-05-11,Kolhapur,Kolhapur Block-2,Kolhapur Block-2 Village-1,cattle,1,0,3,41.4,Animals isolated as precaution.,True,False,True,True,False,True,False,False,True,True,False,False,0.0,LOW
244,2026-05-11,Nagpur,Nagpur Block-2,Nagpur Block-2 Village-3,cattle,1,0,7,38.5,Similar cases seen in neighbouring herd.,False,True,False,False,False,False,False,False,False,False,False,False,0.0,LOW
245,2026-05-11,Sambhajinagar,Sambhajinagar Block-2,Sambhajinagar Block-2 Village-5,cattle,8,1,9,40.6,,True,True,False,True,True,True,False,False,False,False,False,False,0.125,LOW
246,2026-05-11,Amravati,Amravati Block-1,Amravati Block-1 Village-1,buffalo,1,0,3,,Animals isolated as precaution.,False,True,False,True,True,True,False,False,True,False,False,False,0.0,LOW
247,2026-05-11,Kolhapur,Kolhapur Block-1,Kolhapur Block-1 Village-2,poultry,22,12,1,39.9,,True,True,False,False,False,False,True,False,False,False,False,False,0.545,HIGH
248,2026-05-11,Amravati,Amravati Block-3,Amravati Block-3 Village-5,poultry,3,0,9,41.4,Reported by local field worker.,True,False,False,False,True,True,False,False,False,False,False,False,0.0,LOW
249,2026-05-11,Pune,Pune Block-1,Pune Block-1 Village-1,goat,4,0,4,,Farmer requested urgent visit.,False,False,False,False,False,False,False,True,False,False,False,False,0.0,LOW
250,2026-05-11,Pune,Pune Block-1,Pune Block-1 Village-5,goat,3,0,6,40.4,Animals isolated as precaution.,True,False,False,False,False,False,False,False,False,False,False,False,0.0,LOW
251,2026-05-11,Sambhajinagar,Sambhajinagar Block-3,Sambhajinagar Block-3 Village-3,buffalo,4,0,7,40.0,Reported by local field worker.,True,True,False,False,False,False,False,False,False,False,True,False,0.0,MEDIUM
252,2026-05-11,Sambhajinagar,Sambhajinagar Block-1,Sambhajinagar Block-1 Village-2,cattle,4,0,8,40.7,Farmer requested urgent visit.,True,True,False,False,False,True,False,False,True,False,False,False,0.0,LOW
253,2026-05-11,Kolhapur,Kolhapur Block-3,Kolhapur Block-3 Village-1,sheep,2,0,2,,,True,False,False,False,False,True,True,False,False,False,True,False,0.0,MEDIUM
254,2026-05-11,Amravati,Amravati Block-3,Amravati Block-3 Village-3,goat,2,0,8,38.0,Reported by local field worker.,False,True,False,False,False,False,False,False,True,False,False,False,0.0,LOW
255,2026-05-11,Sambhajinagar,Sambhajinagar Block-2,Sambhajinagar Block-2 Village-3,sheep,4,0,9,,Reported by local field worker.,False,False,False,False,True,False,False,False,False,False,False,False,0.0,LOW
256,2026-05-11,Kolhapur,Kolhapur Block-1,Kolhapur Block-1 Village-3,buffalo,1,0,8,38.8,Reported by local field worker.,False,False,True,False,True,False,False,False,False,False,False,True,0.0,MEDIUM
257,2026-05-11,Pune,Pune Block-1,Pune Block-1 Village-4,goat,7,0,8,38.2,Animals isolated as precaution.,False,False,False,True,False,False,True,False,False,False,False,False,0.0,LOW
258,2026-05-11,Sambhajinagar,Sambhajinagar Block-1,Sambhajinagar Block-1 Village-3,goat,4,0,6,38.5,Animals isolated as precaution.,False,False,False,False,False,False,False,False,True,False,False,False,0.0,LOW
259,2026-05-11,Kolhapur,Kolhapur Block-2,Kolhapur Block-2 Village-1,goat,21,8,2,40.6,,True,True,True,True,True,False,False,True,True,False,False,False,0.381,HIGH
260,2026-05-11,Nagpur,Nagpur Block-3,Nagpur Block-3 Village-2,cattle,1,0,3,38.9,Similar cases seen in neighbouring herd.,False,True,False,True,False,False,False,False,False,False,False,False,0.0,LOW
261,2026-05-12,Nashik,Nashik Block-1,Nashik Block-1 Village-1,sheep,5,1,9,41.0,Reported by local field worker.,True,False,True,False,True,False,False,False,False,False,False,False,0.2,LOW
262,2026-05-12,Nashik,Nashik Block-1,Nashik Block-1 Village-3,cattle,9,1,3,40.9,Similar cases seen in neighbouring herd.,True,True,True,False,False,False,False,False,False,False,False,False,0.111,LOW
263,2026-05-12,Nagpur,Nagpur Block-1,Nagpur Block-1 Village-3,cattle,2,0,7,39.6,Similar cases seen in neighbouring herd.,True,False,False,False,True,False,True,False,False,False,False,False,0.0,LOW
264,2026-05-12,Nashik,Nashik Block-3,Nashik Block-3 Village-3,buffalo,2,0,2,,,False,True,False,False,False,False,False,False,False,False,False,False,0.0,LOW
265,2026-05-12,Nashik,Nashik Block-2,Nashik Block-2 Village-2,buffalo,2,0,8,40.4,Animals isolated as precaution.,True,False,False,True,False,False,False,False,True,False,False,False,0.0,LOW
266,2026-05-12,Nagpur,Nagpur Block-3,Nagpur Block-3 Village-5,buffalo,1,0,4,41.4,,True,False,False,False,False,False,False,False,False,False,False,False,0.0,LOW
267,2026-05-12,Kolhapur,Kolhapur Block-3,Kolhapur Block-3 Village-5,buffalo,3,0,2,38.4,,False,False,True,False,False,False,False,False,False,False,False,False,0.0,LOW
268,2026-05-12,Nashik,Nashik Block-1,Nashik Block-1 Village-1,goat,4,0,7,,,False,False,False,False,False,False,False,True,False,False,False,False,0.0,LOW
269,2026-05-12,Pune,Pune Block-2,Pune Block-2 Village-1,sheep,3,0,5,,Reported by local field worker.,True,True,False,False,False,True,True,False,False,False,False,False,0.0,LOW
270,2026-05-12,Sambhajinagar,Sambhajinagar Block-1,Sambhajinagar Block-1 Village-1,cattle,8,1,5,,,False,True,False,True,True,True,False,False,False,False,False,True,0.125,HIGH
271,2026-05-12,Nashik,Nashik Block-1,Nashik Block-1 Village-3,sheep,3,0,7,,Farmer requested urgent visit.,False,True,False,False,False,False,False,True,False,False,False,False,0.0,LOW
272,2026-05-12,Nagpur,Nagpur Block-2,Nagpur Block-2 Village-1,buffalo,4,0,7,,,True,False,False,False,False,False,False,True,True,False,False,False,0.0,LOW
273,2026-05-12,Sambhajinagar,Sambhajinagar Block-3,Sambhajinagar Block-3 Village-1,cattle,4,0,7,41.1,Reported by local field worker.,True,False,True,False,False,False,False,False,False,False,False,False,0.0,LOW
274,2026-05-12,Kolhapur,Kolhapur Block-1,Kolhapur Block-1 Village-4,goat,3,0,4,40.3,Reported by local field worker.,True,True,False,True,False,False,True,False,False,False,False,False,0.0,LOW
275,2026-05-12,Amravati,Amravati Block-2,Amravati Block-2 Village-1,sheep,3,0,2,,Farmer requested urgent visit.,False,False,False,True,False,False,True,True,False,False,False,True,0.0,MEDIUM
276,2026-05-12,Nashik,Nashik Block-3,Nashik Block-3 Village-2,cattle,4,0,2,37.9,Farmer requested urgent visit.,False,False,True,False,True,False,False,False,False,False,False,False,0.0,LOW
277,2026-05-12,Amravati,Amravati Block-3,Amravati Block-3 Village-2,goat,3,0,4,39.1,Animals isolated as precaution.,False,False,True,False,False,False,False,False,False,False,False,False,0.0,LOW
278,2026-05-12,Nagpur,Nagpur Block-3,Nagpur Block-3 Village-5,sheep,4,0,5,,Animals isolated as precaution.,False,False,True,False,False,False,False,False,False,False,False,False,0.0,LOW
279,2026-05-12,Nashik,Nashik Block-3,Nashik Block-3 Village-5,goat,4,0,9,38.4,,False,True,False,True,False,False,True,False,False,False,False,False,0.0,LOW
280,2026-05-12,Amravati,Amravati Block-2,Amravati Block-2 Village-1,cattle,3,0,6,38.9,Reported by local field worker.,False,False,False,False,True,False,False,False,False,False,False,False,0.0,LOW
281,2026-05-12,Nagpur,Nagpur Block-2,Nagpur Block-2 Village-1,cattle,2,0,4,37.6,,False,False,True,False,False,False,False,True,False,False,False,False,0.0,LOW
282,2026-05-12,Sambhajinagar,Sambhajinagar Block-3,Sambhajinagar Block-3 Village-3,poultry,4,0,5,,Similar cases seen in neighbouring herd.,True,True,False,False,False,False,False,False,False,False,False,False,0.0,LOW
283,2026-05-12,Kolhapur,Kolhapur Block-2,Kolhapur Block-2 Village-1,buffalo,1,0,4,40.8,Reported by local field worker.,True,True,False,False,False,False,False,False,True,False,False,False,0.0,LOW
284,2026-05-12,Pune,Pune Block-1,Pune Block-1 Village-1,cattle,1,0,4,,,False,False,False,False,False,False,False,False,False,False,True,False,0.0,LOW
285,2026-05-12,Kolhapur,Kolhapur Block-3,Kolhapur Block-3 Village-2,poultry,2,0,6,39.9,,True,False,False,True,False,False,False,False,False,False,False,False,0.0,LOW
286,2026-05-12,Sambhajinagar,Sambhajinagar Block-2,Sambhajinagar Block-2 Village-5,goat,2,0,2,41.4,Animals isolated as precaution.,True,False,False,False,False,True,False,False,False,False,False,False,0.0,LOW
287,2026-05-12,Kolhapur,Kolhapur Block-1,Kolhapur Block-1 Village-3,cattle,1,0,2,38.1,Farmer requested urgent visit.,False,False,False,False,True,False,False,False,False,False,False,False,0.0,LOW
288,2026-05-12,Nashik,Nashik Block-1,Nashik Block-1 Village-1,poultry,4,0,7,,Animals isolated as precaution.,True,False,False,True,True,False,False,False,False,False,False,False,0.0,LOW
289,2026-05-12,Pune,Pune Block-3,Pune Block-3 Village-5,goat,3,0,6,38.9,,False,False,False,False,False,True,False,False,False,False,False,False,0.0,LOW
290,2026-05-12,Nagpur,Nagpur Block-3,Nagpur Block-3 Village-4,sheep,2,0,5,39.8,Farmer requested urgent visit.,True,False,False,False,False,False,False,True,False,False,False,False,0.0,LOW
291,2026-05-12,Kolhapur,Kolhapur Block-3,Kolhapur Block-3 Village-1,cattle,1,0,6,40.5,Similar cases seen in neighbouring herd.,True,False,False,False,False,False,True,False,False,False,False,False,0.0,LOW
292,2026-05-12,Nagpur,Nagpur Block-2,Nagpur Block-2 Village-1,goat,2,0,3,,Similar cases seen in neighbouring herd.,True,True,False,False,False,True,False,False,False,False,False,False,0.0,LOW
293,2026-05-13,Nashik,Nashik Block-1,Nashik Block-1 Village-1,cattle,7,2,2,,Reported by local field worker.,True,False,False,True,False,True,True,False,True,False,False,False,0.286,MEDIUM
294,2026-05-13,Nashik,Nashik Block-1,Nashik Block-1 Village-1,cattle,20,10,3,41.2,Reported by local field worker.,True,False,True,True,False,True,False,False,True,False,False,False,0.5,HIGH
295,2026-05-13,Nashik,Nashik Block-1,Nashik Block-1 Village-1,poultry,23,8,2,,Farmer requested urgent visit.,True,True,True,True,False,False,False,False,False,False,False,False,0.348,HIGH
296,2026-05-13,Nashik,Nashik Block-1,Nashik Block-1 Village-1,cattle,5,1,8,39.0,,False,True,False,True,False,False,True,False,False,False,False,False,0.2,LOW
297,2026-05-13,Pune,Pune Block-3,Pune Block-3 Village-2,cattle,4,1,2,41.3,Animals isolated as precaution.,True,True,True,True,True,True,True,False,True,True,False,False,0.25,MEDIUM
298,2026-05-13,Amravati,Amravati Block-1,Amravati Block-1 Village-5,cattle,1,0,5,,Similar cases seen in neighbouring herd.,False,False,False,False,False,False,True,False,False,False,False,False,0.0,LOW
299,2026-05-13,Nashik,Nashik Block-3,Nashik Block-3 Village-5,sheep,5,0,4,40.2,Farmer requested urgent visit.,True,False,False,False,True,False,True,False,True,False,False,False,0.0,LOW
300,2026-05-13,Sambhajinagar,Sambhajinagar Block-2,Sambhajinagar Block-2 Village-5,cattle,6,1,3,39.6,,True,True,False,True,True,False,False,False,False,False,True,False,0.167,HIGH
301,2026-05-13,Sambhajinagar,Sambhajinagar Block-1,Sambhajinagar Block-1 Village-1,goat,3,0,9,40.4,Similar cases seen in neighbouring herd.,True,False,False,False,True,False,False,False,False,False,False,False,0.0,LOW
302,2026-05-13,Nagpur,Nagpur Block-1,Nagpur Block-1 Village-1,goat,1,0,2,,,True,False,True,False,False,True,False,False,False,False,False,False,0.0,LOW
303,2026-05-13,Amravati,Amravati Block-1,Amravati Block-1 Village-3,goat,1,0,9,40.7,Farmer requested urgent visit.,True,True,False,False,False,True,False,False,False,False,False,False,0.0,LOW
304,2026-05-13,Nagpur,Nagpur Block-2,Nagpur Block-2 Village-1,buffalo,7,1,3,38.3,Farmer requested urgent visit.,False,False,False,False,False,True,False,True,True,False,False,False,0.143,MEDIUM
305,2026-05-13,Nagpur,Nagpur Block-3,Nagpur Block-3 Village-2,cattle,3,0,3,39.6,Farmer requested urgent visit.,True,False,False,False,False,False,False,False,False,False,False,False,0.0,LOW
306,2026-05-13,Pune,Pune Block-2,Pune Block-2 Village-1,goat,3,0,6,39.0,,False,False,True,False,False,False,False,False,False,False,False,False,0.0,LOW
307,2026-05-13,Pune,Pune Block-1,Pune Block-1 Village-4,cattle,1,0,1,38.6,Animals isolated as precaution.,False,False,False,False,False,True,False,True,False,False,False,True,0.0,LOW
308,2026-05-13,Amravati,Amravati Block-2,Amravati Block-2 Village-1,goat,4,0,1,39.2,,False,False,False,True,False,False,False,False,False,False,True,False,0.0,LOW
309,2026-05-13,Pune,Pune Block-2,Pune Block-2 Village-2,goat,4,0,6,38.9,Similar cases seen in neighbouring herd.,False,False,False,False,False,False,False,False,False,False,True,False,0.0,MEDIUM
310,2026-05-13,Nagpur,Nagpur Block-1,Nagpur Block-1 Village-4,sheep,3,0,5,41.2,Farmer requested urgent visit.,True,False,False,False,False,False,False,False,False,False,False,False,0.0,LOW
311,2026-05-13,Kolhapur,Kolhapur Block-2,Kolhapur Block-2 Village-2,buffalo,3,0,3,39.8,,True,False,False,False,False,False,False,False,False,False,False,False,0.0,LOW
312,2026-05-13,Nagpur,Nagpur Block-3,Nagpur Block-3 Village-2,buffalo,2,0,6,40.6,,True,False,False,False,False,True,True,False,False,False,False,False,0.0,LOW
313,2026-05-13,Amravati,Amravati Block-2,Amravati Block-2 Village-1,cattle,3,0,8,,,True,False,False,False,False,False,False,False,False,False,False,False,0.0,LOW
314,2026-05-13,Amravati,Amravati Block-1,Amravati Block-1 Village-1,cattle,2,0,3,38.2,Reported by local field worker.,False,True,False,False,False,True,False,False,False,False,False,False,0.0,LOW
315,2026-05-13,Sambhajinagar,Sambhajinagar Block-3,Sambhajinagar Block-3 Village-2,buffalo,1,0,4,38.0,Reported by local field worker.,False,False,False,False,False,False,False,False,True,False,False,False,0.0,LOW
316,2026-05-13,Sambhajinagar,Sambhajinagar Block-3,Sambhajinagar Block-3 Village-4,cattle,17,3,1,41.2,Animals isolated as precaution.,True,False,False,True,False,False,True,False,False,True,False,False,0.176,MEDIUM
317,2026-05-13,Nashik,Nashik Block-3,Nashik Block-3 Village-2,poultry,4,0,6,,,False,False,False,False,False,False,False,False,False,True,False,False,0.0,LOW
318,2026-05-13,Kolhapur,Kolhapur Block-3,Kolhapur Block-3 Village-2,buffalo,4,0,3,,,True,False,False,False,False,True,False,False,False,False,False,False,0.0,LOW
319,2026-05-13,Amravati,Amravati Block-3,Amravati Block-3 Village-2,sheep,4,0,2,,Animals isolated as precaution.,False,True,False,True,False,False,False,False,False,False,False,False,0.0,LOW
320,2026-05-13,Kolhapur,Kolhapur Block-3,Kolhapur Block-3 Village-4,cattle,1,0,6,37.8,Farmer requested urgent visit.,False,False,False,False,False,False,True,True,False,False,False,False,0.0,LOW
321,2026-05-13,Nashik,Nashik Block-3,Nashik Block-3 Village-1,sheep,4,0,3,39.9,Farmer requested urgent visit.,True,False,False,False,False,True,False,False,True,False,False,False,0.0,LOW
322,2026-05-13,Nashik,Nashik Block-1,Nashik Block-1 Village-2,buffalo,2,0,5,,,True,False,True,False,False,True,False,False,False,False,False,False,0.0,LOW
323,2026-05-13,Amravati,Amravati Block-1,Amravati Block-1 Village-4,goat,17,6,3,,Reported by local field worker.,True,True,True,True,True,True,True,True,True,False,False,False,0.353,HIGH
324,2026-05-13,Kolhapur,Kolhapur Block-1,Kolhapur Block-1 Village-4,buffalo,18,4,1,,Similar cases seen in neighbouring herd.,True,True,True,False,True,True,False,False,False,False,False,False,0.222,MEDIUM
325,2026-05-13,Sambhajinagar,Sambhajinagar Block-3,Sambhajinagar Block-3 Village-3,goat,5,1,3,37.6,Farmer requested urgent visit.,False,False,True,True,False,False,False,False,False,False,False,False,0.2,MEDIUM
326,2026-05-13,Nagpur,Nagpur Block-3,Nagpur Block-3 Village-2,poultry,2,0,4,,Farmer requested urgent visit.,False,False,False,False,True,False,False,False,False,False,False,False,0.0,LOW
327,2026-05-13,Amravati,Amravati Block-1,Amravati Block-1 Village-5,goat,1,0,3,38.8,,False,True,False,True,False,False,True,False,False,False,False,False,0.0,LOW
328,2026-05-13,Amravati,Amravati Block-2,Amravati Block-2 Village-3,buffalo,1,0,2,,,True,True,False,False,False,False,False,False,False,False,False,False,0.0,LOW
329,2026-05-13,Sambhajinagar,Sambhajinagar Block-1,Sambhajinagar Block-1 Village-4,buffalo,1,0,2,39.6,Reported by local field worker.,True,False,True,False,False,False,False,False,False,True,False,False,0.0,LOW
330,2026-05-13,Nashik,Nashik Block-3,Nashik Block-3 Village-1,cattle,1,0,6,39.5,Farmer requested urgent visit.,True,False,False,True,False,False,False,False,True,False,False,False,0.0,LOW
331,2026-05-13,Amravati,Amravati Block-1,Amravati Block-1 Village-5,cattle,1,0,9,,Animals isolated as precaution.,True,False,False,False,False,False,False,False,False,False,False,False,0.0,LOW
332,2026-05-13,Nashik,Nashik Block-3,Nashik Block-3 Village-1,buffalo,1,0,8,39.2,Similar cases seen in neighbouring herd.,False,False,False,False,True,False,False,False,False,False,False,False,0.0,LOW
333,2026-05-13,Kolhapur,Kolhapur Block-2,Kolhapur Block-2 Village-3,cattle,1,0,3,40.3,,True,True,False,True,False,True,False,False,False,False,False,False,0.0,LOW
334,2026-05-13,Pune,Pune Block-3,Pune Block-3 Village-5,goat,2,0,8,40.3,,True,False,True,True,False,False,False,False,False,False,False,False,0.0,LOW
335,2026-05-13,Pune,Pune Block-1,Pune Block-1 Village-1,goat,3,0,9,38.0,,False,False,False,False,True,False,False,False,False,False,False,False,0.0,LOW
336,2026-05-13,Amravati,Amravati Block-3,Amravati Block-3 Village-1,cattle,2,0,3,37.9,,False,False,False,False,False,False,False,False,False,False,False,True,0.0,LOW
337,2026-05-14,Nashik,Nashik Block-1,Nashik Block-1 Village-1,cattle,20,9,3,40.9,,True,False,True,True,False,False,True,True,False,False,False,False,0.45,HIGH
338,2026-05-14,Nashik,Nashik Block-1,Nashik Block-1 Village-1,poultry,20,5,1,40.0,,True,True,True,False,False,True,False,False,False,False,False,False,0.25,MEDIUM
339,2026-05-14,Pune,Pune Block-3,Pune Block-3 Village-2,cattle,20,6,2,41.2,Similar cases seen in neighbouring herd.,True,False,True,True,False,True,False,False,False,False,False,False,0.3,HIGH
340,2026-05-14,Amravati,Amravati Block-1,Amravati Block-1 Village-5,sheep,1,0,4,,,False,False,False,True,False,True,False,False,False,False,False,False,0.0,LOW
341,2026-05-14,Amravati,Amravati Block-2,Amravati Block-2 Village-3,buffalo,2,0,8,40.0,Similar cases seen in neighbouring herd.,True,False,False,False,False,False,False,False,True,False,False,False,0.0,LOW
342,2026-05-14,Pune,Pune Block-3,Pune Block-3 Village-2,buffalo,8,2,3,40.4,Reported by local field worker.,True,True,True,False,True,False,False,False,True,False,False,False,0.25,MEDIUM
343,2026-05-14,Nashik,Nashik Block-3,Nashik Block-3 Village-2,cattle,2,0,9,,Farmer requested urgent visit.,False,False,False,False,True,False,False,False,False,False,False,False,0.0,LOW
344,2026-05-14,Pune,Pune Block-1,Pune Block-1 Village-4,cattle,2,0,8,,Reported by local field worker.,False,False,True,False,False,False,False,False,False,False,False,False,0.0,LOW
345,2026-05-14,Amravati,Amravati Block-3,Amravati Block-3 Village-4,goat,9,0,3,,Farmer requested urgent visit.,True,False,False,True,False,False,False,False,False,False,False,False,0.0,LOW
346,2026-05-14,Nagpur,Nagpur Block-3,Nagpur Block-3 Village-1,goat,4,0,8,,Farmer requested urgent visit.,True,False,False,False,False,False,False,False,False,False,False,False,0.0,LOW
347,2026-05-14,Pune,Pune Block-1,Pune Block-1 Village-4,poultry,4,0,6,,,True,True,False,False,False,False,False,False,False,False,False,False,0.0,LOW
348,2026-05-14,Nashik,Nashik Block-1,Nashik Block-1 Village-3,cattle,1,0,5,,Farmer requested urgent visit.,False,True,False,True,False,True,False,False,False,False,False,False,0.0,LOW
349,2026-05-14,Nashik,Nashik Block-2,Nashik Block-2 Village-1,sheep,3,0,8,,Animals isolated as precaution.,False,False,False,True,False,False,True,False,False,False,False,False,0.0,LOW
350,2026-05-14,Amravati,Amravati Block-1,Amravati Block-1 Village-5,cattle,3,0,9,38.8,,False,True,False,False,False,False,False,False,False,False,False,False,0.0,LOW
351,2026-05-14,Amravati,Amravati Block-1,Amravati Block-1 Village-1,goat,2,0,3,,,False,False,False,True,False,False,False,False,False,False,False,False,0.0,LOW
352,2026-05-14,Pune,Pune Block-2,Pune Block-2 Village-1,buffalo,1,0,2,38.2,Similar cases seen in neighbouring herd.,False,True,False,False,False,False,False,False,False,False,False,False,0.0,LOW
353,2026-05-14,Kolhapur,Kolhapur Block-1,Kolhapur Block-1 Village-1,goat,13,5,3,39.7,Reported by local field worker.,True,True,False,True,True,False,False,False,False,True,False,False,0.385,MEDIUM
354,2026-05-14,Amravati,Amravati Block-1,Amravati Block-1 Village-1,cattle,7,0,4,40.8,Animals isolated as precaution.,True,False,True,True,False,False,False,False,False,False,False,False,0.0,LOW
355,2026-05-14,Nagpur,Nagpur Block-3,Nagpur Block-3 Village-3,buffalo,9,1,2,37.9,Similar cases seen in neighbouring herd.,False,True,False,True,False,True,False,False,False,False,False,True,0.111,MEDIUM
356,2026-05-14,Nashik,Nashik Block-2,Nashik Block-2 Village-1,buffalo,1,0,3,,Similar cases seen in neighbouring herd.,False,False,False,True,False,False,True,False,False,False,False,False,0.0,LOW
357,2026-05-14,Pune,Pune Block-2,Pune Block-2 Village-2,goat,4,0,6,39.0,,False,False,False,False,False,False,True,False,False,False,False,False,0.0,LOW
358,2026-05-14,Amravati,Amravati Block-3,Amravati Block-3 Village-4,cattle,6,0,7,39.0,Reported by local field worker.,False,False,True,False,False,True,True,False,False,False,False,False,0.0,LOW
359,2026-05-14,Kolhapur,Kolhapur Block-2,Kolhapur Block-2 Village-1,goat,3,0,3,40.2,,True,False,False,False,False,False,False,False,False,False,False,False,0.0,LOW
360,2026-05-14,Amravati,Amravati Block-3,Amravati Block-3 Village-1,cattle,3,0,9,38.1,,False,False,True,False,False,False,False,True,False,False,False,False,0.0,LOW
361,2026-05-14,Sambhajinagar,Sambhajinagar Block-1,Sambhajinagar Block-1 Village-3,sheep,2,0,7,38.5,Farmer requested urgent visit.,False,False,False,True,True,True,False,False,True,False,False,False,0.0,LOW
362,2026-05-14,Nashik,Nashik Block-3,Nashik Block-3 Village-3,buffalo,3,0,2,40.3,,True,False,False,False,True,False,False,False,False,False,False,False,0.0,LOW
363,2026-05-14,Amravati,Amravati Block-1,Amravati Block-1 Village-2,goat,2,0,9,38.6,Similar cases seen in neighbouring herd.,False,False,False,False,False,True,False,False,False,False,False,False,0.0,LOW
364,2026-05-14,Sambhajinagar,Sambhajinagar Block-1,Sambhajinagar Block-1 Village-3,poultry,4,0,7,39.8,Farmer requested urgent visit.,True,False,True,True,False,False,False,False,False,False,False,False,0.0,LOW
365,2026-05-14,Kolhapur,Kolhapur Block-3,Kolhapur Block-3 Village-1,sheep,3,0,7,,,True,True,False,False,False,False,False,False,False,False,False,False,0.0,LOW
366,2026-05-14,Pune,Pune Block-2,Pune Block-2 Village-1,goat,3,0,9,,Reported by local field worker.,False,False,False,False,False,False,True,False,False,False,False,False,0.0,LOW
367,2026-05-14,Nashik,Nashik Block-1,Nashik Block-1 Village-3,cattle,1,0,1,,Animals isolated as precaution.,True,False,False,False,False,False,False,False,False,False,False,False,0.0,LOW
368,2026-05-14,Pune,Pune Block-2,Pune Block-2 Village-5,cattle,1,0,9,38.6,Similar cases seen in neighbouring herd.,False,False,False,False,False,True,False,False,False,False,False,False,0.0,LOW
369,2026-05-14,Amravati,Amravati Block-3,Amravati Block-3 Village-3,cattle,4,0,8,37.6,,False,True,False,False,False,False,False,False,False,False,False,False,0.0,LOW
370,2026-05-14,Nagpur,Nagpur Block-2,Nagpur Block-2 Village-2,cattle,6,1,7,39.9,,True,False,False,False,False,True,False,False,False,False,False,False,0.167,LOW
371,2026-05-14,Sambhajinagar,Sambhajinagar Block-3,Sambhajinagar Block-3 Village-1,goat,4,0,1,37.9,Reported by local field worker.,False,False,True,False,True,False,True,True,False,False,False,False,0.0,LOW
372,2026-05-14,Pune,Pune Block-3,Pune Block-3 Village-4,sheep,3,0,3,,,False,True,True,False,True,False,False,False,False,False,False,False,0.0,LOW
373,2026-05-14,Pune,Pune Block-2,Pune Block-2 Village-3,buffalo,1,0,2,41.5,,True,False,False,True,False,False,False,False,True,False,False,False,0.0,LOW
374,2026-05-14,Nagpur,Nagpur Block-3,Nagpur Block-3 Village-5,sheep,2,0,1,40.2,Farmer requested urgent visit.,True,False,False,False,False,False,False,False,False,True,False,False,0.0,LOW
375,2026-05-15,Nashik,Nashik Block-1,Nashik Block-1 Village-1,sheep,3,0,4,,,False,False,True,True,False,False,False,True,False,False,True,False,0.0,MEDIUM
376,2026-05-15,Nashik,Nashik Block-1,Nashik Block-1 Village-1,sheep,18,8,1,40.6,Animals isolated as precaution.,True,True,False,True,True,False,False,False,False,False,False,False,0.444,HIGH
377,2026-05-15,Pune,Pune Block-3,Pune Block-3 Village-2,goat,4,0,7,40.1,Similar cases seen in neighbouring herd.,True,True,False,False,False,False,False,True,True,False,False,False,0.0,LOW
378,2026-05-15,Pune,Pune Block-3,Pune Block-3 Village-2,cattle,8,1,1,40.4,Animals isolated as precaution.,True,True,True,True,False,False,False,False,False,False,False,False,0.125,LOW
379,2026-05-15,Pune,Pune Block-3,Pune Block-3 Village-1,cattle,4,0,1,40.9,,True,True,False,False,False,False,False,False,False,False,False,False,0.0,LOW
380,2026-05-15,Pune,Pune Block-1,Pune Block-1 Village-5,goat,4,0,6,,,False,False,False,True,False,False,False,False,False,False,False,False,0.0,LOW
381,2026-05-15,Kolhapur,Kolhapur Block-3,Kolhapur Block-3 Village-2,cattle,4,1,8,,Animals isolated as precaution.,False,True,False,True,True,True,False,False,False,False,False,False,0.25,LOW
382,2026-05-15,Amravati,Amravati Block-2,Amravati Block-2 Village-4,cattle,2,0,1,40.0,,True,False,False,True,False,True,False,False,False,False,False,False,0.0,LOW
383,2026-05-15,Sambhajinagar,Sambhajinagar Block-1,Sambhajinagar Block-1 Village-5,poultry,3,0,8,40.4,Farmer requested urgent visit.,True,False,False,True,False,False,False,False,False,False,False,False,0.0,LOW
384,2026-05-15,Nagpur,Nagpur Block-2,Nagpur Block-2 Village-2,buffalo,4,0,3,,Reported by local field worker.,True,False,False,False,False,False,False,False,False,True,False,False,0.0,LOW
385,2026-05-15,Nashik,Nashik Block-2,Nashik Block-2 Village-3,sheep,3,0,6,41.3,,True,True,True,True,False,False,False,False,False,False,False,False,0.0,LOW
386,2026-05-15,Nagpur,Nagpur Block-2,Nagpur Block-2 Village-2,goat,4,0,6,38.4,Similar cases seen in neighbouring herd.,False,False,False,False,False,False,False,False,False,False,True,False,0.0,MEDIUM
387,2026-05-15,Kolhapur,Kolhapur Block-1,Kolhapur Block-1 Village-2,goat,9,1,3,37.9,,False,False,True,False,False,False,False,False,False,False,False,False,0.111,MEDIUM
388,2026-05-15,Kolhapur,Kolhapur Block-1,Kolhapur Block-1 Village-4,goat,1,0,7,38.1,,False,False,False,False,False,False,False,True,False,False,False,False,0.0,LOW
389,2026-05-15,Kolhapur,Kolhapur Block-1,Kolhapur Block-1 Village-2,goat,2,0,5,,Animals isolated as precaution.,False,False,False,False,True,True,False,False,False,False,False,False,0.0,LOW
390,2026-05-15,Amravati,Amravati Block-3,Amravati Block-3 Village-3,cattle,2,0,9,38.0,,False,False,False,True,False,False,False,False,False,False,False,False,0.0,LOW
391,2026-05-15,Amravati,Amravati Block-2,Amravati Block-2 Village-1,cattle,4,0,8,38.7,,False,False,False,False,False,False,False,False,True,False,False,False,0.0,LOW
392,2026-05-15,Nagpur,Nagpur Block-3,Nagpur Block-3 Village-4,cattle,2,0,1,40.3,,True,False,False,True,False,True,False,False,False,False,False,False,0.0,LOW
393,2026-05-15,Kolhapur,Kolhapur Block-2,Kolhapur Block-2 Village-1,cattle,4,0,8,39.2,Similar cases seen in neighbouring herd.,False,False,False,False,False,False,False,False,True,False,False,False,0.0,LOW
394,2026-05-15,Nagpur,Nagpur Block-2,Nagpur Block-2 Village-4,goat,5,1,8,38.1,Animals isolated as precaution.,False,True,False,False,False,False,True,False,False,True,False,False,0.2,LOW
395,2026-05-15,Nashik,Nashik Block-3,Nashik Block-3 Village-5,sheep,1,0,7,39.8,Animals isolated as precaution.,True,True,False,False,False,False,False,False,False,False,False,False,0.0,LOW
396,2026-05-15,Amravati,Amravati Block-2,Amravati Block-2 Village-4,cattle,2,0,3,38.0,Similar cases seen in neighbouring herd.,False,True,False,False,False,False,False,False,False,False,False,False,0.0,LOW
397,2026-05-15,Amravati,Amravati Block-2,Amravati Block-2 Village-3,buffalo,2,0,7,38.2,Farmer requested urgent visit.,False,False,True,True,False,False,False,False,False,False,False,False,0.0,LOW
398,2026-05-15,Pune,Pune Block-1,Pune Block-1 Village-1,poultry,1,0,5,38.0,Farmer requested urgent visit.,False,False,False,True,False,False,False,False,False,False,False,False,0.0,LOW
399,2026-05-15,Sambhajinagar,Sambhajinagar Block-1,Sambhajinagar Block-1 Village-2,goat,2,0,4,38.1,Similar cases seen in neighbouring herd.,False,False,False,False,False,False,False,False,True,False,False,False,0.0,LOW
400,2026-05-15,Amravati,Amravati Block-1,Amravati Block-1 Village-1,cattle,4,0,8,38.1,Farmer requested urgent visit.,False,False,False,False,False,False,True,False,False,False,False,False,0.0,LOW
401,2026-05-15,Nashik,Nashik Block-3,Nashik Block-3 Village-1,cattle,3,0,3,38.2,Reported by local field worker.,False,False,True,False,False,False,False,False,False,True,False,False,0.0,LOW
402,2026-05-15,Sambhajinagar,Sambhajinagar Block-2,Sambhajinagar Block-2 Village-1,cattle,1,0,1,37.8,Similar cases seen in neighbouring herd.,False,True,False,False,False,True,False,False,False,False,False,False,0.0,LOW
403,2026-05-15,Nagpur,Nagpur Block-1,Nagpur Block-1 Village-2,goat,3,0,7,41.1,Reported by local field worker.,True,False,True,False,False,False,False,False,False,True,False,False,0.0,LOW
404,2026-05-15,Amravati,Amravati Block-2,Amravati Block-2 Village-1,cattle,4,0,6,41.1,Similar cases seen in neighbouring herd.,True,False,True,True,False,False,False,False,False,False,False,False,0.0,LOW
405,2026-05-15,Amravati,Amravati Block-3,Amravati Block-3 Village-1,cattle,1,0,9,,,False,False,False,False,False,True,False,False,False,False,False,False,0.0,LOW
406,2026-05-15,Nagpur,Nagpur Block-2,Nagpur Block-2 Village-4,goat,2,0,5,37.8,,False,False,False,False,False,False,False,False,True,False,False,False,0.0,LOW
407,2026-05-15,Nashik,Nashik Block-2,Nashik Block-2 Village-3,cattle,2,0,9,38.8,,False,False,False,False,False,False,False,False,False,True,False,False,0.0,LOW
408,2026-05-15,Amravati,Amravati Block-2,Amravati Block-2 Village-5,cattle,1,0,9,38.9,,False,True,False,False,False,False,False,False,False,False,False,False,0.0,LOW
409,2026-05-15,Sambhajinagar,Sambhajinagar Block-2,Sambhajinagar Block-2 Village-1,buffalo,3,0,4,41.1,Similar cases seen in neighbouring herd.,True,False,False,True,True,False,False,False,False,False,False,False,0.0,LOW
410,2026-05-15,Amravati,Amravati Block-3,Amravati Block-3 Village-5,cattle,4,0,6,,,False,False,False,False,True,True,False,False,False,False,False,False,0.0,LOW
411,2026-05-15,Nashik,Nashik Block-3,Nashik Block-3 Village-4,goat,3,0,1,,,False,False,False,True,False,False,False,False,False,False,False,False,0.0,LOW
412,2026-05-16,Nashik,Nashik Block-1,Nashik Block-1 Village-1,sheep,2,0,8,,,True,True,True,False,False,False,False,False,False,False,False,False,0.0,LOW
413,2026-05-16,Nashik,Nashik Block-1,Nashik Block-1 Village-4,buffalo,4,0,6,,Farmer requested urgent visit.,True,False,False,True,False,False,False,False,False,False,False,False,0.0,LOW
414,2026-05-16,Pune,Pune Block-2,Pune Block-2 Village-5,goat,2,0,2,41.0,Animals isolated as precaution.,True,False,False,False,False,False,True,False,False,False,False,False,0.0,LOW
415,2026-05-16,Nagpur,Nagpur Block-2,Nagpur Block-2 Village-4,poultry,24,13,2,41.4,Similar cases seen in neighbouring herd.,True,True,False,True,True,True,True,False,True,True,False,False,0.542,HIGH
416,2026-05-16,Kolhapur,Kolhapur Block-3,Kolhapur Block-3 Village-2,goat,3,0,1,38.4,Reported by local field worker.,False,False,False,True,False,False,True,False,False,False,False,False,0.0,LOW
417,2026-05-16,Pune,Pune Block-2,Pune Block-2 Village-3,cattle,3,0,3,,,False,False,False,False,False,True,False,False,False,True,False,False,0.0,LOW
418,2026-05-16,Amravati,Amravati Block-1,Amravati Block-1 Village-2,buffalo,9,2,8,38.9,Similar cases seen in neighbouring herd.,False,False,True,True,False,True,True,False,False,False,False,False,0.222,MEDIUM
419,2026-05-16,Kolhapur,Kolhapur Block-2,Kolhapur Block-2 Village-5,goat,3,0,1,38.6,Similar cases seen in neighbouring herd.,False,True,False,True,False,True,False,True,False,False,False,False,0.0,LOW
420,2026-05-16,Nashik,Nashik Block-3,Nashik Block-3 Village-4,goat,1,0,3,40.7,Reported by local field worker.,True,False,False,True,True,False,False,False,False,False,False,False,0.0,LOW
421,2026-05-16,Kolhapur,Kolhapur Block-1,Kolhapur Block-1 Village-4,goat,2,0,8,,,True,False,False,False,False,True,False,False,False,False,False,False,0.0,LOW
422,2026-05-16,Nashik,Nashik Block-2,Nashik Block-2 Village-5,cattle,2,0,9,41.3,,True,False,False,False,False,False,False,False,True,False,False,False,0.0,LOW
423,2026-05-16,Nagpur,Nagpur Block-1,Nagpur Block-1 Village-3,poultry,2,0,8,37.6,,False,False,False,True,False,False,False,False,False,False,False,False,0.0,LOW
424,2026-05-16,Nagpur,Nagpur Block-2,Nagpur Block-2 Village-5,poultry,4,0,9,,,False,False,False,False,False,True,False,False,False,False,False,False,0.0,LOW
425,2026-05-16,Amravati,Amravati Block-2,Amravati Block-2 Village-3,poultry,2,0,2,37.9,Farmer requested urgent visit.,False,False,False,True,False,False,False,True,False,False,False,False,0.0,LOW
426,2026-05-16,Nagpur,Nagpur Block-1,Nagpur Block-1 Village-1,goat,4,0,5,38.5,,False,False,True,False,False,False,True,False,False,False,False,False,0.0,LOW
427,2026-05-16,Sambhajinagar,Sambhajinagar Block-3,Sambhajinagar Block-3 Village-1,cattle,3,0,3,40.8,Animals isolated as precaution.,True,False,False,False,False,False,False,False,True,False,False,False,0.0,LOW
428,2026-05-16,Nashik,Nashik Block-2,Nashik Block-2 Village-5,cattle,2,0,7,38.1,Similar cases seen in neighbouring herd.,False,False,False,False,False,False,True,False,False,False,False,False,0.0,LOW
429,2026-05-16,Pune,Pune Block-1,Pune Block-1 Village-5,cattle,2,0,2,,Farmer requested urgent visit.,True,True,True,True,False,True,False,False,False,False,False,False,0.0,LOW
430,2026-05-16,Kolhapur,Kolhapur Block-1,Kolhapur Block-1 Village-4,cattle,3,0,7,,Farmer requested urgent visit.,False,True,True,True,False,True,False,False,False,False,False,False,0.0,LOW
431,2026-05-16,Kolhapur,Kolhapur Block-1,Kolhapur Block-1 Village-1,sheep,4,0,5,41.4,Farmer requested urgent visit.,True,False,False,False,False,True,False,False,False,True,False,False,0.0,LOW
432,2026-05-16,Pune,Pune Block-1,Pune Block-1 Village-3,goat,4,0,6,39.1,Similar cases seen in neighbouring herd.,False,False,True,True,False,False,True,False,False,False,False,False,0.0,LOW
433,2026-05-16,Amravati,Amravati Block-3,Amravati Block-3 Village-4,cattle,3,0,8,38.2,,False,True,False,False,False,False,False,False,False,False,False,False,0.0,LOW
434,2026-05-16,Nagpur,Nagpur Block-3,Nagpur Block-3 Village-4,poultry,6,1,1,40.8,,True,False,True,True,False,False,False,False,False,True,False,False,0.167,LOW
435,2026-05-16,Nashik,Nashik Block-2,Nashik Block-2 Village-1,buffalo,4,0,5,,Reported by local field worker.,False,False,False,False,False,False,False,False,False,False,False,True,0.0,MEDIUM
436,2026-05-16,Nashik,Nashik Block-1,Nashik Block-1 Village-4,cattle,3,0,9,,Animals isolated as precaution.,False,True,False,False,False,True,False,False,False,False,False,False,0.0,LOW
437,2026-05-16,Pune,Pune Block-2,Pune Block-2 Village-2,buffalo,3,0,2,,,False,False,True,True,True,False,False,False,False,False,False,False,0.0,LOW
438,2026-05-16,Nashik,Nashik Block-2,Nashik Block-2 Village-4,goat,3,0,6,38.3,Reported by local field worker.,False,False,False,False,False,False,False,False,False,True,False,False,0.0,LOW
439,2026-05-16,Nagpur,Nagpur Block-2,Nagpur Block-2 Village-4,cattle,2,0,8,40.3,,True,False,False,False,False,True,False,False,True,False,False,False,0.0,LOW
440,2026-05-16,Sambhajinagar,Sambhajinagar Block-1,Sambhajinagar Block-1 Village-2,sheep,7,0,2,38.9,Reported by local field worker.,False,True,False,False,False,True,False,False,False,True,False,False,0.0,LOW
441,2026-05-16,Nashik,Nashik Block-1,Nashik Block-1 Village-5,cattle,7,4,1,40.4,Similar cases seen in neighbouring herd.,True,True,True,True,True,True,True,False,False,False,False,False,0.571,HIGH
442,2026-05-16,Kolhapur,Kolhapur Block-1,Kolhapur Block-1 Village-5,cattle,2,0,1,,,True,False,False,False,True,False,True,False,False,False,False,False,0.0,LOW
443,2026-05-16,Nagpur,Nagpur Block-1,Nagpur Block-1 Village-5,buffalo,23,4,3,41.3,Similar cases seen in neighbouring herd.,True,True,False,True,True,True,False,False,False,False,True,False,0.174,HIGH
444,2026-05-16,Kolhapur,Kolhapur Block-2,Kolhapur Block-2 Village-2,poultry,4,0,2,38.4,Similar cases seen in neighbouring herd.,False,True,False,False,True,False,False,False,False,False,False,False,0.0,LOW
445,2026-05-16,Sambhajinagar,Sambhajinagar Block-3,Sambhajinagar Block-3 Village-1,sheep,1,0,6,38.7,Animals isolated as precaution.,False,False,False,False,True,False,False,False,True,False,False,False,0.0,LOW
446,2026-05-16,Nagpur,Nagpur Block-2,Nagpur Block-2 Village-1,buffalo,5,2,3,39.6,,True,True,True,True,False,True,False,False,True,False,False,False,0.4,MEDIUM
447,2026-05-16,Amravati,Amravati Block-2,Amravati Block-2 Village-4,poultry,2,0,1,37.8,,False,True,True,True,False,True,False,False,True,False,False,False,0.0,LOW
448,2026-05-16,Sambhajinagar,Sambhajinagar Block-2,Sambhajinagar Block-2 Village-1,goat,2,0,3,38.0,Reported by local field worker.,False,False,False,False,False,False,False,True,True,False,False,False,0.0,LOW
449,2026-05-16,Sambhajinagar,Sambhajinagar Block-2,Sambhajinagar Block-2 Village-3,poultry,5,0,5,,Animals isolated as precaution.,False,True,False,False,True,False,True,False,True,False,False,False,0.0,LOW
450,2026-05-16,Kolhapur,Kolhapur Block-3,Kolhapur Block-3 Village-4,cattle,8,1,1,37.8,,False,False,True,True,False,True,True,False,True,True,False,False,0.125,LOW
451,2026-05-16,Sambhajinagar,Sambhajinagar Block-3,Sambhajinagar Block-3 Village-4,goat,1,0,7,38.4,Similar cases seen in neighbouring herd.,False,False,True,True,False,False,True,False,False,True,False,False,0.0,LOW
452,2026-05-16,Amravati,Amravati Block-3,Amravati Block-3 Village-5,cattle,1,0,3,,,False,False,False,False,False,True,False,False,False,False,False,False,0.0,LOW
453,2026-05-17,Nashik,Nashik Block-1,Nashik Block-1 Village-1,cattle,19,9,3,40.3,Reported by local field worker.,True,False,True,True,False,True,True,True,False,False,False,False,0.474,HIGH
454,2026-05-17,Nashik,Nashik Block-1,Nashik Block-1 Village-1,goat,5,1,4,39.8,Farmer requested urgent visit.,True,False,True,False,False,False,False,False,False,False,False,False,0.2,LOW
455,2026-05-17,Pune,Pune Block-3,Pune Block-3 Village-2,cattle,7,1,5,39.4,Animals isolated as precaution.,True,True,False,False,True,False,False,False,False,False,False,False,0.143,MEDIUM
456,2026-05-17,Pune,Pune Block-3,Pune Block-3 Village-2,sheep,4,1,2,,,False,False,False,False,False,True,True,False,False,False,False,True,0.25,MEDIUM
457,2026-05-17,Nagpur,Nagpur Block-3,Nagpur Block-3 Village-3,cattle,5,1,8,,Reported by local field worker.,True,False,False,False,False,False,False,False,False,False,False,False,0.2,LOW
458,2026-05-17,Pune,Pune Block-1,Pune Block-1 Village-2,goat,5,1,6,38.7,,False,True,True,True,False,False,True,False,False,False,False,False,0.2,LOW
459,2026-05-17,Kolhapur,Kolhapur Block-3,Kolhapur Block-3 Village-4,goat,1,0,3,,,True,False,False,False,False,False,False,False,False,False,False,False,0.0,LOW
460,2026-05-17,Nashik,Nashik Block-1,Nashik Block-1 Village-4,goat,1,0,1,,,False,True,False,False,False,False,False,False,False,False,False,False,0.0,LOW
461,2026-05-17,Kolhapur,Kolhapur Block-1,Kolhapur Block-1 Village-2,buffalo,3,0,1,,Reported by local field worker.,False,True,True,False,False,False,False,True,False,False,False,False,0.0,LOW
462,2026-05-17,Kolhapur,Kolhapur Block-3,Kolhapur Block-3 Village-1,goat,6,0,1,39.4,Farmer requested urgent visit.,True,True,True,True,False,True,False,False,False,False,False,False,0.0,LOW
463,2026-05-17,Kolhapur,Kolhapur Block-3,Kolhapur Block-3 Village-2,buffalo,7,1,7,,Farmer requested urgent visit.,True,True,False,True,False,False,False,False,False,False,False,False,0.143,LOW
464,2026-05-17,Nashik,Nashik Block-1,Nashik Block-1 Village-4,buffalo,4,0,1,38.4,Similar cases seen in neighbouring herd.,False,False,False,True,False,False,False,False,False,False,False,False,0.0,LOW
465,2026-05-17,Nagpur,Nagpur Block-2,Nagpur Block-2 Village-1,sheep,3,0,8,38.8,Farmer requested urgent visit.,False,False,False,False,False,True,False,False,False,False,False,False,0.0,LOW
466,2026-05-17,Kolhapur,Kolhapur Block-1,Kolhapur Block-1 Village-5,goat,2,0,9,38.4,Similar cases seen in neighbouring herd.,False,False,False,False,False,True,True,False,False,False,False,False,0.0,LOW
467,2026-05-17,Pune,Pune Block-3,Pune Block-3 Village-3,sheep,2,0,6,39.8,Animals isolated as precaution.,True,False,False,False,True,False,False,True,False,False,False,False,0.0,LOW
468,2026-05-17,Nashik,Nashik Block-2,Nashik Block-2 Village-3,sheep,4,0,8,,Similar cases seen in neighbouring herd.,False,False,True,False,False,False,True,False,False,False,False,False,0.0,LOW
469,2026-05-17,Nashik,Nashik Block-2,Nashik Block-2 Village-4,cattle,2,0,2,40.5,Similar cases seen in neighbouring herd.,True,True,False,True,True,False,True,False,False,False,False,False,0.0,LOW
470,2026-05-17,Nashik,Nashik Block-1,Nashik Block-1 Village-5,buffalo,4,0,8,,,False,False,True,False,False,False,True,False,False,False,False,False,0.0,LOW
471,2026-05-17,Kolhapur,Kolhapur Block-3,Kolhapur Block-3 Village-1,goat,3,0,9,,Similar cases seen in neighbouring herd.,False,False,False,True,False,True,False,True,False,False,False,False,0.0,LOW
472,2026-05-17,Nagpur,Nagpur Block-2,Nagpur Block-2 Village-4,goat,1,0,4,,Similar cases seen in neighbouring herd.,False,True,False,True,False,False,True,False,False,False,False,False,0.0,LOW
473,2026-05-17,Sambhajinagar,Sambhajinagar Block-2,Sambhajinagar Block-2 Village-4,poultry,1,0,9,39.9,,True,False,False,False,False,True,False,False,False,False,False,False,0.0,LOW
474,2026-05-17,Nashik,Nashik Block-2,Nashik Block-2 Village-2,cattle,1,0,5,39.0,,False,True,False,False,False,False,False,False,False,False,False,False,0.0,LOW
475,2026-05-17,Nashik,Nashik Block-2,Nashik Block-2 Village-3,cattle,3,0,5,38.8,Similar cases seen in neighbouring herd.,False,False,True,False,True,True,False,False,False,True,False,False,0.0,LOW
476,2026-05-17,Nagpur,Nagpur Block-3,Nagpur Block-3 Village-5,goat,2,0,2,,,False,False,True,False,False,False,False,False,False,False,False,False,0.0,LOW
477,2026-05-17,Amravati,Amravati Block-1,Amravati Block-1 Village-5,sheep,4,0,3,,,False,False,False,False,False,False,True,False,False,False,False,False,0.0,LOW
478,2026-05-17,Pune,Pune Block-1,Pune Block-1 Village-1,poultry,4,1,1,41.0,Similar cases seen in neighbouring herd.,True,True,True,False,False,False,True,False,False,False,False,False,0.25,LOW
479,2026-05-17,Amravati,Amravati Block-2,Amravati Block-2 Village-3,poultry,2,0,8,40.3,Reported by local field worker.,True,True,False,False,False,False,False,False,False,False,False,False,0.0,LOW
480,2026-05-17,Amravati,Amravati Block-1,Amravati Block-1 Village-4,buffalo,3,0,3,41.0,Similar cases seen in neighbouring herd.,True,True,False,False,False,False,False,False,False,False,False,False,0.0,LOW
481,2026-05-17,Kolhapur,Kolhapur Block-3,Kolhapur Block-3 Village-4,cattle,1,0,3,,Farmer requested urgent visit.,False,False,False,False,False,True,False,False,False,False,False,False,0.0,LOW
482,2026-05-17,Amravati,Amravati Block-3,Amravati Block-3 Village-1,cattle,20,8,3,40.1,Reported by local field worker.,True,False,False,True,True,False,False,False,False,True,False,False,0.4,MEDIUM
483,2026-05-17,Kolhapur,Kolhapur Block-1,Kolhapur Block-1 Village-4,buffalo,4,0,1,40.6,,True,True,False,True,False,False,False,False,False,False,False,False,0.0,LOW
484,2026-05-17,Kolhapur,Kolhapur Block-2,Kolhapur Block-2 Village-2,sheep,1,0,4,37.6,,False,False,False,True,False,False,False,False,False,False,False,False,0.0,LOW
485,2026-05-17,Nagpur,Nagpur Block-2,Nagpur Block-2 Village-4,cattle,1,0,6,39.0,Reported by local field worker.,False,False,False,False,False,False,False,False,False,False,True,False,0.0,MEDIUM
486,2026-05-17,Pune,Pune Block-2,Pune Block-2 Village-5,cattle,4,0,9,39.1,Farmer requested urgent visit.,False,True,False,False,False,False,False,False,False,False,False,False,0.0,LOW
487,2026-05-17,Nagpur,Nagpur Block-3,Nagpur Block-3 Village-2,cattle,7,1,6,,Reported by local field worker.,True,True,True,False,False,False,False,True,False,False,False,False,0.143,LOW
488,2026-05-17,Nagpur,Nagpur Block-2,Nagpur Block-2 Village-4,cattle,2,0,2,,,False,False,True,True,False,True,False,False,False,False,False,False,0.0,LOW
489,2026-05-17,Amravati,Amravati Block-3,Amravati Block-3 Village-5,goat,2,0,1,,,True,True,False,False,False,False,False,False,False,False,False,False,0.0,LOW
490,2026-05-17,Nagpur,Nagpur Block-2,Nagpur Block-2 Village-3,poultry,4,0,7,41.2,Reported by local field worker.,True,False,False,False,False,False,False,False,False,False,False,False,0.0,LOW
491,2026-05-17,Amravati,Amravati Block-2,Amravati Block-2 Village-2,poultry,4,0,8,38.5,,False,True,False,True,False,False,False,False,False,False,False,False,0.0,LOW
492,2026-05-17,Pune,Pune Block-3,Pune Block-3 Village-1,cattle,7,0,3,,,True,False,False,True,True,False,False,False,False,False,False,False,0.0,LOW
493,2026-05-17,Kolhapur,Kolhapur Block-1,Kolhapur Block-1 Village-5,buffalo,5,1,3,40.7,Reported by local field worker.,True,True,False,True,False,False,False,False,False,False,False,False,0.2,LOW
494,2026-05-17,Sambhajinagar,Sambhajinagar Block-1,Sambhajinagar Block-1 Village-2,goat,1,0,4,,Similar cases seen in neighbouring herd.,False,False,True,False,False,False,False,False,False,False,False,False,0.0,LOW
495,2026-05-17,Amravati,Amravati Block-3,Amravati Block-3 Village-5,goat,3,0,2,37.7,Reported by local field worker.,False,True,False,False,False,False,False,False,False,False,False,False,0.0,LOW
496,2026-05-17,Amravati,Amravati Block-2,Amravati Block-2 Village-1,poultry,5,1,5,38.3,,False,False,False,True,True,True,False,False,True,False,False,False,0.2,LOW
497,2026-05-17,Nashik,Nashik Block-3,Nashik Block-3 Village-3,buffalo,2,0,7,41.2,Reported by local field worker.,True,False,False,False,True,False,True,False,False,False,False,False,0.0,LOW
498,2026-05-17,Nashik,Nashik Block-3,Nashik Block-3 Village-4,poultry,4,0,7,39.6,Reported by local field worker.,True,False,False,False,False,False,False,False,True,False,False,False,0.0,LOW
499,2026-05-17,Pune,Pune Block-2,Pune Block-2 Village-4,goat,1,0,2,38.4,Farmer requested urgent visit.,False,True,False,False,False,True,False,False,False,False,True,False,0.0,MEDIUM
500,2026-05-17,Kolhapur,Kolhapur Block-2,Kolhapur Block-2 Village-4,goat,1,0,3,39.2,Farmer requested urgent visit.,False,True,False,False,False,False,True,False,False,True,False,False,0.0,LOW
501,2026-05-17,Pune,Pune Block-2,Pune Block-2 Village-5,cattle,4,0,8,40.4,,True,False,True,False,False,True,False,False,False,False,False,False,0.0,LOW
502,2026-05-17,Pune,Pune Block-3,Pune Block-3 Village-5,cattle,4,0,9,,,True,False,False,False,False,False,False,False,False,False,False,False,0.0,LOW
503,2026-05-17,Nagpur,Nagpur Block-1,Nagpur Block-1 Village-5,cattle,4,0,6,,,False,False,False,False,False,False,True,False,False,False,False,False,0.0,LOW
504,2026-05-17,Nashik,Nashik Block-2,Nashik Block-2 Village-2,buffalo,4,0,7,,Farmer requested urgent visit.,True,False,False,False,False,False,False,False,False,False,False,False,0.0,LOW
505,2026-05-17,Kolhapur,Kolhapur Block-3,Kolhapur Block-3 Village-1,sheep,4,0,6,38.2,Animals isolated as precaution.,False,True,False,True,False,False,False,False,False,False,False,False,0.0,LOW
506,2026-05-18,Nashik,Nashik Block-1,Nashik Block-1 Village-1,cattle,2,0,7,40.3,,True,True,True,False,False,True,True,False,True,False,False,False,0.0,LOW
507,2026-05-18,Nashik,Nashik Block-1,Nashik Block-1 Village-1,sheep,5,3,3,,Reported by local field worker.,True,True,False,True,True,True,False,False,False,False,False,False,0.6,HIGH
508,2026-05-18,Pune,Pune Block-3,Pune Block-3 Village-2,sheep,8,1,9,38.1,,False,True,True,True,True,False,True,False,False,False,False,False,0.125,LOW
509,2026-05-18,Kolhapur,Kolhapur Block-3,Kolhapur Block-3 Village-2,buffalo,4,0,3,41.3,Reported by local field worker.,True,False,True,False,False,False,True,False,False,False,False,False,0.0,LOW
510,2026-05-18,Amravati,Amravati Block-2,Amravati Block-2 Village-1,cattle,4,1,3,38.9,Reported by local field worker.,False,True,False,True,True,False,True,False,False,False,False,False,0.25,MEDIUM
511,2026-05-18,Kolhapur,Kolhapur Block-1,Kolhapur Block-1 Village-2,goat,22,10,2,39.5,Farmer requested urgent visit.,True,True,False,False,True,False,True,False,False,False,True,False,0.455,HIGH
512,2026-05-18,Kolhapur,Kolhapur Block-3,Kolhapur Block-3 Village-1,cattle,2,0,3,41.5,Similar cases seen in neighbouring herd.,True,True,False,False,False,False,False,True,False,False,False,False,0.0,LOW
513,2026-05-18,Nagpur,Nagpur Block-3,Nagpur Block-3 Village-3,cattle,2,0,7,,,False,False,False,False,False,True,False,False,False,False,False,False,0.0,LOW
514,2026-05-18,Pune,Pune Block-1,Pune Block-1 Village-2,goat,1,0,1,,Reported by local field worker.,False,False,False,True,False,True,False,False,False,False,False,False,0.0,LOW
515,2026-05-18,Kolhapur,Kolhapur Block-3,Kolhapur Block-3 Village-5,buffalo,6,0,6,41.5,,True,False,False,False,False,True,True,False,False,False,False,False,0.0,LOW
516,2026-05-18,Nashik,Nashik Block-1,Nashik Block-1 Village-2,cattle,3,0,1,38.4,Animals isolated as precaution.,False,False,False,False,True,False,False,False,False,False,False,False,0.0,LOW
517,2026-05-18,Nagpur,Nagpur Block-1,Nagpur Block-1 Village-2,buffalo,2,0,8,38.1,Similar cases seen in neighbouring herd.,False,False,True,True,True,False,True,False,False,False,False,False,0.0,LOW
518,2026-05-18,Pune,Pune Block-3,Pune Block-3 Village-1,goat,2,0,9,39.1,,False,False,False,True,False,False,False,True,False,False,False,False,0.0,LOW
519,2026-05-18,Amravati,Amravati Block-3,Amravati Block-3 Village-1,cattle,1,0,3,38.6,,False,True,True,False,True,False,False,False,False,False,False,False,0.0,LOW
520,2026-05-18,Amravati,Amravati Block-2,Amravati Block-2 Village-5,goat,4,0,7,,,False,False,False,False,False,False,False,False,False,False,False,True,0.0,MEDIUM
521,2026-05-18,Nashik,Nashik Block-3,Nashik Block-3 Village-5,goat,8,1,8,39.5,Animals isolated as precaution.,True,False,False,True,False,True,False,False,True,False,False,False,0.125,MEDIUM
522,2026-05-18,Nashik,Nashik Block-3,Nashik Block-3 Village-1,cattle,2,0,2,41.3,Similar cases seen in neighbouring herd.,True,False,False,False,False,False,False,False,True,False,False,False,0.0,LOW
523,2026-05-18,Nagpur,Nagpur Block-1,Nagpur Block-1 Village-3,buffalo,3,0,8,,,True,False,False,True,False,False,False,False,False,False,False,False,0.0,LOW
524,2026-05-18,Nagpur,Nagpur Block-1,Nagpur Block-1 Village-1,goat,3,0,7,39.8,,True,True,False,False,False,False,False,False,False,False,False,False,0.0,LOW
525,2026-05-18,Pune,Pune Block-2,Pune Block-2 Village-1,goat,3,0,9,40.0,Farmer requested urgent visit.,True,False,False,False,False,False,False,False,True,False,False,False,0.0,LOW
526,2026-05-18,Nashik,Nashik Block-3,Nashik Block-3 Village-5,sheep,2,0,9,39.2,,False,False,False,False,False,False,False,True,False,False,False,False,0.0,LOW
527,2026-05-18,Sambhajinagar,Sambhajinagar Block-2,Sambhajinagar Block-2 Village-2,goat,1,0,7,38.4,Farmer requested urgent visit.,False,False,False,True,False,False,True,False,False,False,False,False,0.0,LOW
528,2026-05-18,Sambhajinagar,Sambhajinagar Block-3,Sambhajinagar Block-3 Village-2,sheep,8,1,6,,Animals isolated as precaution.,True,False,False,False,True,True,False,False,False,False,False,False,0.125,LOW
529,2026-05-18,Sambhajinagar,Sambhajinagar Block-2,Sambhajinagar Block-2 Village-3,sheep,2,0,1,,,True,False,False,True,True,True,False,False,False,False,False,False,0.0,LOW
530,2026-05-18,Nashik,Nashik Block-2,Nashik Block-2 Village-4,cattle,8,1,3,,Reported by local field worker.,True,True,True,False,False,False,False,False,False,False,False,False,0.125,LOW
531,2026-05-18,Nashik,Nashik Block-1,Nashik Block-1 Village-4,cattle,2,0,5,,Animals isolated as precaution.,True,True,False,True,False,False,False,False,False,False,False,False,0.0,LOW
532,2026-05-18,Amravati,Amravati Block-1,Amravati Block-1 Village-5,goat,4,0,4,38.1,,False,False,False,False,False,False,True,False,False,False,False,True,0.0,LOW
533,2026-05-18,Sambhajinagar,Sambhajinagar Block-1,Sambhajinagar Block-1 Village-3,cattle,3,0,4,,,True,True,False,False,False,True,False,False,False,False,False,False,0.0,LOW
534,2026-05-18,Kolhapur,Kolhapur Block-3,Kolhapur Block-3 Village-4,cattle,2,0,3,40.4,,True,False,False,False,False,False,True,False,False,False,False,False,0.0,LOW
535,2026-05-18,Nashik,Nashik Block-3,Nashik Block-3 Village-5,buffalo,3,0,4,40.2,Animals isolated as precaution.,True,False,False,True,False,False,True,False,False,False,False,False,0.0,LOW
536,2026-05-18,Amravati,Amravati Block-3,Amravati Block-3 Village-2,buffalo,4,0,2,38.2,,False,True,False,False,False,False,False,False,False,False,False,False,0.0,LOW
537,2026-05-18,Nashik,Nashik Block-2,Nashik Block-2 Village-1,goat,1,0,3,41.4,,True,False,False,True,False,True,False,False,False,False,False,False,0.0,LOW
538,2026-05-18,Nashik,Nashik Block-2,Nashik Block-2 Village-3,goat,3,0,6,37.9,,False,False,True,False,False,False,False,False,False,False,False,False,0.0,LOW
539,2026-05-18,Sambhajinagar,Sambhajinagar Block-1,Sambhajinagar Block-1 Village-3,cattle,1,0,6,38.2,,False,False,False,False,True,False,True,False,False,False,False,False,0.0,LOW
540,2026-05-18,Amravati,Amravati Block-1,Amravati Block-1 Village-3,cattle,3,0,4,38.2,,False,True,False,False,False,False,False,False,False,False,False,False,0.0,LOW
541,2026-05-18,Kolhapur,Kolhapur Block-2,Kolhapur Block-2 Village-2,poultry,2,0,4,40.8,,True,False,False,False,False,False,False,False,False,False,False,False,0.0,LOW
542,2026-05-18,Sambhajinagar,Sambhajinagar Block-1,Sambhajinagar Block-1 Village-5,cattle,3,0,8,,,True,True,False,False,False,False,False,True,False,False,False,False,0.0,LOW
543,2026-05-18,Sambhajinagar,Sambhajinagar Block-1,Sambhajinagar Block-1 Village-4,sheep,2,0,6,,Animals isolated as precaution.,True,False,False,True,False,True,True,False,False,False,False,False,0.0,LOW
544,2026-05-18,Sambhajinagar,Sambhajinagar Block-3,Sambhajinagar Block-3 Village-5,cattle,4,0,9,,,False,True,False,True,False,False,True,False,False,False,False,False,0.0,LOW
545,2026-05-18,Sambhajinagar,Sambhajinagar Block-2,Sambhajinagar Block-2 Village-5,goat,4,0,8,,,False,False,False,False,False,True,False,False,False,False,False,False,0.0,LOW
546,2026-05-18,Kolhapur,Kolhapur Block-2,Kolhapur Block-2 Village-1,buffalo,2,0,7,38.6,Animals isolated as precaution.,False,False,False,True,True,True,False,False,False,False,False,False,0.0,LOW
547,2026-05-18,Nashik,Nashik Block-3,Nashik Block-3 Village-3,cattle,1,0,6,38.6,Farmer requested urgent visit.,False,False,True,False,False,False,False,False,True,False,True,False,0.0,LOW
548,2026-05-18,Kolhapur,Kolhapur Block-3,Kolhapur Block-3 Village-1,goat,1,0,3,38.0,Farmer requested urgent visit.,False,False,False,True,False,True,False,False,False,False,False,False,0.0,LOW
549,2026-05-18,Nagpur,Nagpur Block-2,Nagpur Block-2 Village-4,buffalo,2,0,9,40.7,Similar cases seen in neighbouring herd.,True,False,False,False,False,False,False,False,False,False,False,False,0.0,LOW
550,2026-05-18,Nashik,Nashik Block-3,Nashik Block-3 Village-1,cattle,3,0,4,38.2,,False,False,False,False,False,False,False,True,False,False,False,False,0.0,LOW
551,2026-05-18,Nagpur,Nagpur Block-3,Nagpur Block-3 Village-5,cattle,3,0,2,38.3,Similar cases seen in neighbouring herd.,False,True,False,False,False,False,False,False,False,False,False,False,0.0,LOW
552,2026-05-18,Pune,Pune Block-1,Pune Block-1 Village-1,buffalo,4,0,6,37.8,,False,False,False,True,False,False,False,False,False,False,False,False,0.0,LOW
553,2026-05-18,Amravati,Amravati Block-2,Amravati Block-2 Village-5,cattle,4,0,1,37.7,,False,False,False,False,False,True,False,False,False,False,False,False,0.0,LOW
554,2026-05-18,Pune,Pune Block-1,Pune Block-1 Village-2,goat,3,0,3,40.3,Farmer requested urgent visit.,True,False,False,True,False,False,True,False,False,False,False,False,0.0,LOW
555,2026-05-18,Amravati,Amravati Block-2,Amravati Block-2 Village-3,goat,3,0,7,41.2,Similar cases seen in neighbouring herd.,True,True,False,False,True,False,False,False,False,False,False,False,0.0,LOW
556,2026-05-18,Nagpur,Nagpur Block-3,Nagpur Block-3 Village-3,cattle,2,0,2,38.3,Reported by local field worker.,False,True,True,False,False,False,False,False,False,False,False,False,0.0,LOW
557,2026-05-19,Nashik,Nashik Block-1,Nashik Block-1 Village-1,buffalo,3,0,3,37.9,Reported by local field worker.,False,False,True,True,True,True,False,False,False,False,False,True,0.0,MEDIUM
558,2026-05-19,Pune,Pune Block-3,Pune Block-3 Village-2,goat,9,1,8,37.7,,False,True,False,True,False,False,True,False,False,False,False,False,0.111,LOW
559,2026-05-19,Pune,Pune Block-3,Pune Block-3 Village-2,sheep,3,0,3,,Reported by local field worker.,False,False,False,True,False,False,True,False,False,False,False,False,0.0,LOW
560,2026-05-19,Nagpur,Nagpur Block-2,Nagpur Block-2 Village-5,goat,4,0,5,38.9,Reported by local field worker.,False,False,False,True,False,False,True,False,False,False,False,False,0.0,LOW
561,2026-05-19,Sambhajinagar,Sambhajinagar Block-1,Sambhajinagar Block-1 Village-3,buffalo,6,1,5,,Farmer requested urgent visit.,True,False,True,False,False,True,False,False,False,True,False,False,0.167,LOW
562,2026-05-19,Sambhajinagar,Sambhajinagar Block-1,Sambhajinagar Block-1 Village-2,poultry,1,0,1,41.3,,True,False,False,False,False,False,True,True,False,False,False,False,0.0,LOW
563,2026-05-19,Amravati,Amravati Block-3,Amravati Block-3 Village-3,cattle,4,0,7,40.6,,True,False,False,False,False,False,False,False,False,True,False,False,0.0,LOW
564,2026-05-19,Kolhapur,Kolhapur Block-1,Kolhapur Block-1 Village-1,goat,1,0,1,39.1,Animals isolated as precaution.,False,True,False,False,True,False,False,False,False,True,False,False,0.0,LOW
565,2026-05-19,Pune,Pune Block-2,Pune Block-2 Village-3,cattle,4,0,6,,Farmer requested urgent visit.,True,False,False,False,False,True,False,False,False,False,False,False,0.0,LOW
566,2026-05-19,Kolhapur,Kolhapur Block-1,Kolhapur Block-1 Village-2,goat,2,0,3,38.2,Animals isolated as precaution.,False,False,False,True,False,False,False,False,False,False,False,False,0.0,LOW
567,2026-05-19,Nagpur,Nagpur Block-1,Nagpur Block-1 Village-5,poultry,3,0,2,38.6,Farmer requested urgent visit.,False,False,True,False,False,False,True,False,False,False,False,False,0.0,LOW
568,2026-05-19,Nashik,Nashik Block-3,Nashik Block-3 Village-1,cattle,1,0,7,41.2,,True,False,True,False,False,False,False,False,False,False,False,False,0.0,LOW
569,2026-05-19,Sambhajinagar,Sambhajinagar Block-1,Sambhajinagar Block-1 Village-2,sheep,2,0,2,38.9,,False,False,False,False,True,False,False,False,False,False,False,False,0.0,LOW
570,2026-05-19,Amravati,Amravati Block-2,Amravati Block-2 Village-3,buffalo,3,0,1,38.2,Similar cases seen in neighbouring herd.,False,False,True,True,False,False,True,False,False,False,False,False,0.0,LOW
571,2026-05-19,Kolhapur,Kolhapur Block-2,Kolhapur Block-2 Village-5,sheep,4,0,3,38.4,,False,True,False,False,False,False,False,False,False,False,False,False,0.0,LOW
572,2026-05-19,Nashik,Nashik Block-3,Nashik Block-3 Village-4,cattle,1,0,6,,Animals isolated as precaution.,True,False,False,True,True,True,False,False,False,False,False,False,0.0,LOW
573,2026-05-19,Nagpur,Nagpur Block-2,Nagpur Block-2 Village-5,poultry,4,0,3,,,False,False,False,True,False,False,False,False,False,False,False,False,0.0,LOW
574,2026-05-19,Sambhajinagar,Sambhajinagar Block-3,Sambhajinagar Block-3 Village-5,sheep,4,0,7,40.6,,True,False,False,False,False,False,False,False,False,False,False,False,0.0,LOW
575,2026-05-19,Nagpur,Nagpur Block-1,Nagpur Block-1 Village-4,sheep,1,0,1,,Similar cases seen in neighbouring herd.,False,False,False,False,False,False,False,False,True,False,False,False,0.0,LOW
576,2026-05-19,Amravati,Amravati Block-2,Amravati Block-2 Village-5,sheep,2,0,4,39.3,,True,False,False,False,False,False,False,False,False,False,False,False,0.0,LOW
577,2026-05-19,Amravati,Amravati Block-3,Amravati Block-3 Village-5,goat,1,0,3,40.7,,True,False,False,True,False,False,False,False,False,False,False,False,0.0,LOW
578,2026-05-19,Kolhapur,Kolhapur Block-2,Kolhapur Block-2 Village-3,buffalo,3,0,6,39.2,Animals isolated as precaution.,False,True,False,False,False,False,False,False,False,False,False,False,0.0,LOW
579,2026-05-19,Pune,Pune Block-1,Pune Block-1 Village-2,cattle,3,0,3,,,False,False,False,False,True,False,False,False,False,False,False,False,0.0,LOW
580,2026-05-19,Nashik,Nashik Block-3,Nashik Block-3 Village-1,cattle,4,0,9,38.2,,False,True,False,False,False,False,False,False,False,False,False,False,0.0,LOW
581,2026-05-19,Pune,Pune Block-3,Pune Block-3 Village-1,goat,4,0,6,38.9,,False,False,False,False,False,True,False,False,False,False,False,False,0.0,LOW
582,2026-05-19,Nashik,Nashik Block-2,Nashik Block-2 Village-1,goat,2,0,3,37.8,Animals isolated as precaution.,False,True,False,False,False,False,False,False,False,False,False,False,0.0,LOW
583,2026-05-19,Sambhajinagar,Sambhajinagar Block-2,Sambhajinagar Block-2 Village-3,cattle,2,0,1,,Farmer requested urgent visit.,True,False,False,False,False,False,False,False,False,False,False,False,0.0,LOW
584,2026-05-19,Nagpur,Nagpur Block-1,Nagpur Block-1 Village-4,poultry,4,0,1,,,False,False,False,False,False,False,True,False,False,True,False,False,0.0,LOW
585,2026-05-19,Nashik,Nashik Block-2,Nashik Block-2 Village-5,buffalo,4,0,7,38.7,Farmer requested urgent visit.,False,True,False,False,False,False,False,False,False,False,False,False,0.0,LOW
586,2026-05-19,Pune,Pune Block-2,Pune Block-2 Village-1,goat,1,0,6,39.0,Farmer requested urgent visit.,False,False,False,False,False,False,False,True,False,False,False,False,0.0,LOW
587,2026-05-19,Pune,Pune Block-3,Pune Block-3 Village-1,goat,1,0,3,38.6,,False,False,False,False,False,False,False,False,True,False,False,False,0.0,LOW
588,2026-05-19,Pune,Pune Block-1,Pune Block-1 Village-4,goat,3,0,5,41.3,Farmer requested urgent visit.,True,False,False,False,False,False,False,False,False,False,False,False,0.0,LOW
589,2026-05-19,Amravati,Amravati Block-3,Amravati Block-3 Village-1,sheep,3,0,3,,Reported by local field worker.,True,False,True,False,False,False,True,False,False,False,False,False,0.0,LOW
590,2026-05-19,Nashik,Nashik Block-3,Nashik Block-3 Village-5,cattle,3,0,9,39.7,,True,True,False,True,False,False,False,False,False,False,False,False,0.0,LOW
591,2026-05-19,Sambhajinagar,Sambhajinagar Block-1,Sambhajinagar Block-1 Village-5,buffalo,3,0,4,,Reported by local field worker.,False,False,False,False,False,True,False,False,False,False,False,False,0.0,LOW
592,2026-05-19,Pune,Pune Block-2,Pune Block-2 Village-1,poultry,3,0,1,39.1,,False,True,False,False,False,False,True,False,False,True,False,False,0.0,LOW
593,2026-05-19,Nashik,Nashik Block-3,Nashik Block-3 Village-2,buffalo,3,0,9,38.4,Reported by local field worker.,False,False,False,True,False,False,True,False,False,False,False,False,0.0,LOW
594,2026-05-19,Pune,Pune Block-3,Pune Block-3 Village-4,cattle,3,0,6,37.8,Animals isolated as precaution.,False,False,False,False,False,False,False,False,True,False,False,False,0.0,LOW
595,2026-05-19,Nagpur,Nagpur Block-1,Nagpur Block-1 Village-5,cattle,12,4,2,,,True,True,True,True,True,True,False,False,True,True,False,False,0.333,HIGH
596,2026-05-19,Sambhajinagar,Sambhajinagar Block-3,Sambhajinagar Block-3 Village-5,poultry,2,0,8,39.6,Farmer requested urgent visit.,True,True,False,False,False,False,False,False,False,False,False,False,0.0,LOW
597,2026-05-19,Nagpur,Nagpur Block-1,Nagpur Block-1 Village-5,buffalo,4,0,9,38.8,Similar cases seen in neighbouring herd.,False,False,False,False,False,False,False,False,False,False,False,True,0.0,MEDIUM
598,2026-05-19,Kolhapur,Kolhapur Block-3,Kolhapur Block-3 Village-5,sheep,1,0,4,37.9,,False,False,True,True,False,False,False,False,False,True,False,False,0.0,LOW
599,2026-05-19,Amravati,Amravati Block-1,Amravati Block-1 Village-5,cattle,3,0,1,39.1,Animals isolated as precaution.,False,True,False,True,False,False,False,False,False,False,False,False,0.0,LOW
600,2026-05-19,Kolhapur,Kolhapur Block-3,Kolhapur Block-3 Village-1,cattle,3,0,1,40.3,Animals isolated as precaution.,True,False,False,False,False,False,False,False,False,False,True,False,0.0,LOW
601,2026-05-19,Amravati,Amravati Block-2,Amravati Block-2 Village-4,cattle,4,0,4,,,False,False,False,False,True,False,False,False,False,False,False,False,0.0,LOW
602,2026-05-19,Pune,Pune Block-3,Pune Block-3 Village-2,poultry,3,0,8,37.7,Reported by local field worker.,False,False,False,True,False,False,True,False,False,False,False,False,0.0,LOW
603,2026-05-19,Nagpur,Nagpur Block-1,Nagpur Block-1 Village-1,goat,6,1,7,38.3,Farmer requested urgent visit.,False,False,False,True,True,False,True,False,True,False,False,False,0.167,MEDIUM
604,2026-05-19,Sambhajinagar,Sambhajinagar Block-1,Sambhajinagar Block-1 Village-5,goat,2,0,5,40.5,Animals isolated as precaution.,True,True,True,True,True,False,False,False,False,False,False,False,0.0,LOW
605,2026-05-19,Sambhajinagar,Sambhajinagar Block-2,Sambhajinagar Block-2 Village-3,cattle,1,0,4,39.9,,True,False,True,False,False,False,False,False,False,False,False,False,0.0,LOW
606,2026-05-19,Pune,Pune Block-1,Pune Block-1 Village-5,cattle,4,0,6,38.0,Reported by local field worker.,False,False,False,True,False,False,False,False,False,False,False,False,0.0,LOW
607,2026-05-19,Sambhajinagar,Sambhajinagar Block-1,Sambhajinagar Block-1 Village-5,poultry,3,0,7,37.9,Animals isolated as precaution.,False,True,False,False,False,False,False,False,False,False,False,False,0.0,LOW
608,2026-05-19,Amravati,Amravati Block-2,Amravati Block-2 Village-1,cattle,2,0,1,39.0,Animals isolated as precaution.,False,True,False,False,False,False,False,False,False,False,False,False,0.0,LOW
609,2026-05-19,Amravati,Amravati Block-1,Amravati Block-1 Village-4,goat,3,0,9,40.9,Animals isolated as precaution.,True,False,False,False,False,False,False,False,False,False,False,False,0.0,LOW
610,2026-05-20,Nagpur,Nagpur Block-3,Nagpur Block-3 Village-1,goat,17,8,3,,,True,False,True,True,False,True,False,False,False,False,False,False,0.471,HIGH
611,2026-05-20,Pune,Pune Block-3,Pune Block-3 Village-2,cattle,7,1,6,,Reported by local field worker.,True,True,True,False,False,False,False,False,False,False,False,False,0.143,LOW
612,2026-05-20,Sambhajinagar,Sambhajinagar Block-1,Sambhajinagar Block-1 Village-2,sheep,6,1,3,39.0,Reported by local field worker.,False,True,True,False,False,True,True,False,False,False,False,False,0.167,LOW
613,2026-05-20,Sambhajinagar,Sambhajinagar Block-1,Sambhajinagar Block-1 Village-4,buffalo,2,0,3,38.8,,False,False,False,False,False,False,False,False,True,False,False,False,0.0,LOW
614,2026-05-20,Pune,Pune Block-2,Pune Block-2 Village-3,cattle,2,0,5,38.8,Similar cases seen in neighbouring herd.,False,True,False,False,False,False,False,True,False,False,False,False,0.0,LOW
615,2026-05-20,Amravati,Amravati Block-3,Amravati Block-3 Village-5,goat,4,0,9,,,False,False,False,True,False,False,False,False,False,False,False,False,0.0,LOW
616,2026-05-20,Nashik,Nashik Block-3,Nashik Block-3 Village-1,cattle,3,0,5,,Reported by local field worker.,False,True,False,True,False,False,False,True,False,False,False,False,0.0,LOW
617,2026-05-20,Sambhajinagar,Sambhajinagar Block-3,Sambhajinagar Block-3 Village-4,poultry,4,0,4,,,True,False,False,False,False,False,False,False,False,False,False,False,0.0,LOW
618,2026-05-20,Kolhapur,Kolhapur Block-3,Kolhapur Block-3 Village-1,buffalo,2,0,7,39.1,Reported by local field worker.,False,True,False,False,False,True,False,False,False,False,False,False,0.0,LOW
619,2026-05-20,Pune,Pune Block-2,Pune Block-2 Village-4,goat,1,0,4,,Reported by local field worker.,True,False,False,True,False,False,False,False,True,False,False,False,0.0,LOW
620,2026-05-20,Pune,Pune Block-2,Pune Block-2 Village-2,goat,2,0,6,40.3,,True,False,True,True,False,False,True,False,False,False,False,False,0.0,LOW
621,2026-05-20,Kolhapur,Kolhapur Block-3,Kolhapur Block-3 Village-3,goat,3,0,8,39.4,,True,True,False,False,False,False,False,False,False,False,False,False,0.0,LOW
622,2026-05-20,Nashik,Nashik Block-3,Nashik Block-3 Village-1,poultry,4,0,1,,,False,False,True,False,False,False,False,False,False,False,False,False,0.0,LOW
623,2026-05-20,Nashik,Nashik Block-3,Nashik Block-3 Village-2,buffalo,1,0,2,41.3,Reported by local field worker.,True,True,False,False,False,False,False,True,False,True,False,False,0.0,LOW
624,2026-05-20,Kolhapur,Kolhapur Block-1,Kolhapur Block-1 Village-1,cattle,5,0,2,,Animals isolated as precaution.,False,True,False,True,False,False,False,False,False,False,False,False,0.0,LOW
625,2026-05-20,Kolhapur,Kolhapur Block-1,Kolhapur Block-1 Village-3,goat,3,0,2,37.8,Reported by local field worker.,False,True,False,False,False,False,False,False,False,False,False,False,0.0,LOW
626,2026-05-20,Nashik,Nashik Block-3,Nashik Block-3 Village-4,goat,2,0,5,38.6,Animals isolated as precaution.,False,False,False,False,False,False,False,False,False,False,True,False,0.0,MEDIUM
627,2026-05-20,Sambhajinagar,Sambhajinagar Block-2,Sambhajinagar Block-2 Village-1,poultry,1,0,7,,Farmer requested urgent visit.,False,True,False,False,True,True,True,False,False,False,False,False,0.0,LOW
628,2026-05-20,Nashik,Nashik Block-2,Nashik Block-2 Village-5,cattle,3,0,9,,,True,True,True,False,False,False,False,False,False,True,False,False,0.0,LOW
629,2026-05-20,Nashik,Nashik Block-1,Nashik Block-1 Village-3,sheep,3,0,1,39.3,Animals isolated as precaution.,True,False,False,False,True,False,False,False,False,False,False,False,0.0,LOW
630,2026-05-20,Sambhajinagar,Sambhajinagar Block-1,Sambhajinagar Block-1 Village-5,cattle,1,0,6,,Animals isolated as precaution.,True,False,False,False,False,True,False,False,False,False,False,False,0.0,LOW
631,2026-05-20,Nagpur,Nagpur Block-1,Nagpur Block-1 Village-3,buffalo,3,0,8,40.2,Farmer requested urgent visit.,True,False,False,False,True,False,True,False,False,False,False,False,0.0,LOW
632,2026-05-20,Sambhajinagar,Sambhajinagar Block-1,Sambhajinagar Block-1 Village-5,goat,2,0,6,38.7,Farmer requested urgent visit.,False,False,False,False,False,False,True,False,False,False,False,False,0.0,LOW
633,2026-05-20,Kolhapur,Kolhapur Block-3,Kolhapur Block-3 Village-3,goat,4,0,2,,,True,False,False,False,False,False,False,False,False,False,False,False,0.0,LOW
634,2026-05-20,Pune,Pune Block-1,Pune Block-1 Village-1,goat,2,0,8,37.8,,False,False,False,False,False,False,False,False,True,False,False,False,0.0,LOW
635,2026-05-20,Kolhapur,Kolhapur Block-1,Kolhapur Block-1 Village-3,goat,2,0,2,41.4,,True,False,False,False,False,False,False,False,False,False,False,False,0.0,LOW
636,2026-05-20,Pune,Pune Block-3,Pune Block-3 Village-1,cattle,3,0,8,,,True,True,False,True,False,False,False,False,False,False,False,False,0.0,LOW
637,2026-05-20,Nagpur,Nagpur Block-2,Nagpur Block-2 Village-4,goat,4,0,9,38.0,Farmer requested urgent visit.,False,False,False,True,False,True,False,False,False,False,False,False,0.0,LOW
638,2026-05-20,Nagpur,Nagpur Block-3,Nagpur Block-3 Village-1,cattle,5,1,2,,Reported by local field worker.,False,True,True,False,False,True,False,True,False,False,False,False,0.2,LOW
639,2026-05-20,Nashik,Nashik Block-1,Nashik Block-1 Village-4,cattle,4,0,8,41.3,Reported by local field worker.,True,True,True,False,False,True,False,False,False,False,False,False,0.0,LOW
640,2026-05-20,Nashik,Nashik Block-2,Nashik Block-2 Village-1,sheep,4,0,6,,Reported by local field worker.,True,False,False,False,False,False,False,False,True,False,False,False,0.0,LOW
641,2026-05-20,Pune,Pune Block-3,Pune Block-3 Village-4,buffalo,1,0,3,,,False,False,False,False,False,False,False,False,False,True,False,False,0.0,LOW
642,2026-05-20,Kolhapur,Kolhapur Block-3,Kolhapur Block-3 Village-4,poultry,3,0,8,39.6,Farmer requested urgent visit.,True,False,False,False,False,True,False,False,False,False,False,False,0.0,LOW
643,2026-05-20,Amravati,Amravati Block-2,Amravati Block-2 Village-2,sheep,1,0,1,39.3,,True,False,False,True,False,False,False,False,False,False,False,False,0.0,LOW
644,2026-05-20,Kolhapur,Kolhapur Block-3,Kolhapur Block-3 Village-1,goat,6,0,3,41.3,Reported by local field worker.,True,True,False,False,True,True,False,False,True,False,False,False,0.0,LOW
645,2026-05-20,Pune,Pune Block-3,Pune Block-3 Village-3,cattle,2,0,5,38.2,,False,True,False,True,False,False,False,False,False,True,False,False,0.0,LOW
646,2026-05-20,Kolhapur,Kolhapur Block-3,Kolhapur Block-3 Village-2,cattle,23,4,3,39.8,,True,True,True,False,False,True,False,False,False,False,False,False,0.174,MEDIUM
647,2026-05-20,Nagpur,Nagpur Block-2,Nagpur Block-2 Village-2,goat,4,0,1,,Farmer requested urgent visit.,True,False,False,False,False,False,False,False,False,False,False,False,0.0,LOW
648,2026-05-20,Nagpur,Nagpur Block-1,Nagpur Block-1 Village-3,goat,1,0,5,40.7,Farmer requested urgent visit.,True,False,False,False,True,False,False,False,False,False,False,False,0.0,LOW
649,2026-05-21,Pune,Pune Block-3,Pune Block-3 Village-2,poultry,19,10,2,,Similar cases seen in neighbouring herd.,True,True,False,True,True,False,True,False,False,True,False,True,0.526,HIGH
650,2026-05-21,Pune,Pune Block-3,Pune Block-3 Village-2,goat,9,1,3,,Farmer requested urgent visit.,False,False,False,True,False,False,False,False,True,False,False,False,0.111,LOW
651,2026-05-21,Pune,Pune Block-3,Pune Block-3 Village-2,cattle,5,1,8,40.1,,True,False,True,True,False,True,False,True,False,False,False,False,0.2,LOW
652,2026-05-21,Pune,Pune Block-3,Pune Block-3 Village-5,buffalo,3,0,2,38.2,Farmer requested urgent visit.,False,True,False,False,False,False,True,False,False,False,False,False,0.0,LOW
653,2026-05-21,Nagpur,Nagpur Block-3,Nagpur Block-3 Village-1,goat,2,0,4,40.1,Farmer requested urgent visit.,True,False,False,False,False,True,False,False,False,False,False,False,0.0,LOW
654,2026-05-21,Nagpur,Nagpur Block-1,Nagpur Block-1 Village-5,goat,5,0,5,40.0,Reported by local field worker.,True,True,False,False,False,False,False,False,True,False,False,False,0.0,LOW
655,2026-05-21,Amravati,Amravati Block-3,Amravati Block-3 Village-1,sheep,4,0,3,41.4,Reported by local field worker.,True,False,True,False,False,True,True,False,False,False,False,False,0.0,LOW
656,2026-05-21,Kolhapur,Kolhapur Block-2,Kolhapur Block-2 Village-3,sheep,1,0,3,,Animals isolated as precaution.,False,False,False,False,False,True,False,False,False,True,False,False,0.0,LOW
657,2026-05-21,Pune,Pune Block-1,Pune Block-1 Village-3,goat,4,0,9,38.9,,False,False,True,False,False,False,False,False,False,False,False,False,0.0,LOW
658,2026-05-21,Nagpur,Nagpur Block-3,Nagpur Block-3 Village-3,goat,2,0,7,,Reported by local field worker.,True,False,True,True,False,True,False,False,False,False,False,False,0.0,LOW
659,2026-05-21,Sambhajinagar,Sambhajinagar Block-1,Sambhajinagar Block-1 Village-5,goat,6,1,9,39.0,,False,False,True,False,False,False,False,False,False,True,False,False,0.167,LOW
660,2026-05-21,Pune,Pune Block-1,Pune Block-1 Village-4,cattle,4,0,2,38.1,Animals isolated as precaution.,False,True,False,False,False,False,False,False,False,False,False,False,0.0,LOW
661,2026-05-21,Amravati,Amravati Block-2,Amravati Block-2 Village-5,cattle,1,0,1,38.2,Reported by local field worker.,False,False,True,False,False,False,False,False,False,False,False,False,0.0,LOW
662,2026-05-21,Nashik,Nashik Block-1,Nashik Block-1 Village-2,buffalo,10,3,1,40.8,Farmer requested urgent visit.,True,True,True,True,False,False,False,True,True,False,False,False,0.3,MEDIUM
663,2026-05-21,Sambhajinagar,Sambhajinagar Block-3,Sambhajinagar Block-3 Village-5,goat,1,0,9,41.1,,True,False,False,False,True,False,False,False,False,False,False,False,0.0,LOW
664,2026-05-21,Sambhajinagar,Sambhajinagar Block-1,Sambhajinagar Block-1 Village-2,goat,2,0,5,,,True,False,False,True,True,False,False,False,False,False,False,False,0.0,LOW
665,2026-05-21,Sambhajinagar,Sambhajinagar Block-1,Sambhajinagar Block-1 Village-1,goat,7,1,6,39.8,Similar cases seen in neighbouring herd.,True,True,True,False,False,False,False,False,False,False,False,False,0.143,LOW
666,2026-05-21,Nagpur,Nagpur Block-3,Nagpur Block-3 Village-1,sheep,4,0,5,38.0,Similar cases seen in neighbouring herd.,False,False,False,True,False,False,False,False,False,False,False,False,0.0,LOW
667,2026-05-21,Nashik,Nashik Block-3,Nashik Block-3 Village-1,sheep,4,0,7,,Farmer requested urgent visit.,False,False,False,False,False,False,True,False,False,False,False,False,0.0,LOW
668,2026-05-21,Kolhapur,Kolhapur Block-2,Kolhapur Block-2 Village-2,goat,4,0,4,39.8,Animals isolated as precaution.,True,True,False,True,True,False,False,False,False,False,False,False,0.0,LOW
669,2026-05-21,Pune,Pune Block-1,Pune Block-1 Village-4,cattle,2,0,7,38.3,Animals isolated as precaution.,False,False,False,False,True,False,False,False,False,False,False,False,0.0,LOW
670,2026-05-21,Pune,Pune Block-3,Pune Block-3 Village-5,sheep,4,0,6,,Animals isolated as precaution.,False,False,False,True,False,False,False,False,False,False,False,False,0.0,LOW
671,2026-05-21,Kolhapur,Kolhapur Block-1,Kolhapur Block-1 Village-1,goat,3,0,6,,Similar cases seen in neighbouring herd.,False,True,False,False,True,True,False,False,False,False,False,False,0.0,LOW
672,2026-05-21,Nashik,Nashik Block-3,Nashik Block-3 Village-5,buffalo,3,0,4,,Similar cases seen in neighbouring herd.,False,False,False,False,False,False,False,False,False,True,False,False,0.0,LOW
673,2026-05-21,Nashik,Nashik Block-1,Nashik Block-1 Village-1,cattle,3,0,3,38.5,Similar cases seen in neighbouring herd.,False,False,False,False,False,True,False,False,False,True,False,False,0.0,LOW
674,2026-05-21,Nagpur,Nagpur Block-2,Nagpur Block-2 Village-1,goat,3,0,5,40.0,,True,False,False,False,False,True,False,False,False,False,False,False,0.0,LOW
675,2026-05-21,Sambhajinagar,Sambhajinagar Block-3,Sambhajinagar Block-3 Village-1,goat,20,10,3,,Reported by local field worker.,True,False,False,True,False,True,True,False,False,False,False,False,0.5,HIGH
676,2026-05-21,Nagpur,Nagpur Block-2,Nagpur Block-2 Village-3,goat,3,0,2,38.6,,False,True,False,False,False,False,False,False,False,False,False,False,0.0,LOW
677,2026-05-21,Amravati,Amravati Block-3,Amravati Block-3 Village-1,cattle,4,0,9,,Animals isolated as precaution.,True,True,False,False,False,False,False,False,True,False,False,False,0.0,LOW
678,2026-05-21,Nashik,Nashik Block-1,Nashik Block-1 Village-5,goat,1,0,4,40.6,Reported by local field worker.,True,True,False,False,False,False,True,False,False,False,False,False,0.0,LOW
679,2026-05-21,Amravati,Amravati Block-2,Amravati Block-2 Village-4,buffalo,4,0,8,,Reported by local field worker.,False,False,False,False,False,False,True,False,True,False,False,False,0.0,LOW
680,2026-05-21,Nagpur,Nagpur Block-3,Nagpur Block-3 Village-1,sheep,4,0,5,41.1,Animals isolated as precaution.,True,False,False,True,False,False,False,False,False,False,False,False,0.0,LOW
681,2026-05-21,Amravati,Amravati Block-3,Amravati Block-3 Village-5,cattle,3,0,9,38.8,Similar cases seen in neighbouring herd.,False,False,False,True,False,False,False,False,False,False,False,False,0.0,LOW
682,2026-05-21,Pune,Pune Block-3,Pune Block-3 Village-5,cattle,2,0,9,38.2,,False,False,False,True,False,False,False,False,False,False,False,False,0.0,LOW
683,2026-05-21,Sambhajinagar,Sambhajinagar Block-3,Sambhajinagar Block-3 Village-1,buffalo,3,0,3,40.8,,True,False,True,False,True,False,False,True,False,False,False,False,0.0,LOW
684,2026-05-21,Nagpur,Nagpur Block-3,Nagpur Block-3 Village-3,cattle,2,0,5,38.6,Similar cases seen in neighbouring herd.,False,True,True,False,False,True,False,False,False,False,False,False,0.0,LOW
685,2026-05-21,Sambhajinagar,Sambhajinagar Block-1,Sambhajinagar Block-1 Village-1,poultry,4,0,6,,Animals isolated as precaution.,False,False,True,False,False,False,False,False,False,False,False,False,0.0,LOW
686,2026-05-21,Sambhajinagar,Sambhajinagar Block-1,Sambhajinagar Block-1 Village-5,goat,1,0,1,38.5,,False,False,False,False,False,False,False,True,False,False,False,False,0.0,LOW
687,2026-05-21,Nagpur,Nagpur Block-3,Nagpur Block-3 Village-1,buffalo,3,0,9,38.5,Similar cases seen in neighbouring herd.,False,False,False,False,False,False,False,False,False,True,False,False,0.0,LOW
688,2026-05-21,Amravati,Amravati Block-1,Amravati Block-1 Village-4,goat,3,0,4,41.5,,True,False,True,False,False,False,False,False,False,False,False,False,0.0,LOW
689,2026-05-21,Nashik,Nashik Block-2,Nashik Block-2 Village-3,buffalo,4,0,1,38.1,Reported by local field worker.,False,False,False,True,False,False,False,False,False,False,False,False,0.0,LOW
690,2026-05-21,Amravati,Amravati Block-1,Amravati Block-1 Village-4,cattle,4,0,4,39.0,Reported by local field worker.,False,True,False,False,False,True,False,False,False,False,False,False,0.0,LOW
691,2026-05-21,Pune,Pune Block-3,Pune Block-3 Village-2,buffalo,4,0,3,,,True,False,True,False,False,False,False,False,False,False,False,False,0.0,LOW
692,2026-05-21,Nashik,Nashik Block-1,Nashik Block-1 Village-2,cattle,1,0,7,,Animals isolated as precaution.,False,False,False,False,False,False,True,False,False,False,False,False,0.0,LOW
693,2026-05-21,Nagpur,Nagpur Block-2,Nagpur Block-2 Village-3,goat,3,0,4,38.7,Reported by local field worker.,False,False,False,False,True,False,False,False,False,False,False,False,0.0,LOW
694,2026-05-21,Nagpur,Nagpur Block-3,Nagpur Block-3 Village-5,buffalo,1,0,8,,Similar cases seen in neighbouring herd.,False,True,False,False,False,False,False,False,False,False,False,False,0.0,LOW
695,2026-05-21,Nashik,Nashik Block-2,Nashik Block-2 Village-1,poultry,6,0,7,38.7,,False,True,True,True,False,True,False,False,False,False,False,False,0.0,LOW
696,2026-05-21,Pune,Pune Block-1,Pune Block-1 Village-3,cattle,3,0,2,40.2,Animals isolated as precaution.,True,False,False,True,False,False,True,False,False,False,False,False,0.0,LOW
697,2026-05-21,Kolhapur,Kolhapur Block-3,Kolhapur Block-3 Village-2,goat,7,1,7,39.5,Farmer requested urgent visit.,True,True,False,True,False,False,False,True,False,False,False,False,0.143,LOW
698,2026-05-22,Nagpur,Nagpur Block-3,Nagpur Block-3 Village-1,cattle,4,1,4,39.5,Farmer requested urgent visit.,True,True,True,True,False,False,False,False,False,False,False,True,0.25,MEDIUM
699,2026-05-22,Pune,Pune Block-3,Pune Block-3 Village-2,buffalo,5,1,3,39.7,,True,True,False,True,False,True,False,False,False,False,False,False,0.2,LOW
700,2026-05-22,Nashik,Nashik Block-1,Nashik Block-1 Village-5,sheep,4,0,7,38.9,,False,False,False,True,False,False,False,False,False,False,False,False,0.0,LOW
701,2026-05-22,Pune,Pune Block-3,Pune Block-3 Village-1,goat,2,0,8,39.8,Animals isolated as precaution.,True,True,True,False,False,False,True,False,False,False,False,False,0.0,LOW
702,2026-05-22,Nagpur,Nagpur Block-1,Nagpur Block-1 Village-2,cattle,4,1,7,40.7,Animals isolated as precaution.,True,False,True,True,False,True,False,False,False,False,False,False,0.25,LOW
703,2026-05-22,Pune,Pune Block-1,Pune Block-1 Village-4,cattle,1,0,5,38.5,,False,False,False,False,False,False,False,True,False,False,False,False,0.0,LOW
704,2026-05-22,Nashik,Nashik Block-1,Nashik Block-1 Village-4,sheep,3,0,7,37.7,Farmer requested urgent visit.,False,False,False,True,True,False,False,True,False,False,False,True,0.0,MEDIUM
705,2026-05-22,Pune,Pune Block-2,Pune Block-2 Village-3,cattle,3,0,1,,Animals isolated as precaution.,False,False,False,True,False,True,False,True,False,True,False,False,0.0,LOW
706,2026-05-22,Kolhapur,Kolhapur Block-2,Kolhapur Block-2 Village-1,poultry,1,0,3,,Animals isolated as precaution.,False,True,True,True,False,False,False,False,False,False,False,False,0.0,LOW
707,2026-05-22,Amravati,Amravati Block-1,Amravati Block-1 Village-5,sheep,3,0,4,38.5,Similar cases seen in neighbouring herd.,False,False,False,True,False,False,False,False,False,False,False,False,0.0,LOW
708,2026-05-22,Sambhajinagar,Sambhajinagar Block-3,Sambhajinagar Block-3 Village-1,sheep,4,0,5,37.8,,False,True,False,True,False,False,False,True,False,False,False,False,0.0,LOW
709,2026-05-22,Nagpur,Nagpur Block-3,Nagpur Block-3 Village-5,cattle,4,1,6,,Farmer requested urgent visit.,True,True,False,False,False,True,False,False,False,False,False,False,0.25,MEDIUM
710,2026-05-22,Nagpur,Nagpur Block-2,Nagpur Block-2 Village-1,sheep,1,0,2,41.0,,True,True,True,False,False,False,False,False,False,False,False,True,0.0,MEDIUM
711,2026-05-22,Nashik,Nashik Block-2,Nashik Block-2 Village-5,sheep,2,0,5,,,True,False,False,False,False,False,False,False,False,False,False,False,0.0,LOW
712,2026-05-22,Pune,Pune Block-3,Pune Block-3 Village-4,goat,3,0,5,38.9,Similar cases seen in neighbouring herd.,False,True,False,False,False,False,False,False,False,True,False,False,0.0,LOW
713,2026-05-22,Sambhajinagar,Sambhajinagar Block-1,Sambhajinagar Block-1 Village-1,cattle,3,0,4,38.6,,False,False,False,False,False,False,False,False,False,False,True,False,0.0,LOW
714,2026-05-22,Nashik,Nashik Block-3,Nashik Block-3 Village-2,sheep,2,0,6,,,False,False,False,True,False,False,False,False,False,False,False,False,0.0,LOW
715,2026-05-22,Nagpur,Nagpur Block-2,Nagpur Block-2 Village-5,goat,2,0,4,38.7,Similar cases seen in neighbouring herd.,False,False,False,False,True,False,False,False,True,False,False,False,0.0,LOW
716,2026-05-22,Kolhapur,Kolhapur Block-1,Kolhapur Block-1 Village-1,cattle,1,0,8,37.9,Farmer requested urgent visit.,False,False,True,False,True,False,False,False,False,False,False,False,0.0,LOW
717,2026-05-22,Kolhapur,Kolhapur Block-1,Kolhapur Block-1 Village-5,cattle,1,0,6,38.5,Animals isolated as precaution.,False,False,True,False,False,False,False,True,True,False,False,False,0.0,LOW
718,2026-05-22,Sambhajinagar,Sambhajinagar Block-3,Sambhajinagar Block-3 Village-4,goat,3,0,8,,,False,False,False,False,False,False,False,False,False,False,True,False,0.0,MEDIUM
719,2026-05-22,Sambhajinagar,Sambhajinagar Block-3,Sambhajinagar Block-3 Village-4,cattle,12,6,2,41.2,Farmer requested urgent visit.,True,False,False,True,False,True,False,True,False,False,False,False,0.5,HIGH
720,2026-05-22,Nashik,Nashik Block-1,Nashik Block-1 Village-3,goat,1,0,7,39.0,Reported by local field worker.,False,True,False,True,False,True,False,False,False,False,False,False,0.0,LOW
721,2026-05-22,Nashik,Nashik Block-3,Nashik Block-3 Village-4,sheep,2,0,7,40.4,,True,False,False,False,False,True,False,False,False,False,False,False,0.0,LOW
722,2026-05-22,Pune,Pune Block-1,Pune Block-1 Village-4,goat,4,0,9,40.8,,True,False,False,False,False,False,False,False,False,False,False,False,0.0,LOW
723,2026-05-22,Amravati,Amravati Block-3,Amravati Block-3 Village-5,sheep,4,0,4,38.6,Farmer requested urgent visit.,False,False,False,False,False,False,False,False,True,False,False,False,0.0,LOW
724,2026-05-22,Sambhajinagar,Sambhajinagar Block-3,Sambhajinagar Block-3 Village-4,poultry,1,0,5,37.9,Reported by local field worker.,False,False,True,False,False,False,False,False,False,False,False,False,0.0,LOW
725,2026-05-22,Amravati,Amravati Block-3,Amravati Block-3 Village-1,buffalo,2,0,5,38.4,Similar cases seen in neighbouring herd.,False,False,True,False,False,False,False,False,False,False,False,False,0.0,LOW
726,2026-05-22,Nashik,Nashik Block-3,Nashik Block-3 Village-1,goat,3,0,8,41.2,,True,False,False,True,False,False,False,False,False,False,False,False,0.0,LOW
727,2026-05-22,Amravati,Amravati Block-2,Amravati Block-2 Village-4,sheep,3,0,5,39.5,,True,False,False,True,False,False,False,False,False,False,False,False,0.0,LOW
728,2026-05-22,Pune,Pune Block-3,Pune Block-3 Village-3,goat,1,0,7,39.9,Farmer requested urgent visit.,True,False,False,False,False,False,True,False,False,False,False,False,0.0,LOW
729,2026-05-22,Nagpur,Nagpur Block-2,Nagpur Block-2 Village-5,cattle,3,0,5,40.4,Animals isolated as precaution.,True,False,False,False,False,True,False,False,False,False,False,False,0.0,LOW
730,2026-05-22,Kolhapur,Kolhapur Block-1,Kolhapur Block-1 Village-4,sheep,4,0,7,40.8,Similar cases seen in neighbouring herd.,True,True,False,False,False,False,False,False,False,False,False,False,0.0,LOW
731,2026-05-22,Sambhajinagar,Sambhajinagar Block-3,Sambhajinagar Block-3 Village-3,sheep,3,0,2,40.5,Similar cases seen in neighbouring herd.,True,False,False,False,True,False,False,False,False,False,False,False,0.0,LOW
732,2026-05-22,Sambhajinagar,Sambhajinagar Block-1,Sambhajinagar Block-1 Village-2,buffalo,4,0,2,,Reported by local field worker.,False,False,False,False,False,True,False,False,False,False,False,False,0.0,LOW
733,2026-05-22,Amravati,Amravati Block-1,Amravati Block-1 Village-3,cattle,1,0,5,40.8,Animals isolated as precaution.,True,True,True,False,False,False,True,False,False,False,False,False,0.0,LOW
734,2026-05-22,Sambhajinagar,Sambhajinagar Block-3,Sambhajinagar Block-3 Village-4,buffalo,4,0,4,41.1,Similar cases seen in neighbouring herd.,True,False,False,True,True,True,False,False,False,False,False,False,0.0,LOW
735,2026-05-22,Nashik,Nashik Block-3,Nashik Block-3 Village-5,buffalo,3,0,4,39.1,Reported by local field worker.,False,False,False,False,False,False,False,False,True,False,False,False,0.0,LOW
736,2026-05-22,Pune,Pune Block-3,Pune Block-3 Village-2,sheep,4,0,9,38.2,,False,False,True,True,True,False,True,False,False,False,False,False,0.0,LOW
737,2026-05-22,Pune,Pune Block-3,Pune Block-3 Village-2,buffalo,2,0,9,38.1,Similar cases seen in neighbouring herd.,False,False,True,False,False,False,False,False,False,False,False,False,0.0,LOW
738,2026-05-22,Nashik,Nashik Block-3,Nashik Block-3 Village-3,sheep,3,0,3,38.6,,False,False,True,False,False,False,True,False,False,False,False,False,0.0,LOW
739,2026-05-22,Sambhajinagar,Sambhajinagar Block-3,Sambhajinagar Block-3 Village-4,goat,4,0,9,39.1,Similar cases seen in neighbouring herd.,False,False,False,False,False,False,True,False,False,False,False,False,0.0,LOW
740,2026-05-22,Kolhapur,Kolhapur Block-1,Kolhapur Block-1 Village-5,goat,1,0,6,,,False,False,False,False,False,False,False,False,False,False,False,True,0.0,LOW
741,2026-05-22,Amravati,Amravati Block-3,Amravati Block-3 Village-5,cattle,1,0,7,37.9,Animals isolated as precaution.,False,False,True,False,True,True,False,False,False,False,False,False,0.0,LOW
742,2026-05-22,Nashik,Nashik Block-2,Nashik Block-2 Village-1,goat,2,0,3,40.2,,True,True,False,False,False,True,False,False,False,False,False,False,0.0,LOW
743,2026-05-22,Amravati,Amravati Block-3,Amravati Block-3 Village-3,goat,1,0,7,41.0,,True,False,True,True,False,False,False,False,False,False,False,False,0.0,LOW
744,2026-05-22,Nagpur,Nagpur Block-2,Nagpur Block-2 Village-2,sheep,6,0,4,,,False,True,False,True,True,True,False,False,False,False,False,False,0.0,LOW
745,2026-05-22,Kolhapur,Kolhapur Block-2,Kolhapur Block-2 Village-1,cattle,1,0,7,37.9,Farmer requested urgent visit.,False,False,False,False,False,False,False,False,False,False,False,True,0.0,LOW
746,2026-05-22,Nagpur,Nagpur Block-1,Nagpur Block-1 Village-4,cattle,2,0,6,,Animals isolated as precaution.,True,False,False,True,False,False,True,False,False,False,False,False,0.0,LOW
747,2026-05-22,Nashik,Nashik Block-3,Nashik Block-3 Village-1,buffalo,3,0,2,,,True,False,True,False,False,True,True,False,False,False,False,False,0.0,LOW
748,2026-05-22,Nagpur,Nagpur Block-1,Nagpur Block-1 Village-1,buffalo,4,0,9,39.0,Animals isolated as precaution.,False,True,False,False,False,False,False,False,False,False,False,False,0.0,LOW
749,2026-05-22,Sambhajinagar,Sambhajinagar Block-2,Sambhajinagar Block-2 Village-2,sheep,9,2,9,40.3,Reported by local field worker.,True,False,True,True,True,True,False,False,False,True,False,False,0.222,MEDIUM
750,2026-05-22,Nashik,Nashik Block-3,Nashik Block-3 Village-4,cattle,5,1,8,41.0,,True,False,False,False,False,True,True,False,False,False,False,False,0.2,LOW
751,2026-05-22,Nashik,Nashik Block-3,Nashik Block-3 Village-3,sheep,1,0,4,39.8,,True,False,False,True,False,False,False,False,False,False,False,False,0.0,LOW
752,2026-05-22,Amravati,Amravati Block-3,Amravati Block-3 Village-4,sheep,1,0,2,38.4,Reported by local field worker.,False,False,False,False,False,False,False,False,True,False,False,False,0.0,LOW
753,2026-05-22,Sambhajinagar,Sambhajinagar Block-2,Sambhajinagar Block-2 Village-1,goat,2,0,9,41.0,Farmer requested urgent visit.,True,False,False,True,False,True,True,True,True,False,False,False,0.0,LOW
754,2026-05-23,Kolhapur,Kolhapur Block-3,Kolhapur Block-3 Village-4,cattle,8,1,3,,,True,True,False,True,True,False,False,False,False,False,False,False,0.125,LOW
755,2026-05-23,Sambhajinagar,Sambhajinagar Block-2,Sambhajinagar Block-2 Village-4,cattle,2,0,4,38.2,Farmer requested urgent visit.,False,False,False,True,False,False,False,False,False,False,False,False,0.0,LOW
756,2026-05-23,Nagpur,Nagpur Block-3,Nagpur Block-3 Village-3,cattle,3,0,7,38.0,Animals isolated as precaution.,False,False,False,False,False,False,False,False,True,False,False,False,0.0,LOW
757,2026-05-23,Nashik,Nashik Block-1,Nashik Block-1 Village-5,sheep,3,0,6,,Animals isolated as precaution.,False,False,False,True,True,False,False,False,False,False,False,False,0.0,LOW
758,2026-05-23,Nagpur,Nagpur Block-1,Nagpur Block-1 Village-5,cattle,4,0,7,,Reported by local field worker.,False,False,True,False,False,False,False,False,False,False,False,False,0.0,LOW
759,2026-05-23,Pune,Pune Block-3,Pune Block-3 Village-4,goat,2,0,1,,,True,False,False,False,True,False,False,False,False,False,False,False,0.0,LOW
760,2026-05-23,Nashik,Nashik Block-2,Nashik Block-2 Village-3,cattle,3,0,2,38.1,Similar cases seen in neighbouring herd.,False,False,False,False,False,False,False,True,False,False,False,False,0.0,LOW
761,2026-05-23,Nashik,Nashik Block-3,Nashik Block-3 Village-4,buffalo,3,0,3,,Similar cases seen in neighbouring herd.,False,False,False,True,False,True,False,False,False,False,False,False,0.0,LOW
762,2026-05-23,Nagpur,Nagpur Block-2,Nagpur Block-2 Village-2,goat,1,0,2,,,False,False,False,True,False,True,False,False,False,False,True,False,0.0,LOW
763,2026-05-23,Amravati,Amravati Block-1,Amravati Block-1 Village-4,cattle,6,1,6,,Animals isolated as precaution.,True,False,True,False,False,False,False,False,False,False,False,False,0.167,LOW
764,2026-05-23,Nashik,Nashik Block-3,Nashik Block-3 Village-3,cattle,20,11,1,41.5,Similar cases seen in neighbouring herd.,True,True,True,False,True,False,True,True,False,False,False,False,0.55,HIGH
765,2026-05-23,Nagpur,Nagpur Block-2,Nagpur Block-2 Village-4,cattle,4,0,6,,Reported by local field worker.,False,False,False,False,False,False,True,False,False,False,False,False,0.0,LOW
766,2026-05-23,Kolhapur,Kolhapur Block-2,Kolhapur Block-2 Village-2,cattle,8,1,9,39.5,Reported by local field worker.,True,False,True,True,True,False,True,False,False,False,False,False,0.125,LOW
767,2026-05-23,Amravati,Amravati Block-3,Amravati Block-3 Village-3,poultry,3,0,6,39.5,Animals isolated as precaution.,True,False,False,False,False,False,True,False,True,False,False,False,0.0,LOW
768,2026-05-23,Amravati,Amravati Block-3,Amravati Block-3 Village-3,cattle,4,0,3,38.5,,False,False,False,False,False,False,True,False,False,False,False,False,0.0,LOW
769,2026-05-23,Sambhajinagar,Sambhajinagar Block-1,Sambhajinagar Block-1 Village-5,goat,14,7,3,39.0,Animals isolated as precaution.,False,True,False,True,True,True,True,False,True,False,False,False,0.5,HIGH
770,2026-05-23,Pune,Pune Block-1,Pune Block-1 Village-3,cattle,3,0,6,,,True,False,False,False,False,False,False,False,False,False,False,False,0.0,LOW
771,2026-05-23,Kolhapur,Kolhapur Block-1,Kolhapur Block-1 Village-2,cattle,2,0,2,,,False,False,False,False,False,False,True,False,False,False,False,False,0.0,LOW
772,2026-05-23,Sambhajinagar,Sambhajinagar Block-2,Sambhajinagar Block-2 Village-1,buffalo,4,0,7,39.0,,False,True,False,False,False,False,False,False,False,False,False,False,0.0,LOW
773,2026-05-23,Kolhapur,Kolhapur Block-3,Kolhapur Block-3 Village-2,cattle,18,7,2,39.7,,True,True,True,True,False,True,False,False,False,False,False,False,0.389,HIGH
774,2026-05-23,Sambhajinagar,Sambhajinagar Block-1,Sambhajinagar Block-1 Village-2,cattle,4,0,9,40.7,Similar cases seen in neighbouring herd.,True,False,False,True,False,True,False,False,False,False,False,False,0.0,LOW
775,2026-05-23,Sambhajinagar,Sambhajinagar Block-1,Sambhajinagar Block-1 Village-1,poultry,2,0,1,40.6,Animals isolated as precaution.,True,False,False,False,False,False,False,True,False,False,False,False,0.0,LOW
776,2026-05-23,Pune,Pune Block-3,Pune Block-3 Village-2,poultry,5,2,1,41.2,Animals isolated as precaution.,True,True,False,True,True,False,True,False,False,False,False,False,0.4,MEDIUM
777,2026-05-23,Amravati,Amravati Block-3,Amravati Block-3 Village-4,cattle,3,0,5,38.2,,False,False,False,True,False,True,False,False,True,False,False,False,0.0,LOW
778,2026-05-23,Sambhajinagar,Sambhajinagar Block-2,Sambhajinagar Block-2 Village-2,buffalo,3,0,7,38.0,,False,False,True,False,False,True,False,False,False,False,False,False,0.0,LOW
779,2026-05-23,Sambhajinagar,Sambhajinagar Block-1,Sambhajinagar Block-1 Village-1,sheep,7,1,3,,Reported by local field worker.,True,False,False,False,False,True,False,False,False,False,False,False,0.143,LOW
780,2026-05-23,Amravati,Amravati Block-3,Amravati Block-3 Village-4,cattle,2,0,5,39.0,Animals isolated as precaution.,False,False,False,False,False,True,False,False,False,False,False,False,0.0,LOW
781,2026-05-23,Amravati,Amravati Block-1,Amravati Block-1 Village-3,cattle,13,3,3,39.5,Reported by local field worker.,True,True,True,True,True,True,True,True,False,False,False,False,0.231,MEDIUM
782,2026-05-23,Kolhapur,Kolhapur Block-1,Kolhapur Block-1 Village-3,cattle,4,0,4,40.0,,True,False,False,True,False,False,True,False,False,False,False,False,0.0,LOW
783,2026-05-23,Kolhapur,Kolhapur Block-3,Kolhapur Block-3 Village-2,goat,4,0,4,,Reported by local field worker.,True,True,False,False,True,False,False,False,False,False,False,False,0.0,LOW
784,2026-05-23,Amravati,Amravati Block-3,Amravati Block-3 Village-4,cattle,3,0,4,38.3,Farmer requested urgent visit.,False,False,False,False,False,False,False,False,True,False,False,False,0.0,LOW
785,2026-05-23,Sambhajinagar,Sambhajinagar Block-3,Sambhajinagar Block-3 Village-4,sheep,4,0,8,,,False,True,False,False,False,True,True,False,False,False,False,False,0.0,LOW
786,2026-05-23,Pune,Pune Block-3,Pune Block-3 Village-3,goat,4,0,6,40.0,,True,False,False,False,False,False,False,False,False,False,False,False,0.0,LOW
787,2026-05-23,Nashik,Nashik Block-2,Nashik Block-2 Village-1,sheep,3,0,7,,,False,False,False,False,False,False,True,False,False,False,False,False,0.0,LOW
788,2026-05-23,Pune,Pune Block-3,Pune Block-3 Village-1,goat,2,0,3,39.8,Similar cases seen in neighbouring herd.,True,False,False,False,False,False,False,False,False,False,False,False,0.0,LOW
789,2026-05-23,Nagpur,Nagpur Block-3,Nagpur Block-3 Village-2,poultry,4,0,7,38.7,,False,False,True,False,False,False,False,False,False,False,False,False,0.0,LOW
790,2026-05-23,Sambhajinagar,Sambhajinagar Block-3,Sambhajinagar Block-3 Village-5,cattle,3,0,8,38.0,Similar cases seen in neighbouring herd.,False,False,False,True,True,False,False,False,False,False,False,False,0.0,LOW
791,2026-05-23,Sambhajinagar,Sambhajinagar Block-1,Sambhajinagar Block-1 Village-4,cattle,2,0,4,,Farmer requested urgent visit.,False,False,False,False,False,False,False,False,False,False,True,False,0.0,MEDIUM
792,2026-05-23,Kolhapur,Kolhapur Block-1,Kolhapur Block-1 Village-1,cattle,1,0,4,38.4,Reported by local field worker.,False,True,False,False,False,False,False,False,False,False,False,False,0.0,LOW
793,2026-05-23,Sambhajinagar,Sambhajinagar Block-3,Sambhajinagar Block-3 Village-1,buffalo,1,0,6,38.1,Animals isolated as precaution.,False,True,False,True,False,False,False,False,False,False,False,False,0.0,LOW
794,2026-05-23,Amravati,Amravati Block-3,Amravati Block-3 Village-5,goat,2,0,4,40.9,,True,False,False,False,True,False,True,True,False,False,False,False,0.0,LOW
795,2026-05-23,Sambhajinagar,Sambhajinagar Block-1,Sambhajinagar Block-1 Village-1,cattle,1,0,6,41.0,Reported by local field worker.,True,False,False,False,False,False,False,False,False,False,False,False,0.0,LOW
796,2026-05-23,Pune,Pune Block-3,Pune Block-3 Village-5,poultry,4,0,8,38.4,,False,False,False,False,False,True,False,False,False,True,False,False,0.0,LOW
797,2026-05-23,Kolhapur,Kolhapur Block-3,Kolhapur Block-3 Village-2,cattle,8,1,7,37.8,Reported by local field worker.,False,True,False,False,False,True,False,False,False,False,False,False,0.125,LOW
798,2026-05-23,Nagpur,Nagpur Block-2,Nagpur Block-2 Village-1,sheep,6,1,1,41.2,,True,False,True,True,False,False,True,False,False,False,False,False,0.167,LOW
799,2026-05-24,Nagpur,Nagpur Block-3,Nagpur Block-3 Village-1,sheep,5,2,2,40.1,,True,True,False,False,False,True,True,True,True,False,False,False,0.4,MEDIUM
800,2026-05-24,Pune,Pune Block-3,Pune Block-3 Village-2,cattle,15,4,3,37.7,Reported by local field worker.,False,True,True,False,True,True,False,False,True,True,False,False,0.267,MEDIUM
801,2026-05-24,Pune,Pune Block-3,Pune Block-3 Village-1,cattle,1,0,1,40.2,Animals isolated as precaution.,True,True,True,True,False,False,False,False,False,False,False,False,0.0,LOW
802,2026-05-24,Nagpur,Nagpur Block-1,Nagpur Block-1 Village-2,sheep,4,0,7,40.9,Similar cases seen in neighbouring herd.,True,True,False,False,False,False,False,False,False,False,False,False,0.0,LOW
803,2026-05-24,Nashik,Nashik Block-2,Nashik Block-2 Village-5,goat,3,0,7,40.9,,True,True,False,False,False,False,False,False,False,False,False,False,0.0,LOW
804,2026-05-24,Nashik,Nashik Block-3,Nashik Block-3 Village-4,goat,1,0,5,41.1,Farmer requested urgent visit.,True,False,True,False,True,False,False,False,False,True,False,False,0.0,LOW
805,2026-05-24,Amravati,Amravati Block-2,Amravati Block-2 Village-5,cattle,5,0,9,,Similar cases seen in neighbouring herd.,True,False,True,False,False,False,False,False,False,False,False,False,0.0,LOW
806,2026-05-24,Kolhapur,Kolhapur Block-1,Kolhapur Block-1 Village-4,goat,5,1,5,38.0,Animals isolated as precaution.,False,True,False,False,False,False,False,False,False,False,False,False,0.2,LOW
807,2026-05-24,Nashik,Nashik Block-2,Nashik Block-2 Village-3,cattle,4,0,4,,,False,False,False,False,False,False,True,False,False,False,False,False,0.0,LOW
808,2026-05-24,Nagpur,Nagpur Block-3,Nagpur Block-3 Village-2,cattle,1,0,4,38.1,,False,False,True,False,False,False,False,False,False,False,False,False,0.0,LOW
809,2026-05-24,Sambhajinagar,Sambhajinagar Block-3,Sambhajinagar Block-3 Village-3,cattle,2,0,7,,,False,True,False,False,True,False,True,False,True,False,False,False,0.0,LOW
810,2026-05-24,Amravati,Amravati Block-1,Amravati Block-1 Village-5,sheep,4,0,1,38.0,Reported by local field worker.,False,False,True,False,False,False,False,False,False,False,False,False,0.0,LOW
811,2026-05-24,Amravati,Amravati Block-2,Amravati Block-2 Village-1,poultry,5,1,8,,,True,True,False,True,True,True,False,False,False,True,False,False,0.2,LOW
812,2026-05-24,Kolhapur,Kolhapur Block-3,Kolhapur Block-3 Village-4,goat,1,0,4,38.7,Animals isolated as precaution.,False,False,False,False,False,False,False,True,False,False,False,False,0.0,LOW
813,2026-05-24,Sambhajinagar,Sambhajinagar Block-3,Sambhajinagar Block-3 Village-4,cattle,1,0,8,40.1,Reported by local field worker.,True,False,True,False,False,False,True,False,False,True,False,False,0.0,LOW
814,2026-05-24,Pune,Pune Block-3,Pune Block-3 Village-4,sheep,3,0,4,38.5,Similar cases seen in neighbouring herd.,False,True,True,False,False,False,True,False,False,False,False,False,0.0,LOW
815,2026-05-24,Nashik,Nashik Block-3,Nashik Block-3 Village-1,buffalo,4,0,5,37.6,Reported by local field worker.,False,False,False,False,True,False,False,False,False,False,False,False,0.0,LOW
816,2026-05-24,Nashik,Nashik Block-3,Nashik Block-3 Village-4,goat,2,0,4,39.0,Animals isolated as precaution.,False,True,False,False,True,True,False,False,True,False,False,False,0.0,LOW
817,2026-05-24,Nagpur,Nagpur Block-2,Nagpur Block-2 Village-1,sheep,2,0,3,40.2,Farmer requested urgent visit.,True,False,False,False,False,False,False,False,False,False,False,False,0.0,LOW
818,2026-05-24,Nashik,Nashik Block-2,Nashik Block-2 Village-2,buffalo,4,0,4,40.4,,True,True,True,False,False,True,True,False,False,False,False,False,0.0,LOW
819,2026-05-24,Kolhapur,Kolhapur Block-2,Kolhapur Block-2 Village-1,cattle,3,0,7,37.7,Similar cases seen in neighbouring herd.,False,False,False,True,False,False,False,False,False,False,True,False,0.0,LOW
820,2026-05-24,Nashik,Nashik Block-3,Nashik Block-3 Village-2,buffalo,2,0,5,,Farmer requested urgent visit.,False,True,True,False,True,True,False,False,False,False,False,False,0.0,LOW
821,2026-05-24,Amravati,Amravati Block-3,Amravati Block-3 Village-4,goat,1,0,4,37.9,Animals isolated as precaution.,False,False,False,False,False,True,False,False,False,False,False,False,0.0,LOW
822,2026-05-24,Kolhapur,Kolhapur Block-3,Kolhapur Block-3 Village-1,cattle,4,0,7,,,False,False,True,False,False,False,False,False,False,False,False,False,0.0,LOW
823,2026-05-24,Kolhapur,Kolhapur Block-3,Kolhapur Block-3 Village-5,cattle,1,0,8,,,True,False,False,False,False,False,False,False,False,False,False,False,0.0,LOW
824,2026-05-24,Pune,Pune Block-2,Pune Block-2 Village-1,goat,2,0,8,37.7,Reported by local field worker.,False,True,False,True,False,True,True,False,True,False,False,False,0.0,LOW
825,2026-05-24,Nagpur,Nagpur Block-2,Nagpur Block-2 Village-2,poultry,2,0,8,39.1,Animals isolated as precaution.,False,True,False,False,False,False,False,False,False,False,False,False,0.0,LOW
826,2026-05-24,Nagpur,Nagpur Block-3,Nagpur Block-3 Village-1,poultry,4,0,1,,,True,False,False,False,True,False,False,False,False,False,False,False,0.0,LOW
827,2026-05-24,Pune,Pune Block-1,Pune Block-1 Village-4,goat,4,0,2,39.9,Farmer requested urgent visit.,True,False,False,False,False,False,False,False,False,False,False,False,0.0,LOW
828,2026-05-24,Amravati,Amravati Block-3,Amravati Block-3 Village-2,buffalo,4,0,7,38.3,Farmer requested urgent visit.,False,False,False,False,False,False,True,False,False,False,False,False,0.0,LOW
829,2026-05-24,Pune,Pune Block-1,Pune Block-1 Village-1,cattle,8,1,1,40.9,,True,False,True,True,False,True,False,False,False,False,False,False,0.125,LOW
830,2026-05-24,Amravati,Amravati Block-3,Amravati Block-3 Village-3,goat,1,0,4,,,False,False,False,True,False,False,False,False,False,False,False,False,0.0,LOW
831,2026-05-24,Amravati,Amravati Block-3,Amravati Block-3 Village-4,cattle,1,0,9,,,False,False,False,True,False,False,False,False,True,False,False,False,0.0,LOW
832,2026-05-24,Nashik,Nashik Block-2,Nashik Block-2 Village-4,buffalo,1,0,2,37.8,,False,True,True,False,False,False,False,False,False,False,False,False,0.0,LOW
833,2026-05-24,Nagpur,Nagpur Block-3,Nagpur Block-3 Village-1,cattle,2,0,6,38.7,Similar cases seen in neighbouring herd.,False,False,False,False,False,True,False,False,False,False,False,False,0.0,LOW
834,2026-05-24,Nagpur,Nagpur Block-2,Nagpur Block-2 Village-1,cattle,4,0,6,39.5,,True,True,False,False,False,False,False,False,False,False,False,False,0.0,LOW
835,2026-05-24,Nashik,Nashik Block-3,Nashik Block-3 Village-1,cattle,1,0,4,38.4,,False,False,True,True,False,False,False,False,True,False,False,False,0.0,LOW
836,2026-05-24,Nashik,Nashik Block-3,Nashik Block-3 Village-4,goat,4,0,2,40.1,,True,True,False,False,True,False,False,False,False,False,False,False,0.0,LOW
837,2026-05-24,Nashik,Nashik Block-1,Nashik Block-1 Village-3,goat,16,7,2,,Animals isolated as precaution.,True,True,False,False,True,True,True,False,False,False,False,False,0.438,HIGH
838,2026-05-24,Nagpur,Nagpur Block-1,Nagpur Block-1 Village-5,buffalo,11,4,2,,Farmer requested urgent visit.,True,True,True,True,False,True,True,False,False,False,False,False,0.364,LOW
839,2026-05-24,Amravati,Amravati Block-1,Amravati Block-1 Village-4,buffalo,1,0,1,,,True,False,False,False,False,False,True,False,False,False,False,False,0.0,LOW
840,2026-05-24,Sambhajinagar,Sambhajinagar Block-1,Sambhajinagar Block-1 Village-5,poultry,1,0,6,,Farmer requested urgent visit.,False,False,False,True,False,False,False,False,False,False,False,False,0.0,LOW
841,2026-05-24,Amravati,Amravati Block-2,Amravati Block-2 Village-5,sheep,1,0,4,39.3,Animals isolated as precaution.,True,False,False,False,False,True,False,False,False,False,False,False,0.0,LOW
842,2026-05-24,Nagpur,Nagpur Block-3,Nagpur Block-3 Village-4,sheep,8,1,8,40.2,Animals isolated as precaution.,True,False,False,True,False,True,False,False,False,False,False,False,0.125,LOW
843,2026-05-24,Pune,Pune Block-1,Pune Block-1 Village-3,goat,4,0,8,38.4,Reported by local field worker.,False,False,False,False,False,False,False,False,False,False,False,True,0.0,LOW
844,2026-05-25,Nagpur,Nagpur Block-3,Nagpur Block-3 Village-1,cattle,10,5,2,,,True,True,False,False,False,True,False,False,False,True,False,False,0.5,HIGH
845,2026-05-25,Pune,Pune Block-3,Pune Block-3 Village-2,buffalo,6,2,1,40.5,,True,True,True,True,True,False,True,True,True,False,False,False,0.333,HIGH
846,2026-05-25,Pune,Pune Block-1,Pune Block-1 Village-3,goat,1,0,7,41.4,Reported by local field worker.,True,True,False,True,False,False,False,False,False,False,False,False,0.0,LOW
847,2026-05-25,Amravati,Amravati Block-3,Amravati Block-3 Village-4,cattle,1,0,6,40.1,,True,True,False,False,False,False,False,False,True,False,False,False,0.0,LOW
848,2026-05-25,Amravati,Amravati Block-1,Amravati Block-1 Village-5,goat,2,0,4,,,True,False,False,False,False,False,False,False,False,False,False,False,0.0,LOW
849,2026-05-25,Amravati,Amravati Block-2,Amravati Block-2 Village-4,goat,2,0,1,37.7,,False,True,False,False,True,False,False,False,False,False,False,True,0.0,LOW
850,2026-05-25,Pune,Pune Block-3,Pune Block-3 Village-3,cattle,3,0,9,40.5,Reported by local field worker.,True,False,True,False,False,False,False,False,False,False,False,False,0.0,LOW
851,2026-05-25,Nagpur,Nagpur Block-3,Nagpur Block-3 Village-1,sheep,2,0,4,,Similar cases seen in neighbouring herd.,False,False,False,False,False,False,True,False,False,False,False,False,0.0,LOW
852,2026-05-25,Pune,Pune Block-1,Pune Block-1 Village-3,buffalo,3,0,6,38.4,Reported by local field worker.,False,False,False,False,False,True,False,False,False,False,False,False,0.0,LOW
853,2026-05-25,Sambhajinagar,Sambhajinagar Block-3,Sambhajinagar Block-3 Village-5,buffalo,3,0,4,,Reported by local field worker.,False,False,False,True,False,True,True,True,False,False,False,False,0.0,LOW
854,2026-05-25,Nagpur,Nagpur Block-2,Nagpur Block-2 Village-3,sheep,4,0,5,,,True,False,False,False,False,True,False,False,False,False,False,False,0.0,LOW
855,2026-05-25,Sambhajinagar,Sambhajinagar Block-2,Sambhajinagar Block-2 Village-3,goat,2,0,7,,,True,False,False,False,True,False,False,False,False,False,False,False,0.0,LOW
856,2026-05-25,Amravati,Amravati Block-2,Amravati Block-2 Village-5,goat,4,0,3,,,True,False,False,False,False,False,True,False,False,False,False,False,0.0,LOW
857,2026-05-25,Amravati,Amravati Block-1,Amravati Block-1 Village-4,goat,4,0,4,,Farmer requested urgent visit.,False,True,False,False,False,False,False,False,False,False,False,False,0.0,LOW
858,2026-05-25,Nagpur,Nagpur Block-1,Nagpur Block-1 Village-2,cattle,4,0,5,38.0,,False,False,False,False,False,False,False,False,False,False,False,True,0.0,MEDIUM
859,2026-05-25,Sambhajinagar,Sambhajinagar Block-1,Sambhajinagar Block-1 Village-3,cattle,3,0,4,,Animals isolated as precaution.,True,True,False,True,False,False,False,False,False,False,False,False,0.0,LOW
860,2026-05-25,Nashik,Nashik Block-2,Nashik Block-2 Village-3,sheep,2,0,6,38.5,Farmer requested urgent visit.,False,False,False,True,False,False,False,False,False,False,False,False,0.0,LOW
861,2026-05-25,Pune,Pune Block-3,Pune Block-3 Village-3,cattle,4,0,6,40.3,Reported by local field worker.,True,False,False,False,False,False,False,False,False,False,False,False,0.0,LOW
862,2026-05-25,Nagpur,Nagpur Block-1,Nagpur Block-1 Village-4,sheep,2,0,1,,,False,False,False,True,False,False,False,False,False,True,False,False,0.0,LOW
863,2026-05-25,Nashik,Nashik Block-3,Nashik Block-3 Village-2,buffalo,2,0,6,,Reported by local field worker.,False,False,False,False,False,False,False,False,True,False,False,False,0.0,LOW
864,2026-05-25,Amravati,Amravati Block-2,Amravati Block-2 Village-3,goat,2,0,7,38.4,Animals isolated as precaution.,False,False,False,False,False,True,False,False,False,False,False,False,0.0,LOW
865,2026-05-25,Sambhajinagar,Sambhajinagar Block-3,Sambhajinagar Block-3 Village-1,buffalo,2,0,5,40.5,,True,False,True,False,False,False,False,False,False,False,False,False,0.0,LOW
866,2026-05-25,Sambhajinagar,Sambhajinagar Block-3,Sambhajinagar Block-3 Village-4,sheep,3,0,2,,Animals isolated as precaution.,False,False,False,True,False,False,False,False,False,False,False,False,0.0,LOW
867,2026-05-25,Pune,Pune Block-3,Pune Block-3 Village-4,poultry,3,0,1,41.2,Reported by local field worker.,True,True,True,False,False,False,False,False,False,False,False,False,0.0,LOW
868,2026-05-25,Sambhajinagar,Sambhajinagar Block-1,Sambhajinagar Block-1 Village-5,cattle,3,0,1,40.2,,True,False,False,False,False,False,False,False,False,False,False,False,0.0,LOW
869,2026-05-25,Kolhapur,Kolhapur Block-2,Kolhapur Block-2 Village-4,sheep,3,0,5,40.1,,True,False,False,True,False,False,False,False,True,True,False,False,0.0,LOW
870,2026-05-25,Amravati,Amravati Block-1,Amravati Block-1 Village-1,goat,4,1,5,,Similar cases seen in neighbouring herd.,True,False,False,True,False,True,True,True,False,False,False,False,0.25,LOW
871,2026-05-25,Nashik,Nashik Block-1,Nashik Block-1 Village-1,cattle,4,0,2,40.1,Animals isolated as precaution.,True,False,False,False,False,True,False,False,False,False,False,False,0.0,LOW
872,2026-05-25,Nagpur,Nagpur Block-3,Nagpur Block-3 Village-2,cattle,3,0,7,38.5,,False,False,False,False,True,False,False,True,True,False,False,False,0.0,LOW
873,2026-05-25,Nashik,Nashik Block-3,Nashik Block-3 Village-5,sheep,4,0,3,,,False,False,False,False,True,False,False,False,False,False,False,False,0.0,LOW
874,2026-05-25,Nagpur,Nagpur Block-1,Nagpur Block-1 Village-4,sheep,2,0,1,38.5,,False,False,False,False,False,False,True,False,False,False,False,False,0.0,LOW
875,2026-05-25,Pune,Pune Block-2,Pune Block-2 Village-5,sheep,4,0,2,40.4,,True,False,True,False,False,False,True,False,False,False,False,False,0.0,LOW
876,2026-05-25,Amravati,Amravati Block-2,Amravati Block-2 Village-4,buffalo,1,0,3,,,False,True,False,False,False,False,False,False,False,False,False,False,0.0,LOW
877,2026-05-25,Nashik,Nashik Block-3,Nashik Block-3 Village-3,cattle,4,0,5,,,False,True,False,False,False,False,False,False,False,False,False,False,0.0,LOW
878,2026-05-25,Nagpur,Nagpur Block-1,Nagpur Block-1 Village-2,buffalo,2,0,6,40.8,Farmer requested urgent visit.,True,False,False,True,False,False,False,False,False,False,False,False,0.0,LOW
879,2026-05-25,Nashik,Nashik Block-3,Nashik Block-3 Village-2,goat,3,0,7,41.0,,True,False,False,False,False,False,False,False,False,False,False,False,0.0,LOW
880,2026-05-25,Nagpur,Nagpur Block-3,Nagpur Block-3 Village-3,sheep,7,0,1,37.8,,False,True,True,False,False,False,True,False,False,True,False,False,0.0,LOW
881,2026-05-25,Kolhapur,Kolhapur Block-2,Kolhapur Block-2 Village-1,sheep,3,0,5,38.8,Farmer requested urgent visit.,False,False,False,False,False,False,False,False,False,False,False,True,0.0,LOW
882,2026-05-25,Kolhapur,Kolhapur Block-2,Kolhapur Block-2 Village-5,sheep,5,1,5,40.5,Animals isolated as precaution.,True,False,False,False,False,False,False,False,False,False,False,False,0.2,LOW
883,2026-05-25,Kolhapur,Kolhapur Block-2,Kolhapur Block-2 Village-4,goat,1,0,2,37.8,Farmer requested urgent visit.,False,False,False,True,False,False,False,False,False,False,False,False,0.0,LOW
884,2026-05-25,Nashik,Nashik Block-1,Nashik Block-1 Village-2,poultry,5,0,8,,,False,False,True,False,True,False,False,True,False,False,False,False,0.0,LOW
885,2026-05-25,Amravati,Amravati Block-1,Amravati Block-1 Village-1,cattle,4,0,1,,Reported by local field worker.,True,False,False,False,False,True,False,False,False,False,False,False,0.0,LOW
886,2026-05-25,Pune,Pune Block-3,Pune Block-3 Village-3,sheep,4,0,2,38.6,,False,False,False,False,False,True,True,True,False,False,False,False,0.0,LOW
887,2026-05-25,Sambhajinagar,Sambhajinagar Block-3,Sambhajinagar Block-3 Village-2,cattle,5,1,6,41.2,Reported by local field worker.,True,False,True,False,True,False,False,False,False,False,False,False,0.2,LOW
888,2026-05-25,Nashik,Nashik Block-1,Nashik Block-1 Village-1,cattle,4,0,6,,,True,True,True,False,False,False,False,False,False,False,False,False,0.0,LOW
889,2026-05-25,Sambhajinagar,Sambhajinagar Block-1,Sambhajinagar Block-1 Village-1,poultry,1,0,5,,Similar cases seen in neighbouring herd.,False,False,False,True,False,False,False,False,False,False,False,False,0.0,LOW
890,2026-05-25,Pune,Pune Block-2,Pune Block-2 Village-3,buffalo,2,0,3,,,False,False,True,True,False,True,False,False,True,False,False,False,0.0,LOW
891,2026-05-25,Nashik,Nashik Block-1,Nashik Block-1 Village-4,cattle,2,0,2,39.9,Similar cases seen in neighbouring herd.,True,True,False,False,False,False,True,False,False,False,False,False,0.0,LOW
892,2026-05-25,Sambhajinagar,Sambhajinagar Block-3,Sambhajinagar Block-3 Village-4,sheep,4,0,8,37.7,Reported by local field worker.,False,True,False,True,False,False,True,False,False,False,False,False,0.0,LOW
893,2026-05-25,Amravati,Amravati Block-3,Amravati Block-3 Village-2,cattle,4,0,1,41.1,,True,False,False,False,True,False,True,False,False,False,False,False,0.0,LOW
894,2026-05-25,Kolhapur,Kolhapur Block-3,Kolhapur Block-3 Village-4,goat,2,0,6,,Farmer requested urgent visit.,False,False,False,False,True,True,False,False,False,False,False,False,0.0,LOW
895,2026-05-26,Nashik,Nashik Block-2,Nashik Block-2 Village-5,cattle,3,0,6,40.7,,True,False,False,False,True,False,False,False,False,False,False,False,0.0,LOW
896,2026-05-26,Sambhajinagar,Sambhajinagar Block-2,Sambhajinagar Block-2 Village-5,poultry,1,0,3,38.6,Farmer requested urgent visit.,False,False,False,False,True,False,False,False,True,False,False,False,0.0,LOW
897,2026-05-26,Nagpur,Nagpur Block-3,Nagpur Block-3 Village-4,cattle,3,0,9,39.6,Similar cases seen in neighbouring herd.,True,False,True,True,False,True,False,False,False,False,False,False,0.0,LOW
898,2026-05-26,Pune,Pune Block-1,Pune Block-1 Village-5,cattle,1,0,4,37.8,Animals isolated as precaution.,False,False,False,True,False,False,True,False,False,False,False,False,0.0,LOW
899,2026-05-26,Amravati,Amravati Block-1,Amravati Block-1 Village-4,poultry,4,0,7,40.6,,True,False,True,False,False,False,False,False,False,False,False,False,0.0,LOW
900,2026-05-26,Pune,Pune Block-1,Pune Block-1 Village-5,cattle,3,0,9,38.4,Similar cases seen in neighbouring herd.,False,False,False,True,False,False,False,False,False,False,False,False,0.0,LOW
901,2026-05-26,Amravati,Amravati Block-3,Amravati Block-3 Village-2,cattle,4,1,6,,Reported by local field worker.,True,True,False,True,False,False,False,False,False,True,False,False,0.25,LOW
902,2026-05-26,Nagpur,Nagpur Block-3,Nagpur Block-3 Village-3,cattle,2,0,9,38.2,Animals isolated as precaution.,False,False,True,False,False,False,False,False,False,False,False,False,0.0,LOW
903,2026-05-26,Nashik,Nashik Block-1,Nashik Block-1 Village-2,sheep,4,0,9,38.9,Animals isolated as precaution.,False,False,False,False,False,False,False,False,False,True,False,False,0.0,LOW
904,2026-05-26,Kolhapur,Kolhapur Block-1,Kolhapur Block-1 Village-3,cattle,3,0,3,,Reported by local field worker.,False,False,False,True,False,False,False,False,False,False,False,False,0.0,LOW
905,2026-05-26,Nagpur,Nagpur Block-3,Nagpur Block-3 Village-5,cattle,3,0,5,40.8,,True,False,True,True,False,True,False,False,False,False,False,False,0.0,LOW
906,2026-05-26,Nashik,Nashik Block-2,Nashik Block-2 Village-2,buffalo,6,1,2,39.0,Similar cases seen in neighbouring herd.,False,True,False,False,True,False,False,False,False,False,False,False,0.167,LOW
907,2026-05-26,Sambhajinagar,Sambhajinagar Block-1,Sambhajinagar Block-1 Village-5,goat,4,0,7,39.0,Animals isolated as precaution.,False,True,False,False,False,False,False,True,False,False,False,False,0.0,LOW
908,2026-05-26,Amravati,Amravati Block-1,Amravati Block-1 Village-1,goat,3,0,7,,,False,False,False,False,False,False,False,True,False,False,False,False,0.0,LOW
909,2026-05-26,Nashik,Nashik Block-2,Nashik Block-2 Village-2,goat,3,0,2,41.0,,True,False,False,False,False,False,False,False,False,False,False,False,0.0,LOW
910,2026-05-26,Nashik,Nashik Block-1,Nashik Block-1 Village-1,poultry,1,0,8,38.6,Farmer requested urgent visit.,False,True,False,False,False,False,False,False,False,False,False,False,0.0,LOW
911,2026-05-26,Pune,Pune Block-2,Pune Block-2 Village-3,buffalo,2,0,1,39.6,Similar cases seen in neighbouring herd.,True,True,False,True,False,False,False,False,False,False,False,False,0.0,LOW
912,2026-05-26,Pune,Pune Block-1,Pune Block-1 Village-5,cattle,4,0,1,39.0,Animals isolated as precaution.,False,True,False,False,False,False,False,False,False,False,False,True,0.0,MEDIUM
913,2026-05-26,Amravati,Amravati Block-1,Amravati Block-1 Village-3,goat,4,0,3,38.3,,False,False,False,True,False,False,True,False,False,False,False,False,0.0,LOW
914,2026-05-26,Pune,Pune Block-1,Pune Block-1 Village-5,cattle,4,0,3,38.7,Reported by local field worker.,False,True,True,False,False,False,False,True,False,False,False,False,0.0,LOW
915,2026-05-26,Nagpur,Nagpur Block-1,Nagpur Block-1 Village-4,poultry,2,0,3,,Reported by local field worker.,False,False,False,False,False,True,True,False,False,False,False,False,0.0,LOW
916,2026-05-26,Amravati,Amravati Block-2,Amravati Block-2 Village-3,buffalo,2,0,4,41.3,Similar cases seen in neighbouring herd.,True,False,False,False,False,False,False,False,False,False,False,False,0.0,LOW
917,2026-05-26,Nashik,Nashik Block-3,Nashik Block-3 Village-5,cattle,3,0,5,,Reported by local field worker.,True,False,False,True,False,False,False,False,False,False,False,False,0.0,LOW
918,2026-05-26,Pune,Pune Block-3,Pune Block-3 Village-2,cattle,4,0,8,40.0,Animals isolated as precaution.,True,False,False,True,False,False,False,False,False,False,False,False,0.0,LOW
919,2026-05-26,Kolhapur,Kolhapur Block-1,Kolhapur Block-1 Village-2,goat,4,0,4,,Similar cases seen in neighbouring herd.,True,False,False,True,False,False,False,False,False,False,False,False,0.0,LOW
920,2026-05-26,Amravati,Amravati Block-2,Amravati Block-2 Village-2,buffalo,2,0,1,39.5,Similar cases seen in neighbouring herd.,True,False,False,False,False,False,False,False,False,False,False,False,0.0,LOW
921,2026-05-26,Sambhajinagar,Sambhajinagar Block-3,Sambhajinagar Block-3 Village-3,cattle,3,0,9,,,True,False,False,False,False,False,False,False,False,False,False,False,0.0,LOW
922,2026-05-26,Nashik,Nashik Block-1,Nashik Block-1 Village-4,cattle,5,0,7,,,True,True,False,True,False,True,False,False,False,False,False,False,0.0,LOW
923,2026-05-26,Nagpur,Nagpur Block-2,Nagpur Block-2 Village-5,sheep,3,0,8,38.0,,False,True,False,False,False,False,False,False,False,False,False,False,0.0,LOW
924,2026-05-26,Sambhajinagar,Sambhajinagar Block-2,Sambhajinagar Block-2 Village-2,cattle,2,0,8,39.8,,True,False,False,False,False,True,False,False,False,False,False,False,0.0,LOW
925,2026-05-26,Amravati,Amravati Block-3,Amravati Block-3 Village-1,buffalo,4,0,2,38.5,Animals isolated as precaution.,False,False,False,True,False,False,True,False,False,False,False,False,0.0,LOW
926,2026-05-26,Pune,Pune Block-3,Pune Block-3 Village-1,goat,5,1,7,,,False,False,False,False,False,True,False,False,False,False,False,False,0.2,LOW
927,2026-05-26,Nashik,Nashik Block-1,Nashik Block-1 Village-2,goat,2,0,6,38.8,Reported by local field worker.,False,False,False,False,False,True,False,False,False,False,False,False,0.0,LOW
928,2026-05-26,Nashik,Nashik Block-1,Nashik Block-1 Village-4,cattle,2,0,8,37.9,,False,False,False,False,False,False,False,True,False,False,False,False,0.0,LOW
929,2026-05-26,Kolhapur,Kolhapur Block-3,Kolhapur Block-3 Village-3,goat,4,1,2,39.8,,True,False,False,True,False,False,False,False,False,False,False,False,0.25,LOW
930,2026-05-26,Amravati,Amravati Block-2,Amravati Block-2 Village-5,cattle,4,0,1,40.7,,True,False,True,False,False,True,False,False,False,False,False,False,0.0,LOW
931,2026-05-26,Sambhajinagar,Sambhajinagar Block-2,Sambhajinagar Block-2 Village-4,sheep,7,0,8,,Farmer requested urgent visit.,True,False,False,False,True,True,False,False,False,False,False,False,0.0,LOW
932,2026-05-26,Nagpur,Nagpur Block-1,Nagpur Block-1 Village-1,cattle,2,0,3,39.7,,True,False,True,False,False,False,False,False,False,False,False,False,0.0,LOW
933,2026-05-27,Pune,Pune Block-3,Pune Block-3 Village-2,cattle,16,8,1,39.7,Animals isolated as precaution.,True,True,False,True,False,False,True,False,False,False,False,False,0.5,HIGH
934,2026-05-27,Kolhapur,Kolhapur Block-1,Kolhapur Block-1 Village-3,sheep,3,0,5,40.4,Animals isolated as precaution.,True,False,False,False,False,False,False,False,True,False,False,False,0.0,LOW
935,2026-05-27,Nashik,Nashik Block-2,Nashik Block-2 Village-3,goat,6,0,5,41.4,,True,True,False,False,False,False,False,True,False,False,False,False,0.0,LOW
936,2026-05-27,Kolhapur,Kolhapur Block-2,Kolhapur Block-2 Village-5,cattle,1,0,1,,Similar cases seen in neighbouring herd.,False,False,False,False,False,True,True,False,False,False,False,False,0.0,LOW
937,2026-05-27,Amravati,Amravati Block-2,Amravati Block-2 Village-3,buffalo,1,0,2,37.9,,False,False,False,False,False,False,False,True,False,False,False,False,0.0,LOW
938,2026-05-27,Pune,Pune Block-1,Pune Block-1 Village-5,cattle,1,0,9,41.3,,True,False,False,False,False,True,False,False,False,False,False,False,0.0,LOW
939,2026-05-27,Kolhapur,Kolhapur Block-1,Kolhapur Block-1 Village-1,buffalo,3,0,8,,Similar cases seen in neighbouring herd.,True,False,False,False,False,True,False,False,True,False,False,False,0.0,LOW
940,2026-05-27,Amravati,Amravati Block-3,Amravati Block-3 Village-5,cattle,2,0,8,,,True,False,False,False,False,False,False,False,False,False,True,False,0.0,LOW
941,2026-05-27,Sambhajinagar,Sambhajinagar Block-2,Sambhajinagar Block-2 Village-4,buffalo,2,0,9,,Reported by local field worker.,False,False,False,True,True,False,False,False,False,False,False,False,0.0,LOW
942,2026-05-27,Amravati,Amravati Block-2,Amravati Block-2 Village-4,goat,4,0,1,40.5,Similar cases seen in neighbouring herd.,True,False,True,True,False,True,False,False,True,True,False,False,0.0,LOW
943,2026-05-27,Nagpur,Nagpur Block-1,Nagpur Block-1 Village-4,cattle,4,0,1,,Animals isolated as precaution.,False,False,False,True,False,False,True,False,False,False,False,False,0.0,LOW
944,2026-05-27,Kolhapur,Kolhapur Block-2,Kolhapur Block-2 Village-4,cattle,6,0,6,40.8,Farmer requested urgent visit.,True,False,False,True,False,False,False,False,False,False,False,False,0.0,LOW
945,2026-05-27,Nagpur,Nagpur Block-1,Nagpur Block-1 Village-4,poultry,1,0,6,38.9,Animals isolated as precaution.,False,False,False,True,True,False,False,False,False,False,False,False,0.0,LOW
946,2026-05-27,Nashik,Nashik Block-1,Nashik Block-1 Village-2,sheep,8,0,4,,Animals isolated as precaution.,True,True,False,False,False,True,True,False,False,False,False,False,0.0,LOW
947,2026-05-27,Nagpur,Nagpur Block-2,Nagpur Block-2 Village-5,goat,14,5,2,,,True,True,True,True,False,True,True,False,True,True,False,False,0.357,HIGH
948,2026-05-27,Sambhajinagar,Sambhajinagar Block-3,Sambhajinagar Block-3 Village-5,buffalo,3,0,5,37.7,Reported by local field worker.,False,True,False,True,False,False,False,False,False,False,False,False,0.0,LOW
949,2026-05-27,Kolhapur,Kolhapur Block-3,Kolhapur Block-3 Village-4,cattle,1,0,3,39.6,,True,False,False,False,False,False,True,False,False,False,False,False,0.0,LOW
950,2026-05-27,Kolhapur,Kolhapur Block-1,Kolhapur Block-1 Village-3,cattle,6,0,1,,,True,True,False,False,False,False,False,False,False,False,False,True,0.0,MEDIUM
951,2026-05-27,Nagpur,Nagpur Block-1,Nagpur Block-1 Village-4,goat,2,0,2,39.3,,True,True,True,False,False,False,False,False,False,False,False,False,0.0,LOW
952,2026-05-27,Amravati,Amravati Block-2,Amravati Block-2 Village-4,buffalo,1,0,2,39.6,,True,False,False,True,True,True,False,False,False,False,False,False,0.0,LOW
953,2026-05-27,Nashik,Nashik Block-2,Nashik Block-2 Village-4,goat,2,0,3,38.3,Farmer requested urgent visit.,False,False,False,True,False,False,False,False,False,False,False,False,0.0,LOW
954,2026-05-27,Nashik,Nashik Block-1,Nashik Block-1 Village-2,goat,1,0,8,,Farmer requested urgent visit.,True,False,False,False,False,False,False,False,False,False,False,False,0.0,LOW
955,2026-05-27,Kolhapur,Kolhapur Block-2,Kolhapur Block-2 Village-1,cattle,2,0,9,40.4,Farmer requested urgent visit.,True,False,False,False,True,False,True,False,False,False,False,False,0.0,LOW
956,2026-05-27,Amravati,Amravati Block-3,Amravati Block-3 Village-1,sheep,3,0,9,40.4,Reported by local field worker.,True,False,True,False,False,False,False,False,False,False,False,False,0.0,LOW
957,2026-05-27,Sambhajinagar,Sambhajinagar Block-3,Sambhajinagar Block-3 Village-3,buffalo,1,0,5,37.8,,False,False,False,False,False,False,False,True,False,False,False,False,0.0,LOW
958,2026-05-27,Kolhapur,Kolhapur Block-2,Kolhapur Block-2 Village-5,goat,4,1,6,,Farmer requested urgent visit.,True,False,True,True,True,False,False,False,False,False,False,False,0.25,LOW
959,2026-05-27,Sambhajinagar,Sambhajinagar Block-2,Sambhajinagar Block-2 Village-5,cattle,2,0,3,,,True,True,False,False,False,False,False,False,False,False,False,False,0.0,LOW
960,2026-05-27,Nashik,Nashik Block-2,Nashik Block-2 Village-2,cattle,1,0,1,38.9,Farmer requested urgent visit.,False,False,True,False,False,False,False,False,False,False,False,False,0.0,LOW
961,2026-05-27,Nashik,Nashik Block-3,Nashik Block-3 Village-2,cattle,3,0,7,38.6,Similar cases seen in neighbouring herd.,False,False,True,True,False,False,False,False,False,False,False,False,0.0,LOW
962,2026-05-27,Nashik,Nashik Block-1,Nashik Block-1 Village-3,cattle,4,0,1,38.6,Similar cases seen in neighbouring herd.,False,False,True,False,False,False,True,False,False,True,False,False,0.0,LOW
963,2026-05-27,Kolhapur,Kolhapur Block-1,Kolhapur Block-1 Village-4,goat,3,0,8,39.4,,True,False,False,False,False,False,False,False,False,False,False,False,0.0,LOW
964,2026-05-27,Nagpur,Nagpur Block-3,Nagpur Block-3 Village-1,goat,8,1,5,37.8,,False,True,True,False,False,False,False,False,False,False,False,False,0.125,LOW
965,2026-05-27,Nagpur,Nagpur Block-2,Nagpur Block-2 Village-4,goat,1,0,9,39.1,,False,False,False,False,True,True,False,False,False,False,False,False,0.0,LOW
966,2026-05-27,Kolhapur,Kolhapur Block-3,Kolhapur Block-3 Village-3,poultry,2,0,4,38.5,Similar cases seen in neighbouring herd.,False,False,False,False,True,False,False,False,False,False,False,False,0.0,LOW
967,2026-05-27,Sambhajinagar,Sambhajinagar Block-1,Sambhajinagar Block-1 Village-5,sheep,3,0,6,41.0,,True,False,False,False,False,False,False,False,False,False,False,False,0.0,LOW
968,2026-05-27,Amravati,Amravati Block-3,Amravati Block-3 Village-4,poultry,11,2,1,38.5,Reported by local field worker.,False,True,True,True,False,True,False,False,True,True,False,False,0.182,MEDIUM
969,2026-05-27,Pune,Pune Block-1,Pune Block-1 Village-1,poultry,3,0,8,41.4,,True,False,False,False,False,False,False,False,False,False,True,False,0.0,MEDIUM
970,2026-05-27,Sambhajinagar,Sambhajinagar Block-1,Sambhajinagar Block-1 Village-4,buffalo,1,0,7,40.8,Farmer requested urgent visit.,True,False,False,True,False,False,False,False,False,False,False,False,0.0,LOW
971,2026-05-27,Amravati,Amravati Block-2,Amravati Block-2 Village-4,buffalo,4,0,6,40.3,,True,False,False,True,False,False,True,False,False,False,False,False,0.0,LOW
972,2026-05-27,Pune,Pune Block-1,Pune Block-1 Village-3,poultry,1,0,6,,,True,False,False,False,False,True,False,False,False,False,True,False,0.0,MEDIUM
973,2026-05-27,Pune,Pune Block-3,Pune Block-3 Village-2,goat,1,0,4,38.6,,False,False,False,True,False,False,False,False,False,False,False,False,0.0,LOW
974,2026-05-27,Pune,Pune Block-3,Pune Block-3 Village-3,sheep,4,0,5,,,True,True,False,False,False,False,True,False,False,False,False,False,0.0,LOW
975,2026-05-27,Kolhapur,Kolhapur Block-2,Kolhapur Block-2 Village-1,buffalo,2,0,9,38.5,Similar cases seen in neighbouring herd.,False,True,False,False,False,False,False,False,False,False,False,False,0.0,LOW
976,2026-05-27,Nagpur,Nagpur Block-1,Nagpur Block-1 Village-2,poultry,2,0,7,,Animals isolated as precaution.,True,False,True,True,True,False,False,False,False,False,False,False,0.0,LOW
977,2026-05-27,Sambhajinagar,Sambhajinagar Block-2,Sambhajinagar Block-2 Village-3,poultry,1,0,2,38.8,Farmer requested urgent visit.,False,True,False,False,False,False,False,False,False,False,False,False,0.0,LOW
978,2026-05-27,Sambhajinagar,Sambhajinagar Block-2,Sambhajinagar Block-2 Village-3,buffalo,2,0,9,,Farmer requested urgent visit.,False,False,False,True,False,True,False,False,False,False,False,False,0.0,LOW
979,2026-05-28,Nagpur,Nagpur Block-3,Nagpur Block-3 Village-1,sheep,7,1,4,38.0,Animals isolated as precaution.,False,True,False,False,False,True,False,False,False,False,False,False,0.143,LOW
980,2026-05-28,Sambhajinagar,Sambhajinagar Block-3,Sambhajinagar Block-3 Village-1,sheep,2,0,5,39.0,,False,True,True,False,True,False,True,True,False,False,False,False,0.0,LOW
981,2026-05-28,Amravati,Amravati Block-2,Amravati Block-2 Village-3,buffalo,3,0,8,37.8,Farmer requested urgent visit.,False,False,False,True,False,False,False,False,False,False,False,False,0.0,LOW
982,2026-05-28,Nagpur,Nagpur Block-3,Nagpur Block-3 Village-1,goat,1,0,2,,Reported by local field worker.,False,False,False,False,False,False,False,False,False,True,False,False,0.0,LOW
983,2026-05-28,Pune,Pune Block-2,Pune Block-2 Village-5,sheep,4,0,2,37.8,,False,False,False,False,False,True,False,False,False,False,False,False,0.0,LOW
984,2026-05-28,Amravati,Amravati Block-1,Amravati Block-1 Village-5,sheep,9,1,1,,,True,False,False,False,False,False,False,False,False,False,False,False,0.111,LOW
985,2026-05-28,Amravati,Amravati Block-3,Amravati Block-3 Village-3,goat,2,0,3,39.8,Reported by local field worker.,True,False,False,False,False,False,True,True,False,False,False,False,0.0,LOW
986,2026-05-28,Pune,Pune Block-2,Pune Block-2 Village-3,goat,4,0,4,40.7,,True,False,False,False,False,True,False,False,False,False,False,False,0.0,LOW
987,2026-05-28,Kolhapur,Kolhapur Block-3,Kolhapur Block-3 Village-3,cattle,3,0,2,39.3,Similar cases seen in neighbouring herd.,True,True,True,False,False,False,False,False,True,False,False,False,0.0,LOW
988,2026-05-28,Nashik,Nashik Block-1,Nashik Block-1 Village-5,cattle,4,0,8,,Reported by local field worker.,True,False,False,False,True,False,True,False,False,False,False,False,0.0,LOW
989,2026-05-28,Sambhajinagar,Sambhajinagar Block-1,Sambhajinagar Block-1 Village-2,sheep,4,0,7,,,False,True,False,False,False,False,True,False,False,False,False,False,0.0,LOW
990,2026-05-28,Pune,Pune Block-1,Pune Block-1 Village-2,goat,9,1,7,40.4,,True,True,False,True,False,False,True,False,False,False,False,False,0.111,LOW
991,2026-05-28,Sambhajinagar,Sambhajinagar Block-1,Sambhajinagar Block-1 Village-2,cattle,1,0,5,39.0,Reported by local field worker.,False,False,False,False,False,True,False,False,False,False,False,False,0.0,LOW
992,2026-05-28,Pune,Pune Block-1,Pune Block-1 Village-4,goat,3,0,4,39.2,Similar cases seen in neighbouring herd.,False,True,False,False,False,False,False,False,False,False,False,False,0.0,LOW
993,2026-05-28,Nagpur,Nagpur Block-1,Nagpur Block-1 Village-4,poultry,3,0,1,38.9,Reported by local field worker.,False,True,False,False,False,False,False,False,False,False,False,False,0.0,LOW
994,2026-05-28,Kolhapur,Kolhapur Block-2,Kolhapur Block-2 Village-1,goat,1,0,3,39.5,,True,True,False,False,True,False,False,False,False,False,False,False,0.0,LOW
995,2026-05-28,Pune,Pune Block-2,Pune Block-2 Village-4,goat,6,1,8,,Similar cases seen in neighbouring herd.,True,False,True,True,False,False,False,False,False,False,False,False,0.167,LOW
996,2026-05-28,Nashik,Nashik Block-1,Nashik Block-1 Village-5,cattle,4,0,3,,Farmer requested urgent visit.,False,False,True,False,False,False,False,False,False,False,False,False,0.0,LOW
997,2026-05-28,Sambhajinagar,Sambhajinagar Block-3,Sambhajinagar Block-3 Village-3,goat,1,0,4,,,False,True,True,False,False,False,False,False,False,False,False,False,0.0,LOW
998,2026-05-28,Nagpur,Nagpur Block-1,Nagpur Block-1 Village-2,goat,3,0,9,,Similar cases seen in neighbouring herd.,False,False,False,True,False,False,False,False,False,False,False,False,0.0,LOW
999,2026-05-28,Kolhapur,Kolhapur Block-2,Kolhapur Block-2 Village-5,poultry,1,0,2,39.2,,False,False,False,False,False,False,True,False,False,False,False,False,0.0,LOW
1000,2026-05-28,Sambhajinagar,Sambhajinagar Block-1,Sambhajinagar Block-1 Village-1,buffalo,4,0,8,37.9,Farmer requested urgent visit.,False,True,False,False,False,True,True,False,False,False,False,False,0.0,LOW
1001,2026-05-28,Nagpur,Nagpur Block-2,Nagpur Block-2 Village-1,buffalo,1,0,4,39.1,Animals isolated as precaution.,False,False,False,False,True,False,False,False,False,False,False,False,0.0,LOW
1002,2026-05-28,Pune,Pune Block-1,Pune Block-1 Village-5,cattle,3,0,8,38.8,,False,False,False,False,True,False,False,False,False,False,False,False,0.0,LOW
1003,2026-05-28,Kolhapur,Kolhapur Block-2,Kolhapur Block-2 Village-2,sheep,2,0,2,39.7,,True,True,False,False,True,False,False,False,False,False,False,False,0.0,LOW
1004,2026-05-28,Sambhajinagar,Sambhajinagar Block-2,Sambhajinagar Block-2 Village-3,cattle,2,0,7,39.4,Reported by local field worker.,True,False,False,False,False,False,False,False,False,False,False,False,0.0,LOW
1005,2026-05-28,Nagpur,Nagpur Block-2,Nagpur Block-2 Village-5,goat,3,0,2,,,True,False,False,False,False,False,False,False,False,False,False,False,0.0,LOW
1006,2026-05-28,Nashik,Nashik Block-3,Nashik Block-3 Village-5,buffalo,1,0,1,,Animals isolated as precaution.,True,False,False,False,False,True,True,False,False,False,False,False,0.0,LOW
1007,2026-05-28,Nagpur,Nagpur Block-2,Nagpur Block-2 Village-1,cattle,1,0,4,,,False,False,True,False,True,False,True,False,False,False,False,False,0.0,LOW
1008,2026-05-28,Sambhajinagar,Sambhajinagar Block-1,Sambhajinagar Block-1 Village-3,cattle,4,0,3,39.2,,False,False,False,False,False,False,False,False,False,False,True,False,0.0,LOW
1009,2026-05-28,Nashik,Nashik Block-3,Nashik Block-3 Village-1,cattle,4,0,3,40.3,,True,False,True,True,False,False,False,False,False,False,False,False,0.0,LOW
1010,2026-05-28,Nagpur,Nagpur Block-2,Nagpur Block-2 Village-2,sheep,3,0,5,,Reported by local field worker.,True,True,False,False,False,False,True,False,False,True,False,False,0.0,LOW
1011,2026-05-28,Amravati,Amravati Block-1,Amravati Block-1 Village-3,goat,1,0,2,37.7,Reported by local field worker.,False,False,True,False,False,False,False,True,False,False,False,False,0.0,LOW
1012,2026-05-28,Kolhapur,Kolhapur Block-2,Kolhapur Block-2 Village-4,goat,2,0,7,38.4,Reported by local field worker.,False,False,False,True,False,False,False,False,False,False,False,False,0.0,LOW
1013,2026-05-28,Nagpur,Nagpur Block-1,Nagpur Block-1 Village-2,cattle,1,0,9,,,False,False,False,False,False,True,False,False,False,False,False,False,0.0,LOW
1014,2026-05-28,Nagpur,Nagpur Block-1,Nagpur Block-1 Village-1,cattle,2,0,6,,Animals isolated as precaution.,True,False,False,True,False,False,False,False,False,False,False,False,0.0,LOW
1015,2026-05-28,Kolhapur,Kolhapur Block-3,Kolhapur Block-3 Village-4,goat,3,0,5,38.3,,False,False,False,True,True,True,False,False,False,False,False,False,0.0,LOW
1016,2026-05-28,Nashik,Nashik Block-3,Nashik Block-3 Village-2,goat,3,0,9,38.2,,False,False,True,False,True,False,False,False,True,False,False,False,0.0,LOW
1017,2026-05-28,Nagpur,Nagpur Block-1,Nagpur Block-1 Village-2,goat,2,0,9,,,False,False,False,True,False,False,False,True,False,False,False,False,0.0,LOW
1018,2026-05-28,Pune,Pune Block-2,Pune Block-2 Village-3,buffalo,9,1,7,,Similar cases seen in neighbouring herd.,True,True,False,False,False,False,True,False,False,False,False,False,0.111,LOW
1019,2026-05-29,Amravati,Amravati Block-3,Amravati Block-3 Village-4,cattle,2,0,3,38.9,,False,True,False,False,False,False,False,True,False,False,False,False,0.0,LOW
1020,2026-05-29,Nagpur,Nagpur Block-2,Nagpur Block-2 Village-1,sheep,7,3,2,41.3,Animals isolated as precaution.,True,True,True,False,False,True,False,False,False,False,False,False,0.429,MEDIUM
1021,2026-05-29,Nashik,Nashik Block-1,Nashik Block-1 Village-4,cattle,4,0,2,37.9,,False,False,True,True,False,False,False,False,True,False,False,False,0.0,LOW
1022,2026-05-29,Nashik,Nashik Block-1,Nashik Block-1 Village-1,goat,4,0,5,38.6,Farmer requested urgent visit.,False,False,False,False,False,False,True,False,True,True,False,False,0.0,LOW
1023,2026-05-29,Kolhapur,Kolhapur Block-2,Kolhapur Block-2 Village-4,buffalo,2,0,3,39.0,Animals isolated as precaution.,False,False,True,False,False,False,False,False,False,False,False,False,0.0,LOW
1024,2026-05-29,Nagpur,Nagpur Block-3,Nagpur Block-3 Village-4,buffalo,2,0,2,,,False,False,False,True,False,True,False,False,False,False,False,False,0.0,LOW
1025,2026-05-29,Sambhajinagar,Sambhajinagar Block-1,Sambhajinagar Block-1 Village-4,cattle,7,0,7,39.0,,False,True,True,False,False,False,False,False,False,False,False,False,0.0,LOW
1026,2026-05-29,Sambhajinagar,Sambhajinagar Block-2,Sambhajinagar Block-2 Village-5,sheep,2,0,1,41.0,Similar cases seen in neighbouring herd.,True,False,True,False,False,False,False,False,False,False,False,False,0.0,LOW
1027,2026-05-29,Amravati,Amravati Block-2,Amravati Block-2 Village-1,sheep,4,0,2,38.0,Animals isolated as precaution.,False,False,False,True,False,False,False,False,False,False,False,False,0.0,LOW
1028,2026-05-29,Sambhajinagar,Sambhajinagar Block-2,Sambhajinagar Block-2 Village-4,goat,3,0,3,38.2,,False,False,False,False,True,True,True,False,False,False,True,False,0.0,MEDIUM
1029,2026-05-29,Kolhapur,Kolhapur Block-1,Kolhapur Block-1 Village-3,sheep,3,0,6,40.3,,True,False,False,False,False,False,False,False,False,False,False,False,0.0,LOW
1030,2026-05-29,Sambhajinagar,Sambhajinagar Block-3,Sambhajinagar Block-3 Village-2,buffalo,1,0,9,40.1,,True,False,False,True,False,False,False,False,False,False,False,False,0.0,LOW
1031,2026-05-29,Kolhapur,Kolhapur Block-3,Kolhapur Block-3 Village-2,buffalo,1,0,3,38.0,Reported by local field worker.,False,False,True,True,True,False,False,False,False,False,False,False,0.0,LOW
1032,2026-05-29,Pune,Pune Block-2,Pune Block-2 Village-1,buffalo,4,0,7,40.2,,True,True,False,False,False,False,False,False,False,False,False,False,0.0,LOW
1033,2026-05-29,Nagpur,Nagpur Block-1,Nagpur Block-1 Village-4,poultry,1,0,1,,,True,False,False,False,False,True,False,False,False,False,False,False,0.0,LOW
1034,2026-05-29,Pune,Pune Block-1,Pune Block-1 Village-2,cattle,3,0,6,,,False,True,True,False,False,True,False,False,False,False,False,False,0.0,LOW
1035,2026-05-29,Kolhapur,Kolhapur Block-1,Kolhapur Block-1 Village-3,cattle,3,1,1,39.0,Farmer requested urgent visit.,False,True,False,True,False,True,False,False,False,False,False,False,0.333,MEDIUM
1036,2026-05-29,Nashik,Nashik Block-2,Nashik Block-2 Village-2,buffalo,3,0,3,38.2,Reported by local field worker.,False,False,True,False,False,False,False,False,False,False,False,False,0.0,LOW
1037,2026-05-29,Kolhapur,Kolhapur Block-2,Kolhapur Block-2 Village-1,cattle,1,0,2,40.8,,True,False,True,True,False,False,False,False,False,False,False,False,0.0,LOW
1038,2026-05-29,Amravati,Amravati Block-1,Amravati Block-1 Village-5,sheep,4,0,3,38.2,Reported by local field worker.,False,True,False,False,False,False,False,False,True,False,False,False,0.0,LOW
1039,2026-05-29,Amravati,Amravati Block-3,Amravati Block-3 Village-4,cattle,4,0,1,,Similar cases seen in neighbouring herd.,False,False,True,False,True,False,False,False,False,False,False,False,0.0,LOW
1040,2026-05-29,Amravati,Amravati Block-1,Amravati Block-1 Village-2,goat,2,0,1,41.5,Similar cases seen in neighbouring herd.,True,False,False,True,True,False,False,False,False,False,False,False,0.0,LOW
1041,2026-05-29,Kolhapur,Kolhapur Block-2,Kolhapur Block-2 Village-2,goat,4,1,8,40.9,Reported by local field worker.,True,True,True,False,False,True,False,False,False,False,False,False,0.25,LOW
1042,2026-05-29,Sambhajinagar,Sambhajinagar Block-3,Sambhajinagar Block-3 Village-1,poultry,6,1,3,38.7,Animals isolated as precaution.,False,False,False,False,True,False,False,False,False,False,False,False,0.167,LOW
1043,2026-05-29,Kolhapur,Kolhapur Block-1,Kolhapur Block-1 Village-3,cattle,2,0,3,38.1,Animals isolated as precaution.,False,True,False,False,False,False,False,False,False,False,False,False,0.0,LOW
1044,2026-05-29,Kolhapur,Kolhapur Block-2,Kolhapur Block-2 Village-4,cattle,2,0,3,38.3,,False,False,False,False,False,True,False,False,False,False,False,False,0.0,LOW
1045,2026-05-29,Pune,Pune Block-3,Pune Block-3 Village-3,cattle,4,0,4,,Animals isolated as precaution.,False,True,False,False,False,False,True,False,True,False,False,False,0.0,LOW
1046,2026-05-29,Amravati,Amravati Block-1,Amravati Block-1 Village-1,sheep,4,0,5,,,False,False,False,False,True,False,False,False,False,False,False,False,0.0,LOW
1047,2026-05-29,Sambhajinagar,Sambhajinagar Block-2,Sambhajinagar Block-2 Village-4,cattle,4,0,6,37.7,Farmer requested urgent visit.,False,False,False,False,False,False,False,True,False,False,False,False,0.0,LOW
1048,2026-05-29,Kolhapur,Kolhapur Block-1,Kolhapur Block-1 Village-5,goat,3,0,1,,,True,False,False,False,False,False,True,False,False,False,False,False,0.0,LOW
1049,2026-05-29,Kolhapur,Kolhapur Block-3,Kolhapur Block-3 Village-4,cattle,3,0,3,41.3,,True,False,True,False,False,False,False,False,False,False,False,False,0.0,LOW
1050,2026-05-29,Sambhajinagar,Sambhajinagar Block-2,Sambhajinagar Block-2 Village-1,sheep,1,0,6,,Farmer requested urgent visit.,False,False,True,True,True,False,False,False,False,False,False,False,0.0,LOW
1051,2026-05-29,Amravati,Amravati Block-1,Amravati Block-1 Village-4,buffalo,1,0,3,,,True,True,False,True,False,True,True,False,False,False,False,False,0.0,LOW
1052,2026-05-29,Nashik,Nashik Block-2,Nashik Block-2 Village-2,buffalo,4,0,1,40.3,Farmer requested urgent visit.,True,True,True,False,False,True,False,False,True,False,False,False,0.0,LOW
1053,2026-05-29,Pune,Pune Block-3,Pune Block-3 Village-2,goat,1,0,1,38.8,Animals isolated as precaution.,False,False,True,False,False,False,False,False,False,False,False,False,0.0,LOW
1054,2026-05-29,Kolhapur,Kolhapur Block-3,Kolhapur Block-3 Village-4,buffalo,6,1,8,40.7,Animals isolated as precaution.,True,False,True,True,True,False,False,False,False,True,False,False,0.167,MEDIUM
1055,2026-05-29,Pune,Pune Block-1,Pune Block-1 Village-2,cattle,4,0,8,38.5,,False,False,False,False,False,True,False,False,False,False,False,False,0.0,LOW
1056,2026-05-29,Kolhapur,Kolhapur Block-1,Kolhapur Block-1 Village-1,sheep,2,0,8,38.5,,False,True,False,True,False,True,False,False,False,False,False,False,0.0,LOW
1057,2026-05-29,Pune,Pune Block-2,Pune Block-2 Village-1,sheep,3,0,6,,,True,False,False,False,False,False,False,False,False,False,False,True,0.0,LOW
1058,2026-05-29,Kolhapur,Kolhapur Block-3,Kolhapur Block-3 Village-4,goat,1,0,4,40.8,Animals isolated as precaution.,True,True,False,False,False,False,False,False,False,False,False,False,0.0,LOW
1059,2026-05-29,Nagpur,Nagpur Block-3,Nagpur Block-3 Village-4,buffalo,2,0,2,,Farmer requested urgent visit.,False,False,False,False,False,False,False,False,True,False,False,False,0.0,LOW
1060,2026-05-29,Kolhapur,Kolhapur Block-3,Kolhapur Block-3 Village-2,sheep,3,0,7,37.7,,False,False,False,True,False,False,False,False,False,False,False,False,0.0,LOW
1061,2026-05-29,Nashik,Nashik Block-1,Nashik Block-1 Village-5,buffalo,3,0,4,38.9,,False,True,False,False,False,False,False,False,False,False,False,False,0.0,LOW
1062,2026-05-29,Nashik,Nashik Block-3,Nashik Block-3 Village-2,sheep,3,0,6,38.7,Animals isolated as precaution.,False,False,False,False,True,True,False,False,False,False,False,False,0.0,LOW
1063,2026-05-29,Amravati,Amravati Block-3,Amravati Block-3 Village-1,goat,3,0,1,40.4,,True,False,True,False,True,False,False,False,False,False,False,False,0.0,LOW
1064,2026-05-29,Nagpur,Nagpur Block-1,Nagpur Block-1 Village-3,cattle,2,0,6,,Reported by local field worker.,False,False,True,False,False,False,True,False,False,False,False,False,0.0,LOW
1065,2026-05-29,Pune,Pune Block-3,Pune Block-3 Village-1,buffalo,1,0,6,41.0,Farmer requested urgent visit.,True,False,False,False,False,True,False,False,True,False,True,False,0.0,MEDIUM
1066,2026-05-29,Sambhajinagar,Sambhajinagar Block-1,Sambhajinagar Block-1 Village-5,cattle,4,0,4,40.9,Farmer requested urgent visit.,True,True,False,False,False,False,False,False,False,False,False,False,0.0,LOW
1067,2026-05-29,Sambhajinagar,Sambhajinagar Block-3,Sambhajinagar Block-3 Village-3,buffalo,4,0,3,37.9,Similar cases seen in neighbouring herd.,False,False,False,True,False,False,False,False,False,False,False,False,0.0,LOW
1068,2026-05-30,Nagpur,Nagpur Block-3,Nagpur Block-3 Village-1,sheep,2,0,1,39.6,Farmer requested urgent visit.,True,False,False,True,False,False,False,False,True,True,False,False,0.0,LOW
1069,2026-05-30,Sambhajinagar,Sambhajinagar Block-3,Sambhajinagar Block-3 Village-1,buffalo,6,0,1,38.2,Animals isolated as precaution.,False,True,True,False,False,True,False,False,False,False,False,False,0.0,LOW
1070,2026-05-30,Amravati,Amravati Block-2,Amravati Block-2 Village-2,cattle,2,0,4,,Animals isolated as precaution.,False,False,False,True,False,False,False,False,False,False,False,False,0.0,LOW
1071,2026-05-30,Nagpur,Nagpur Block-2,Nagpur Block-2 Village-1,sheep,14,2,3,39.3,Similar cases seen in neighbouring herd.,True,True,True,False,True,False,False,False,True,False,False,True,0.143,HIGH
1072,2026-05-30,Sambhajinagar,Sambhajinagar Block-2,Sambhajinagar Block-2 Village-1,buffalo,2,0,5,,Similar cases seen in neighbouring herd.,True,False,False,True,False,True,False,False,False,True,False,False,0.0,LOW
1073,2026-05-30,Sambhajinagar,Sambhajinagar Block-1,Sambhajinagar Block-1 Village-3,cattle,3,0,2,38.7,Animals isolated as precaution.,False,False,True,False,False,False,False,False,False,False,False,False,0.0,LOW
1074,2026-05-30,Amravati,Amravati Block-2,Amravati Block-2 Village-3,buffalo,2,0,1,,,False,False,False,False,False,False,True,False,False,False,False,False,0.0,LOW
1075,2026-05-30,Nagpur,Nagpur Block-3,Nagpur Block-3 Village-1,cattle,4,0,5,,Similar cases seen in neighbouring herd.,True,False,False,False,False,False,False,False,False,False,False,False,0.0,LOW
1076,2026-05-30,Sambhajinagar,Sambhajinagar Block-3,Sambhajinagar Block-3 Village-2,goat,1,0,1,41.0,,True,False,False,False,False,False,False,True,False,False,False,False,0.0,LOW
1077,2026-05-30,Nagpur,Nagpur Block-1,Nagpur Block-1 Village-5,goat,8,1,8,38.1,,False,True,False,False,False,True,True,False,False,False,False,False,0.125,LOW
1078,2026-05-30,Nashik,Nashik Block-2,Nashik Block-2 Village-5,poultry,9,1,8,39.3,,True,False,True,False,True,False,False,False,False,True,False,False,0.111,MEDIUM
1079,2026-05-30,Pune,Pune Block-3,Pune Block-3 Village-2,buffalo,2,0,5,37.7,Reported by local field worker.,False,False,True,False,True,False,False,False,False,False,False,False,0.0,LOW
1080,2026-05-30,Pune,Pune Block-2,Pune Block-2 Village-3,cattle,9,1,2,40.7,,True,False,True,False,False,True,False,False,True,True,False,False,0.111,LOW
1081,2026-05-30,Sambhajinagar,Sambhajinagar Block-2,Sambhajinagar Block-2 Village-3,sheep,3,0,9,38.1,Reported by local field worker.,False,False,False,True,False,False,False,False,False,False,False,False,0.0,LOW
1082,2026-05-30,Pune,Pune Block-3,Pune Block-3 Village-1,goat,2,0,5,37.9,,False,False,True,False,True,False,False,False,False,False,False,False,0.0,LOW
1083,2026-05-30,Amravati,Amravati Block-2,Amravati Block-2 Village-4,cattle,4,0,4,,,False,False,False,False,False,True,True,False,False,False,False,False,0.0,LOW
1084,2026-05-30,Nagpur,Nagpur Block-1,Nagpur Block-1 Village-3,goat,4,0,6,,Animals isolated as precaution.,True,True,True,False,False,False,False,False,False,True,False,False,0.0,LOW
1085,2026-05-30,Pune,Pune Block-2,Pune Block-2 Village-4,poultry,9,1,4,40.6,Similar cases seen in neighbouring herd.,True,False,True,True,False,True,False,True,False,False,False,False,0.111,MEDIUM
1086,2026-05-30,Sambhajinagar,Sambhajinagar Block-1,Sambhajinagar Block-1 Village-3,poultry,2,0,9,,,False,False,True,False,False,False,False,False,False,False,False,False,0.0,LOW
1087,2026-05-30,Nagpur,Nagpur Block-2,Nagpur Block-2 Village-3,goat,2,0,2,,Animals isolated as precaution.,False,True,True,True,False,False,False,False,True,False,False,False,0.0,LOW
1088,2026-05-30,Nagpur,Nagpur Block-1,Nagpur Block-1 Village-3,buffalo,2,0,1,38.1,Farmer requested urgent visit.,False,False,False,False,True,True,False,False,False,False,False,False,0.0,LOW
1089,2026-05-30,Amravati,Amravati Block-2,Amravati Block-2 Village-5,goat,3,0,8,38.5,,False,False,True,False,False,True,True,False,False,False,False,False,0.0,LOW
1090,2026-05-30,Nashik,Nashik Block-2,Nashik Block-2 Village-2,poultry,2,0,6,41.3,Similar cases seen in neighbouring herd.,True,False,False,False,False,False,False,False,False,False,False,False,0.0,LOW
1091,2026-05-30,Nashik,Nashik Block-2,Nashik Block-2 Village-4,cattle,8,1,5,,Similar cases seen in neighbouring herd.,True,False,False,False,True,True,True,False,False,False,False,False,0.125,MEDIUM
1092,2026-05-30,Kolhapur,Kolhapur Block-2,Kolhapur Block-2 Village-1,sheep,1,0,5,,,False,False,False,False,False,True,True,False,True,False,False,False,0.0,LOW
1093,2026-05-30,Nashik,Nashik Block-1,Nashik Block-1 Village-2,sheep,3,0,6,38.6,Farmer requested urgent visit.,False,False,True,False,False,False,True,False,False,False,False,False,0.0,LOW
1094,2026-05-30,Kolhapur,Kolhapur Block-1,Kolhapur Block-1 Village-1,buffalo,1,0,1,,Similar cases seen in neighbouring herd.,False,False,False,False,False,True,False,False,False,False,False,False,0.0,LOW
1095,2026-05-30,Nagpur,Nagpur Block-2,Nagpur Block-2 Village-1,buffalo,6,1,5,39.2,,False,False,False,True,True,False,True,False,False,False,False,False,0.167,LOW
1096,2026-05-30,Kolhapur,Kolhapur Block-2,Kolhapur Block-2 Village-1,poultry,2,0,5,,,True,True,False,False,False,False,False,False,False,False,False,False,0.0,LOW
1097,2026-05-30,Amravati,Amravati Block-1,Amravati Block-1 Village-1,cattle,1,0,2,40.5,Similar cases seen in neighbouring herd.,True,False,False,False,False,False,False,False,False,False,False,False,0.0,LOW
1098,2026-05-30,Amravati,Amravati Block-1,Amravati Block-1 Village-3,cattle,4,0,1,39.0,Farmer requested urgent visit.,False,False,True,False,False,False,False,True,False,False,False,False,0.0,LOW
1099,2026-05-30,Sambhajinagar,Sambhajinagar Block-2,Sambhajinagar Block-2 Village-4,goat,9,2,6,39.0,Animals isolated as precaution.,False,True,False,True,True,False,False,False,False,False,False,False,0.222,MEDIUM
1100,2026-05-30,Amravati,Amravati Block-1,Amravati Block-1 Village-4,sheep,8,1,1,,Animals isolated as precaution.,False,False,False,True,False,False,True,False,False,False,False,False,0.125,LOW
1101,2026-05-30,Amravati,Amravati Block-3,Amravati Block-3 Village-4,sheep,3,0,3,,,True,False,False,True,False,True,False,False,False,False,False,False,0.0,LOW
1102,2026-05-30,Pune,Pune Block-2,Pune Block-2 Village-3,cattle,1,0,6,,,True,False,False,False,False,False,False,False,False,False,False,False,0.0,LOW
1103,2026-05-30,Nagpur,Nagpur Block-2,Nagpur Block-2 Village-5,goat,1,0,1,38.8,Reported by local field worker.,False,False,False,True,True,False,True,True,False,True,False,False,0.0,LOW
1104,2026-05-30,Kolhapur,Kolhapur Block-2,Kolhapur Block-2 Village-1,sheep,3,0,8,37.8,Animals isolated as precaution.,False,False,False,False,False,False,False,False,False,False,True,False,0.0,LOW
1105,2026-05-30,Pune,Pune Block-1,Pune Block-1 Village-1,poultry,1,0,9,40.6,Similar cases seen in neighbouring herd.,True,False,False,False,False,False,False,False,False,False,False,False,0.0,LOW
1106,2026-05-30,Kolhapur,Kolhapur Block-1,Kolhapur Block-1 Village-5,cattle,2,0,1,38.5,Farmer requested urgent visit.,False,True,False,False,True,False,False,False,False,False,False,False,0.0,LOW
1107,2026-05-30,Kolhapur,Kolhapur Block-2,Kolhapur Block-2 Village-5,goat,4,0,8,38.9,,False,False,False,False,False,True,False,False,False,False,False,False,0.0,LOW
1108,2026-05-30,Nashik,Nashik Block-3,Nashik Block-3 Village-2,buffalo,2,0,3,,Similar cases seen in neighbouring herd.,False,True,False,False,False,False,False,False,False,False,False,False,0.0,LOW
1109,2026-05-30,Kolhapur,Kolhapur Block-2,Kolhapur Block-2 Village-1,cattle,6,1,7,40.4,,True,True,True,True,False,True,False,False,False,False,False,False,0.167,MEDIUM
1110,2026-05-30,Sambhajinagar,Sambhajinagar Block-2,Sambhajinagar Block-2 Village-3,goat,3,0,4,37.6,Similar cases seen in neighbouring herd.,False,False,False,False,False,True,False,False,False,False,False,False,0.0,LOW
1111,2026-05-30,Amravati,Amravati Block-2,Amravati Block-2 Village-3,buffalo,2,0,2,37.6,,False,False,False,True,False,False,False,False,False,False,False,False,0.0,LOW
1112,2026-05-30,Pune,Pune Block-2,Pune Block-2 Village-1,buffalo,3,0,8,38.8,Animals isolated as precaution.,False,False,False,False,False,False,False,False,True,False,False,False,0.0,LOW
1113,2026-05-30,Nagpur,Nagpur Block-3,Nagpur Block-3 Village-5,cattle,4,0,2,,Farmer requested urgent visit.,True,True,False,False,False,False,True,False,False,False,False,False,0.0,LOW
1114,2026-05-30,Sambhajinagar,Sambhajinagar Block-2,Sambhajinagar Block-2 Village-1,poultry,1,0,6,,Animals isolated as precaution.,False,False,False,True,True,False,False,False,False,False,False,False,0.0,LOW
1115,2026-05-31,Sambhajinagar,Sambhajinagar Block-3,Sambhajinagar Block-3 Village-1,sheep,20,4,2,39.9,Similar cases seen in neighbouring herd.,True,True,True,False,True,True,True,False,False,False,False,False,0.2,MEDIUM
1116,2026-05-31,Nagpur,Nagpur Block-1,Nagpur Block-1 Village-2,cattle,7,1,1,38.8,Reported by local field worker.,False,True,False,False,False,True,False,False,False,False,False,False,0.143,LOW
1117,2026-05-31,Nagpur,Nagpur Block-2,Nagpur Block-2 Village-4,buffalo,20,9,3,39.6,,True,True,True,True,False,True,False,False,False,False,False,False,0.45,HIGH
1118,2026-05-31,Sambhajinagar,Sambhajinagar Block-1,Sambhajinagar Block-1 Village-3,goat,4,0,2,,Similar cases seen in neighbouring herd.,False,False,False,False,False,False,False,False,True,False,False,False,0.0,LOW
1119,2026-05-31,Pune,Pune Block-1,Pune Block-1 Village-4,cattle,4,0,1,,Reported by local field worker.,True,False,False,True,False,True,False,False,False,False,False,False,0.0,LOW
1120,2026-05-31,Pune,Pune Block-3,Pune Block-3 Village-3,sheep,4,0,3,,,True,False,False,True,False,True,False,False,False,False,False,False,0.0,LOW
1121,2026-05-31,Sambhajinagar,Sambhajinagar Block-1,Sambhajinagar Block-1 Village-5,goat,4,0,4,41.3,,True,False,True,False,True,False,False,False,False,False,False,False,0.0,LOW
1122,2026-05-31,Sambhajinagar,Sambhajinagar Block-3,Sambhajinagar Block-3 Village-3,goat,3,0,8,,Reported by local field worker.,False,False,False,True,False,False,False,False,False,False,False,False,0.0,LOW
1123,2026-05-31,Kolhapur,Kolhapur Block-2,Kolhapur Block-2 Village-5,cattle,16,6,2,,Similar cases seen in neighbouring herd.,True,False,True,False,False,False,True,False,False,True,False,False,0.375,HIGH
1124,2026-05-31,Amravati,Amravati Block-1,Amravati Block-1 Village-4,poultry,2,0,3,,Animals isolated as precaution.,True,True,False,False,False,False,True,True,False,False,False,False,0.0,LOW
1125,2026-05-31,Pune,Pune Block-1,Pune Block-1 Village-3,sheep,4,0,8,38.4,Farmer requested urgent visit.,False,True,False,False,False,False,False,False,False,False,False,False,0.0,LOW
1126,2026-05-31,Sambhajinagar,Sambhajinagar Block-2,Sambhajinagar Block-2 Village-4,goat,1,0,9,40.7,Similar cases seen in neighbouring herd.,True,False,False,False,False,False,False,False,False,False,False,False,0.0,LOW
1127,2026-05-31,Sambhajinagar,Sambhajinagar Block-2,Sambhajinagar Block-2 Village-2,goat,2,0,9,38.5,,False,False,False,False,False,True,False,False,False,False,False,False,0.0,LOW
1128,2026-05-31,Nagpur,Nagpur Block-1,Nagpur Block-1 Village-3,cattle,3,0,2,37.7,,False,False,False,True,False,True,True,False,False,False,False,False,0.0,LOW
1129,2026-05-31,Amravati,Amravati Block-1,Amravati Block-1 Village-3,cattle,2,0,9,39.8,Similar cases seen in neighbouring herd.,True,False,True,False,True,False,False,False,True,False,False,False,0.0,LOW
1130,2026-05-31,Sambhajinagar,Sambhajinagar Block-2,Sambhajinagar Block-2 Village-4,buffalo,3,0,6,38.1,,False,True,False,False,False,False,False,True,False,False,False,False,0.0,LOW
1131,2026-05-31,Amravati,Amravati Block-1,Amravati Block-1 Village-3,poultry,3,0,4,40.4,Reported by local field worker.,True,False,True,False,False,False,False,False,False,True,False,False,0.0,LOW
1132,2026-05-31,Nashik,Nashik Block-1,Nashik Block-1 Village-5,cattle,2,0,8,41.2,Similar cases seen in neighbouring herd.,True,False,True,False,False,False,False,False,False,False,False,False,0.0,LOW
1133,2026-05-31,Nagpur,Nagpur Block-2,Nagpur Block-2 Village-1,poultry,3,0,5,,Farmer requested urgent visit.,True,False,False,False,False,False,False,False,True,False,False,False,0.0,LOW
1134,2026-05-31,Pune,Pune Block-1,Pune Block-1 Village-3,cattle,1,0,6,37.7,,False,True,False,True,False,False,False,False,True,False,False,False,0.0,LOW
1135,2026-05-31,Nashik,Nashik Block-1,Nashik Block-1 Village-5,cattle,2,0,3,39.0,Similar cases seen in neighbouring herd.,False,False,False,False,False,False,True,False,False,False,False,False,0.0,LOW
1136,2026-05-31,Nagpur,Nagpur Block-2,Nagpur Block-2 Village-2,cattle,2,0,6,39.7,Similar cases seen in neighbouring herd.,True,True,False,True,False,False,False,False,False,False,False,False,0.0,LOW
1137,2026-05-31,Pune,Pune Block-3,Pune Block-3 Village-1,buffalo,3,0,5,39.0,Similar cases seen in neighbouring herd.,False,False,True,False,False,False,True,False,True,False,False,False,0.0,LOW
1138,2026-05-31,Sambhajinagar,Sambhajinagar Block-2,Sambhajinagar Block-2 Village-5,buffalo,1,0,2,,Similar cases seen in neighbouring herd.,False,False,False,False,False,False,True,False,True,False,False,False,0.0,LOW
1139,2026-05-31,Pune,Pune Block-2,Pune Block-2 Village-4,goat,3,0,7,,Animals isolated as precaution.,True,False,False,False,False,True,False,False,False,False,False,False,0.0,LOW
1140,2026-05-31,Nagpur,Nagpur Block-1,Nagpur Block-1 Village-1,cattle,3,0,1,37.6,Animals isolated as precaution.,False,False,False,False,False,True,False,False,False,False,False,False,0.0,LOW
1141,2026-05-31,Amravati,Amravati Block-2,Amravati Block-2 Village-2,buffalo,2,0,3,39.0,,False,True,False,False,True,False,False,False,False,False,False,False,0.0,LOW
1142,2026-05-31,Sambhajinagar,Sambhajinagar Block-1,Sambhajinagar Block-1 Village-1,poultry,1,0,1,,Reported by local field worker.,True,False,False,True,True,False,False,False,False,False,False,False,0.0,LOW
1143,2026-05-31,Pune,Pune Block-1,Pune Block-1 Village-3,sheep,3,0,4,40.1,,True,False,False,False,False,False,False,False,False,False,False,False,0.0,LOW
1144,2026-05-31,Amravati,Amravati Block-3,Amravati Block-3 Village-1,buffalo,3,0,8,39.4,,True,False,False,True,False,True,False,False,False,False,False,False,0.0,LOW
1145,2026-05-31,Kolhapur,Kolhapur Block-2,Kolhapur Block-2 Village-5,cattle,3,0,1,,Reported by local field worker.,True,True,False,False,False,False,False,False,True,False,False,False,0.0,LOW
1146,2026-05-31,Amravati,Amravati Block-1,Amravati Block-1 Village-2,sheep,3,0,8,39.0,Animals isolated as precaution.,False,False,False,False,False,True,False,True,False,False,False,False,0.0,LOW
1147,2026-05-31,Pune,Pune Block-2,Pune Block-2 Village-3,cattle,2,0,3,,Reported by local field worker.,True,True,True,False,False,False,False,False,False,False,False,False,0.0,LOW
1148,2026-05-31,Pune,Pune Block-3,Pune Block-3 Village-1,sheep,2,0,6,40.1,Similar cases seen in neighbouring herd.,True,False,False,False,False,False,False,False,False,False,False,False,0.0,LOW
1149,2026-05-31,Sambhajinagar,Sambhajinagar Block-2,Sambhajinagar Block-2 Village-1,buffalo,5,0,7,,Animals isolated as precaution.,True,True,True,True,True,False,True,False,False,True,False,False,0.0,LOW
1150,2026-05-31,Sambhajinagar,Sambhajinagar Block-3,Sambhajinagar Block-3 Village-1,sheep,4,0,5,40.7,Farmer requested urgent visit.,True,False,False,True,False,False,False,False,False,False,False,False,0.0,LOW
1151,2026-05-31,Amravati,Amravati Block-3,Amravati Block-3 Village-4,cattle,2,0,7,40.6,,True,False,False,True,False,False,False,False,False,False,False,False,0.0,LOW
1152,2026-05-31,Pune,Pune Block-1,Pune Block-1 Village-2,sheep,4,0,4,,,False,True,False,True,False,False,False,False,False,False,False,False,0.0,LOW
1153,2026-05-31,Amravati,Amravati Block-2,Amravati Block-2 Village-5,buffalo,3,0,6,39.1,,False,False,False,False,True,False,False,False,False,False,False,False,0.0,LOW
1154,2026-05-31,Nashik,Nashik Block-1,Nashik Block-1 Village-2,cattle,1,0,3,,,True,False,False,True,False,False,False,False,False,False,False,False,0.0,LOW
1155,2026-05-31,Amravati,Amravati Block-3,Amravati Block-3 Village-1,buffalo,3,0,6,40.7,Animals isolated as precaution.,True,False,False,False,True,False,False,True,False,False,False,False,0.0,LOW
1156,2026-05-31,Pune,Pune Block-3,Pune Block-3 Village-2,cattle,4,0,4,38.4,Similar cases seen in neighbouring herd.,False,True,False,True,False,False,False,False,False,False,False,False,0.0,LOW
1157,2026-05-31,Sambhajinagar,Sambhajinagar Block-3,Sambhajinagar Block-3 Village-4,goat,1,0,8,39.9,Animals isolated as precaution.,True,False,False,True,False,False,True,False,False,False,False,False,0.0,LOW
1158,2026-06-01,Sambhajinagar,Sambhajinagar Block-3,Sambhajinagar Block-3 Village-1,cattle,6,0,1,40.2,Farmer requested urgent visit.,True,False,True,False,False,True,True,False,False,False,False,False,0.0,LOW
1159,2026-06-01,Sambhajinagar,Sambhajinagar Block-3,Sambhajinagar Block-3 Village-1,buffalo,11,2,3,39.4,Farmer requested urgent visit.,True,False,True,True,False,True,False,False,False,True,False,False,0.182,LOW
1160,2026-06-01,Nashik,Nashik Block-2,Nashik Block-2 Village-2,goat,2,0,6,39.1,,False,False,False,False,False,False,False,False,False,False,False,True,0.0,LOW
1161,2026-06-01,Sambhajinagar,Sambhajinagar Block-3,Sambhajinagar Block-3 Village-1,goat,3,0,1,,,False,True,False,False,False,False,False,False,True,False,False,False,0.0,LOW
1162,2026-06-01,Nashik,Nashik Block-1,Nashik Block-1 Village-3,cattle,2,0,4,,,True,False,False,True,False,True,True,False,False,False,False,False,0.0,LOW
1163,2026-06-01,Pune,Pune Block-3,Pune Block-3 Village-3,buffalo,3,0,7,38.7,,False,False,False,False,False,True,False,False,False,False,False,False,0.0,LOW
1164,2026-06-01,Pune,Pune Block-1,Pune Block-1 Village-5,sheep,1,0,9,38.0,,False,True,False,False,False,False,False,False,False,False,False,False,0.0,LOW
1165,2026-06-01,Nashik,Nashik Block-2,Nashik Block-2 Village-4,poultry,2,0,7,38.6,Reported by local field worker.,False,False,False,False,False,False,False,False,True,False,False,False,0.0,LOW
1166,2026-06-01,Nashik,Nashik Block-3,Nashik Block-3 Village-4,cattle,2,0,7,38.7,Animals isolated as precaution.,False,False,False,True,False,False,False,False,True,False,False,False,0.0,LOW
1167,2026-06-01,Nagpur,Nagpur Block-1,Nagpur Block-1 Village-4,goat,3,0,9,39.5,Farmer requested urgent visit.,True,False,False,True,False,False,False,False,False,False,False,False,0.0,LOW
1168,2026-06-01,Amravati,Amravati Block-3,Amravati Block-3 Village-2,goat,4,0,6,38.9,Reported by local field worker.,False,True,False,False,True,False,False,False,False,False,False,False,0.0,LOW
1169,2026-06-01,Pune,Pune Block-1,Pune Block-1 Village-2,cattle,3,0,3,40.4,Similar cases seen in neighbouring herd.,True,False,True,False,False,True,False,False,False,False,False,False,0.0,LOW
1170,2026-06-01,Amravati,Amravati Block-3,Amravati Block-3 Village-5,buffalo,3,0,1,38.4,Farmer requested urgent visit.,False,True,False,False,False,False,False,False,False,False,False,False,0.0,LOW
1171,2026-06-01,Nashik,Nashik Block-1,Nashik Block-1 Village-3,buffalo,2,0,6,38.6,,False,True,False,True,False,False,False,True,False,False,False,False,0.0,LOW
1172,2026-06-01,Nashik,Nashik Block-3,Nashik Block-3 Village-4,cattle,3,0,4,38.6,Similar cases seen in neighbouring herd.,False,False,False,False,False,True,False,False,False,False,False,False,0.0,LOW
1173,2026-06-01,Nagpur,Nagpur Block-3,Nagpur Block-3 Village-4,cattle,7,1,4,39.0,,False,False,False,False,False,False,False,False,False,False,True,False,0.143,MEDIUM
1174,2026-06-01,Pune,Pune Block-2,Pune Block-2 Village-2,buffalo,4,0,3,41.1,,True,False,True,True,False,False,False,False,False,False,False,False,0.0,LOW
1175,2026-06-01,Nashik,Nashik Block-1,Nashik Block-1 Village-4,goat,2,0,6,40.4,,True,False,False,False,False,False,True,True,False,False,False,False,0.0,LOW
1176,2026-06-01,Amravati,Amravati Block-1,Amravati Block-1 Village-3,cattle,3,0,3,37.8,Farmer requested urgent visit.,False,False,False,False,False,False,False,False,False,False,True,False,0.0,LOW
1177,2026-06-01,Nagpur,Nagpur Block-1,Nagpur Block-1 Village-3,cattle,3,0,6,40.5,,True,False,False,False,False,True,False,False,False,False,False,False,0.0,LOW
1178,2026-06-01,Kolhapur,Kolhapur Block-1,Kolhapur Block-1 Village-4,buffalo,1,0,9,,,False,False,False,False,True,True,False,False,False,False,False,False,0.0,LOW
1179,2026-06-01,Sambhajinagar,Sambhajinagar Block-3,Sambhajinagar Block-3 Village-4,goat,3,0,6,38.9,,False,False,False,False,True,False,True,False,False,False,False,False,0.0,LOW
1180,2026-06-01,Nashik,Nashik Block-1,Nashik Block-1 Village-1,goat,19,8,3,41.0,,True,False,True,True,False,False,False,True,False,False,False,False,0.421,HIGH
1181,2026-06-01,Nagpur,Nagpur Block-1,Nagpur Block-1 Village-2,cattle,2,0,5,40.4,Similar cases seen in neighbouring herd.,True,True,False,True,False,False,False,True,False,False,False,False,0.0,LOW
1182,2026-06-01,Nagpur,Nagpur Block-3,Nagpur Block-3 Village-5,cattle,3,1,7,40.0,,True,True,False,True,False,True,True,False,False,False,False,False,0.333,LOW
1183,2026-06-01,Nagpur,Nagpur Block-3,Nagpur Block-3 Village-2,goat,3,0,4,38.8,Animals isolated as precaution.,False,True,False,True,False,False,False,False,True,False,False,False,0.0,LOW
1184,2026-06-01,Nagpur,Nagpur Block-3,Nagpur Block-3 Village-4,cattle,3,1,9,39.5,Animals isolated as precaution.,True,False,False,False,False,True,False,True,False,False,False,False,0.333,MEDIUM
1185,2026-06-01,Sambhajinagar,Sambhajinagar Block-1,Sambhajinagar Block-1 Village-5,poultry,4,0,4,40.6,,True,False,False,True,False,False,True,False,False,False,False,False,0.0,LOW
1186,2026-06-01,Pune,Pune Block-1,Pune Block-1 Village-3,poultry,3,0,3,38.2,,False,False,False,False,False,False,False,False,True,False,False,False,0.0,LOW
1187,2026-06-01,Sambhajinagar,Sambhajinagar Block-2,Sambhajinagar Block-2 Village-5,goat,4,0,5,38.2,,False,False,False,False,False,False,False,False,False,False,False,True,0.0,LOW
1188,2026-06-01,Pune,Pune Block-3,Pune Block-3 Village-4,cattle,1,0,5,38.7,Animals isolated as precaution.,False,False,True,True,False,False,False,False,False,False,False,True,0.0,LOW
1189,2026-06-01,Nashik,Nashik Block-3,Nashik Block-3 Village-3,goat,4,0,2,38.0,,False,False,False,False,False,True,False,False,False,True,False,False,0.0,LOW
1190,2026-06-01,Sambhajinagar,Sambhajinagar Block-2,Sambhajinagar Block-2 Village-4,buffalo,1,0,3,,,False,False,False,True,True,True,True,False,False,False,False,False,0.0,LOW
1191,2026-06-01,Sambhajinagar,Sambhajinagar Block-2,Sambhajinagar Block-2 Village-2,goat,3,0,2,41.3,,True,False,False,True,False,False,False,False,False,False,False,False,0.0,LOW
1192,2026-06-01,Amravati,Amravati Block-3,Amravati Block-3 Village-4,cattle,1,0,5,39.0,Animals isolated as precaution.,False,True,False,False,False,False,False,False,False,False,True,False,0.0,MEDIUM
1193,2026-06-01,Sambhajinagar,Sambhajinagar Block-1,Sambhajinagar Block-1 Village-4,buffalo,1,0,7,38.9,Animals isolated as precaution.,False,False,False,False,True,False,False,False,False,False,True,False,0.0,LOW
1194,2026-06-01,Sambhajinagar,Sambhajinagar Block-1,Sambhajinagar Block-1 Village-2,sheep,3,0,8,,,False,False,False,False,False,True,False,False,False,False,False,False,0.0,LOW
1195,2026-06-01,Pune,Pune Block-1,Pune Block-1 Village-4,buffalo,1,0,5,,Animals isolated as precaution.,True,False,False,False,False,True,True,False,False,False,False,False,0.0,LOW
1196,2026-06-01,Sambhajinagar,Sambhajinagar Block-1,Sambhajinagar Block-1 Village-4,cattle,2,0,6,38.0,Similar cases seen in neighbouring herd.,False,True,False,False,False,False,False,False,False,False,False,False,0.0,LOW
1197,2026-06-01,Pune,Pune Block-2,Pune Block-2 Village-1,cattle,1,0,1,,,False,False,False,True,False,False,False,False,False,False,False,False,0.0,LOW
1198,2026-06-02,Nagpur,Nagpur Block-3,Nagpur Block-3 Village-1,goat,8,1,8,37.6,,False,False,False,True,True,False,False,False,False,False,False,False,0.125,LOW
1199,2026-06-02,Sambhajinagar,Sambhajinagar Block-3,Sambhajinagar Block-3 Village-1,sheep,9,3,3,39.6,Animals isolated as precaution.,True,True,True,True,True,False,True,True,True,True,False,False,0.333,HIGH
1200,2026-06-02,Pune,Pune Block-2,Pune Block-2 Village-4,cattle,3,0,8,38.7,Farmer requested urgent visit.,False,False,False,False,False,False,False,False,False,False,True,False,0.0,MEDIUM
1201,2026-06-02,Kolhapur,Kolhapur Block-3,Kolhapur Block-3 Village-3,cattle,14,4,1,40.6,Farmer requested urgent visit.,True,False,True,True,True,True,False,False,False,False,False,False,0.286,MEDIUM
1202,2026-06-02,Nagpur,Nagpur Block-1,Nagpur Block-1 Village-1,sheep,2,0,3,39.6,Similar cases seen in neighbouring herd.,True,False,False,False,False,False,False,False,False,True,False,False,0.0,LOW
1203,2026-06-02,Nashik,Nashik Block-1,Nashik Block-1 Village-2,buffalo,7,1,2,,,False,False,False,False,False,False,False,False,True,False,False,False,0.143,LOW
1204,2026-06-02,Pune,Pune Block-2,Pune Block-2 Village-2,cattle,9,0,5,,Reported by local field worker.,False,False,True,False,True,False,False,True,False,True,False,False,0.0,LOW
1205,2026-06-02,Kolhapur,Kolhapur Block-3,Kolhapur Block-3 Village-2,poultry,2,0,2,38.3,Animals isolated as precaution.,False,False,False,True,True,True,True,False,False,True,False,False,0.0,LOW
1206,2026-06-02,Nagpur,Nagpur Block-1,Nagpur Block-1 Village-3,cattle,4,0,9,39.5,Reported by local field worker.,True,False,False,False,False,False,False,False,False,False,False,False,0.0,LOW
1207,2026-06-02,Pune,Pune Block-1,Pune Block-1 Village-2,poultry,2,0,3,38.6,,False,True,False,False,True,False,False,False,False,False,False,False,0.0,LOW
1208,2026-06-02,Kolhapur,Kolhapur Block-2,Kolhapur Block-2 Village-1,sheep,4,0,6,,Similar cases seen in neighbouring herd.,True,False,False,False,True,False,False,False,False,False,False,False,0.0,LOW
1209,2026-06-02,Nagpur,Nagpur Block-3,Nagpur Block-3 Village-5,cattle,1,0,2,38.9,Reported by local field worker.,False,False,True,True,False,False,False,False,False,False,False,False,0.0,LOW
1210,2026-06-02,Nashik,Nashik Block-3,Nashik Block-3 Village-1,goat,1,0,5,,Animals isolated as precaution.,False,False,False,True,False,False,False,False,False,False,False,False,0.0,LOW
1211,2026-06-02,Amravati,Amravati Block-3,Amravati Block-3 Village-1,cattle,17,6,2,40.8,,True,True,True,True,True,True,True,False,True,False,False,False,0.353,HIGH
1212,2026-06-02,Sambhajinagar,Sambhajinagar Block-2,Sambhajinagar Block-2 Village-5,poultry,1,0,9,39.1,,False,True,False,False,False,False,False,False,False,False,False,False,0.0,LOW
1213,2026-06-02,Sambhajinagar,Sambhajinagar Block-2,Sambhajinagar Block-2 Village-4,cattle,1,0,9,39.0,,False,False,False,False,False,True,False,False,False,False,False,False,0.0,LOW
1214,2026-06-02,Amravati,Amravati Block-2,Amravati Block-2 Village-2,goat,2,0,5,37.9,Animals isolated as precaution.,False,False,True,False,False,True,False,False,False,False,False,False,0.0,LOW
1215,2026-06-02,Sambhajinagar,Sambhajinagar Block-2,Sambhajinagar Block-2 Village-5,cattle,3,0,7,37.8,,False,False,False,True,False,False,True,False,False,False,False,False,0.0,LOW
1216,2026-06-02,Kolhapur,Kolhapur Block-3,Kolhapur Block-3 Village-1,sheep,3,0,9,,Similar cases seen in neighbouring herd.,True,True,False,True,True,False,False,False,False,False,False,False,0.0,LOW
1217,2026-06-02,Nashik,Nashik Block-3,Nashik Block-3 Village-2,poultry,1,0,9,38.2,,False,False,False,False,False,True,True,False,True,False,False,False,0.0,LOW
1218,2026-06-02,Sambhajinagar,Sambhajinagar Block-3,Sambhajinagar Block-3 Village-5,buffalo,4,0,4,38.1,Reported by local field worker.,False,False,False,False,False,True,False,False,False,False,False,False,0.0,LOW
1219,2026-06-02,Pune,Pune Block-2,Pune Block-2 Village-4,cattle,1,0,2,,,False,False,False,True,True,False,False,False,False,False,False,False,0.0,LOW
1220,2026-06-02,Nagpur,Nagpur Block-2,Nagpur Block-2 Village-2,buffalo,3,0,7,,,True,False,False,True,False,True,False,False,False,False,False,False,0.0,LOW
1221,2026-06-02,Amravati,Amravati Block-3,Amravati Block-3 Village-4,sheep,2,0,8,,Reported by local field worker.,False,False,False,False,False,True,False,True,False,False,False,False,0.0,LOW
1222,2026-06-02,Amravati,Amravati Block-2,Amravati Block-2 Village-1,goat,3,0,7,38.7,,False,True,False,False,False,False,False,False,False,False,False,False,0.0,LOW
1223,2026-06-02,Kolhapur,Kolhapur Block-1,Kolhapur Block-1 Village-5,cattle,4,0,8,39.1,,False,False,False,False,False,False,False,True,False,False,False,False,0.0,LOW
1224,2026-06-02,Pune,Pune Block-3,Pune Block-3 Village-2,poultry,4,1,4,37.8,Reported by local field worker.,False,False,True,True,True,False,False,False,False,False,False,False,0.25,LOW
1225,2026-06-02,Sambhajinagar,Sambhajinagar Block-3,Sambhajinagar Block-3 Village-4,cattle,4,0,4,,Reported by local field worker.,False,False,False,False,True,False,False,False,False,True,False,False,0.0,LOW
1226,2026-06-02,Sambhajinagar,Sambhajinagar Block-1,Sambhajinagar Block-1 Village-1,buffalo,1,0,1,40.9,Similar cases seen in neighbouring herd.,True,False,False,False,False,True,False,False,False,False,False,False,0.0,LOW
1227,2026-06-02,Pune,Pune Block-1,Pune Block-1 Village-5,sheep,2,0,4,,,True,False,False,True,False,False,False,False,False,False,False,False,0.0,LOW
1228,2026-06-02,Amravati,Amravati Block-3,Amravati Block-3 Village-1,goat,1,0,7,,Similar cases seen in neighbouring herd.,True,False,False,False,False,False,False,True,False,False,False,False,0.0,LOW
1229,2026-06-02,Sambhajinagar,Sambhajinagar Block-3,Sambhajinagar Block-3 Village-2,sheep,4,0,9,38.4,Similar cases seen in neighbouring herd.,False,False,True,False,False,False,False,False,False,False,False,False,0.0,LOW
1230,2026-06-02,Sambhajinagar,Sambhajinagar Block-1,Sambhajinagar Block-1 Village-5,cattle,2,0,1,37.9,,False,True,False,False,False,False,False,False,False,False,False,False,0.0,LOW
1231,2026-06-02,Pune,Pune Block-3,Pune Block-3 Village-5,cattle,4,0,5,38.5,Similar cases seen in neighbouring herd.,False,True,False,False,False,False,False,False,False,False,False,False,0.0,LOW
1232,2026-06-02,Nashik,Nashik Block-1,Nashik Block-1 Village-2,goat,1,0,9,37.8,,False,False,False,False,False,False,False,False,False,False,False,True,0.0,LOW
1233,2026-06-02,Nashik,Nashik Block-2,Nashik Block-2 Village-1,goat,1,0,8,,Reported by local field worker.,True,False,False,False,False,False,True,False,False,False,False,False,0.0,LOW
1234,2026-06-03,Nagpur,Nagpur Block-3,Nagpur Block-3 Village-1,buffalo,7,1,5,,,True,False,True,True,False,False,True,False,False,False,False,False,0.143,LOW
1235,2026-06-03,Sambhajinagar,Sambhajinagar Block-3,Sambhajinagar Block-3 Village-1,poultry,21,7,1,41.1,Farmer requested urgent visit.,True,False,True,True,True,True,True,False,False,False,False,False,0.333,HIGH
1236,2026-06-03,Kolhapur,Kolhapur Block-1,Kolhapur Block-1 Village-3,poultry,4,0,8,41.4,Farmer requested urgent visit.,True,True,False,False,False,False,False,False,False,False,False,False,0.0,LOW
1237,2026-06-03,Amravati,Amravati Block-3,Amravati Block-3 Village-5,goat,2,0,1,,,True,False,False,False,False,False,False,False,True,False,False,False,0.0,LOW
1238,2026-06-03,Kolhapur,Kolhapur Block-1,Kolhapur Block-1 Village-1,sheep,3,0,6,40.8,Farmer requested urgent visit.,True,False,False,False,False,False,False,False,False,True,False,False,0.0,LOW
1239,2026-06-03,Amravati,Amravati Block-1,Amravati Block-1 Village-4,cattle,1,0,1,,,False,True,False,False,True,False,False,False,False,False,False,False,0.0,LOW
1240,2026-06-03,Nashik,Nashik Block-1,Nashik Block-1 Village-2,buffalo,4,0,7,,Similar cases seen in neighbouring herd.,False,False,False,False,False,False,True,False,False,False,False,False,0.0,LOW
1241,2026-06-03,Nashik,Nashik Block-3,Nashik Block-3 Village-2,cattle,2,0,4,,Similar cases seen in neighbouring herd.,False,False,False,True,False,True,False,False,False,False,False,False,0.0,LOW
1242,2026-06-03,Amravati,Amravati Block-2,Amravati Block-2 Village-5,goat,2,0,9,,Similar cases seen in neighbouring herd.,True,False,False,False,False,False,False,True,False,False,False,False,0.0,LOW
1243,2026-06-03,Sambhajinagar,Sambhajinagar Block-2,Sambhajinagar Block-2 Village-4,poultry,1,0,7,39.6,Farmer requested urgent visit.,True,False,False,False,False,False,False,False,False,False,False,False,0.0,LOW
1244,2026-06-03,Nagpur,Nagpur Block-2,Nagpur Block-2 Village-1,cattle,3,0,9,38.3,,False,False,False,True,False,False,False,False,False,False,False,False,0.0,LOW
1245,2026-06-03,Nagpur,Nagpur Block-2,Nagpur Block-2 Village-4,goat,4,0,6,,Reported by local field worker.,False,False,True,False,False,False,False,False,False,False,False,False,0.0,LOW
1246,2026-06-03,Nagpur,Nagpur Block-2,Nagpur Block-2 Village-1,goat,3,0,2,40.7,,True,False,False,True,False,False,False,False,False,False,False,False,0.0,LOW
1247,2026-06-03,Pune,Pune Block-2,Pune Block-2 Village-5,buffalo,4,0,6,38.3,,False,False,False,False,False,True,False,False,False,False,False,False,0.0,LOW
1248,2026-06-03,Kolhapur,Kolhapur Block-2,Kolhapur Block-2 Village-3,goat,1,0,3,,Similar cases seen in neighbouring herd.,True,False,True,False,False,False,False,False,True,False,False,False,0.0,LOW
1249,2026-06-03,Nagpur,Nagpur Block-3,Nagpur Block-3 Village-5,cattle,2,0,6,41.4,,True,False,False,False,False,False,False,False,False,False,False,False,0.0,LOW
1250,2026-06-03,Amravati,Amravati Block-1,Amravati Block-1 Village-4,cattle,3,0,4,37.7,Farmer requested urgent visit.,False,True,False,True,False,False,False,False,True,False,False,False,0.0,LOW
1251,2026-06-03,Nagpur,Nagpur Block-3,Nagpur Block-3 Village-4,goat,6,1,7,40.7,,True,True,True,True,True,True,False,False,False,False,False,False,0.167,MEDIUM
1252,2026-06-03,Sambhajinagar,Sambhajinagar Block-3,Sambhajinagar Block-3 Village-5,goat,9,1,4,,,True,False,False,False,False,False,True,False,True,False,False,False,0.111,LOW
1253,2026-06-03,Kolhapur,Kolhapur Block-3,Kolhapur Block-3 Village-5,buffalo,3,0,5,,,False,False,False,False,True,True,False,False,False,False,False,False,0.0,LOW
1254,2026-06-03,Sambhajinagar,Sambhajinagar Block-1,Sambhajinagar Block-1 Village-5,goat,4,0,1,39.8,Farmer requested urgent visit.,True,False,True,False,True,False,False,False,True,False,False,False,0.0,LOW
1255,2026-06-03,Pune,Pune Block-1,Pune Block-1 Village-1,sheep,1,0,8,39.7,,True,False,False,False,False,False,False,False,False,False,False,False,0.0,LOW
1256,2026-06-03,Kolhapur,Kolhapur Block-3,Kolhapur Block-3 Village-2,cattle,3,0,3,,Animals isolated as precaution.,True,False,False,False,False,True,False,False,False,False,False,False,0.0,LOW
1257,2026-06-03,Sambhajinagar,Sambhajinagar Block-3,Sambhajinagar Block-3 Village-4,buffalo,3,0,9,,Animals isolated as precaution.,True,True,False,False,False,True,False,True,False,False,False,False,0.0,LOW
1258,2026-06-03,Pune,Pune Block-1,Pune Block-1 Village-1,goat,3,0,6,41.0,Farmer requested urgent visit.,True,False,False,True,True,False,False,False,False,False,False,False,0.0,LOW
1259,2026-06-03,Amravati,Amravati Block-3,Amravati Block-3 Village-2,buffalo,4,0,7,39.5,Farmer requested urgent visit.,True,False,False,False,False,False,False,False,False,False,False,False,0.0,LOW
1260,2026-06-03,Nashik,Nashik Block-1,Nashik Block-1 Village-2,sheep,2,0,7,,Similar cases seen in neighbouring herd.,False,False,True,False,False,False,False,False,False,False,False,False,0.0,LOW
1261,2026-06-03,Nagpur,Nagpur Block-2,Nagpur Block-2 Village-1,cattle,3,0,6,40.9,Farmer requested urgent visit.,True,False,False,False,True,False,False,False,False,False,False,False,0.0,LOW
1262,2026-06-03,Pune,Pune Block-3,Pune Block-3 Village-5,cattle,2,0,6,,,False,False,True,False,False,False,False,False,False,False,False,False,0.0,LOW
1263,2026-06-03,Sambhajinagar,Sambhajinagar Block-2,Sambhajinagar Block-2 Village-1,poultry,3,0,6,41.5,Animals isolated as precaution.,True,True,True,False,False,False,False,False,False,False,False,False,0.0,LOW
1264,2026-06-03,Kolhapur,Kolhapur Block-1,Kolhapur Block-1 Village-4,poultry,3,0,2,37.9,Reported by local field worker.,False,True,False,False,False,True,False,False,False,False,False,False,0.0,LOW
1265,2026-06-03,Kolhapur,Kolhapur Block-3,Kolhapur Block-3 Village-2,buffalo,3,0,8,40.0,Similar cases seen in neighbouring herd.,True,False,False,False,False,False,False,False,False,False,False,False,0.0,LOW
1266,2026-06-03,Nashik,Nashik Block-3,Nashik Block-3 Village-5,buffalo,4,0,2,39.8,Animals isolated as precaution.,True,False,False,True,False,False,False,False,False,False,False,False,0.0,LOW
1267,2026-06-03,Pune,Pune Block-3,Pune Block-3 Village-3,buffalo,3,0,8,41.1,Similar cases seen in neighbouring herd.,True,False,False,False,False,True,True,False,False,False,False,False,0.0,LOW
1268,2026-06-03,Kolhapur,Kolhapur Block-3,Kolhapur Block-3 Village-1,buffalo,3,0,1,38.9,,False,False,False,False,False,False,True,False,False,False,False,False,0.0,LOW
1269,2026-06-03,Sambhajinagar,Sambhajinagar Block-1,Sambhajinagar Block-1 Village-2,poultry,3,0,7,39.0,Animals isolated as precaution.,False,False,False,False,False,False,False,False,True,False,False,False,0.0,LOW
1270,2026-06-03,Pune,Pune Block-1,Pune Block-1 Village-2,buffalo,2,0,2,39.2,Reported by local field worker.,False,False,False,False,True,False,False,False,False,False,True,False,0.0,MEDIUM
1271,2026-06-03,Kolhapur,Kolhapur Block-3,Kolhapur Block-3 Village-2,poultry,4,0,8,41.1,,True,True,False,False,False,True,True,True,False,False,False,False,0.0,LOW
1272,2026-06-03,Kolhapur,Kolhapur Block-2,Kolhapur Block-2 Village-1,cattle,8,2,1,39.5,,True,False,True,True,False,True,False,True,False,False,False,False,0.25,MEDIUM
1273,2026-06-03,Nashik,Nashik Block-1,Nashik Block-1 Village-4,cattle,2,0,8,41.3,Farmer requested urgent visit.,True,True,False,True,False,False,False,False,False,False,False,False,0.0,LOW
1274,2026-06-03,Pune,Pune Block-3,Pune Block-3 Village-2,buffalo,1,0,5,40.6,Farmer requested urgent visit.,True,False,False,False,False,True,False,False,True,False,False,False,0.0,LOW
1275,2026-06-03,Pune,Pune Block-1,Pune Block-1 Village-4,cattle,1,0,6,39.1,,False,False,False,False,False,False,False,False,False,False,False,True,0.0,MEDIUM
1276,2026-06-03,Amravati,Amravati Block-3,Amravati Block-3 Village-3,buffalo,2,0,5,,Farmer requested urgent visit.,True,False,False,False,False,False,False,False,False,False,False,False,0.0,LOW
1277,2026-06-03,Nashik,Nashik Block-2,Nashik Block-2 Village-5,cattle,12,2,2,39.9,,True,True,False,True,False,True,True,False,True,True,False,False,0.167,MEDIUM
1278,2026-06-03,Nagpur,Nagpur Block-2,Nagpur Block-2 Village-3,sheep,3,0,1,,Reported by local field worker.,False,False,False,True,False,False,False,False,False,False,False,False,0.0,LOW
1279,2026-06-04,Sambhajinagar,Sambhajinagar Block-3,Sambhajinagar Block-3 Village-1,sheep,6,2,2,40.0,Reported by local field worker.,True,True,True,True,False,False,True,False,False,False,False,False,0.333,MEDIUM
1280,2026-06-04,Sambhajinagar,Sambhajinagar Block-3,Sambhajinagar Block-3 Village-1,goat,2,0,7,39.9,,True,False,True,True,False,False,False,False,True,False,False,False,0.0,LOW
1281,2026-06-04,Sambhajinagar,Sambhajinagar Block-3,Sambhajinagar Block-3 Village-1,goat,5,1,7,,Reported by local field worker.,False,False,False,False,False,False,True,True,False,False,False,False,0.2,LOW
1282,2026-06-04,Kolhapur,Kolhapur Block-1,Kolhapur Block-1 Village-5,sheep,3,0,7,38.4,Animals isolated as precaution.,False,False,True,False,False,False,False,True,True,True,False,False,0.0,LOW
1283,2026-06-04,Amravati,Amravati Block-3,Amravati Block-3 Village-2,goat,3,0,8,,,False,False,False,True,False,False,False,False,False,False,False,False,0.0,LOW
1284,2026-06-04,Kolhapur,Kolhapur Block-3,Kolhapur Block-3 Village-3,cattle,4,0,7,37.9,,False,True,False,False,False,False,False,False,False,False,False,False,0.0,LOW
1285,2026-06-04,Amravati,Amravati Block-2,Amravati Block-2 Village-2,cattle,4,0,6,38.8,Animals isolated as precaution.,False,True,False,False,False,True,False,False,False,False,False,False,0.0,LOW
1286,2026-06-04,Nagpur,Nagpur Block-2,Nagpur Block-2 Village-3,cattle,8,1,2,,,False,False,True,True,False,True,False,False,False,False,False,False,0.125,LOW
1287,2026-06-04,Kolhapur,Kolhapur Block-3,Kolhapur Block-3 Village-5,goat,7,1,9,41.3,Animals isolated as precaution.,True,False,False,False,False,False,False,False,False,False,False,False,0.143,LOW
1288,2026-06-04,Nashik,Nashik Block-3,Nashik Block-3 Village-5,goat,3,0,2,40.3,,True,False,False,True,False,False,False,False,False,False,False,False,0.0,LOW
1289,2026-06-04,Sambhajinagar,Sambhajinagar Block-3,Sambhajinagar Block-3 Village-5,buffalo,7,2,2,40.1,,True,True,False,True,False,True,False,False,False,False,False,True,0.286,HIGH
1290,2026-06-04,Amravati,Amravati Block-1,Amravati Block-1 Village-1,goat,1,0,8,38.8,Farmer requested urgent visit.,False,False,False,True,True,False,False,True,False,False,False,False,0.0,LOW
1291,2026-06-04,Amravati,Amravati Block-3,Amravati Block-3 Village-3,sheep,3,0,7,41.4,Similar cases seen in neighbouring herd.,True,True,False,True,False,False,False,True,True,False,False,False,0.0,LOW
1292,2026-06-04,Sambhajinagar,Sambhajinagar Block-2,Sambhajinagar Block-2 Village-5,cattle,2,0,6,39.5,Farmer requested urgent visit.,True,True,False,False,True,False,True,False,False,False,False,False,0.0,LOW
1293,2026-06-04,Nagpur,Nagpur Block-1,Nagpur Block-1 Village-2,cattle,1,0,8,41.0,Similar cases seen in neighbouring herd.,True,False,True,False,False,True,False,True,False,False,False,False,0.0,LOW
1294,2026-06-04,Kolhapur,Kolhapur Block-1,Kolhapur Block-1 Village-5,cattle,16,4,3,40.7,,True,False,True,True,False,True,False,False,True,True,False,False,0.25,HIGH
1295,2026-06-04,Pune,Pune Block-3,Pune Block-3 Village-5,poultry,4,0,6,,Similar cases seen in neighbouring herd.,False,False,False,True,False,False,False,False,False,False,False,False,0.0,LOW
1296,2026-06-04,Sambhajinagar,Sambhajinagar Block-2,Sambhajinagar Block-2 Village-4,goat,1,0,3,,Animals isolated as precaution.,True,False,False,False,False,True,True,False,False,False,False,False,0.0,LOW
1297,2026-06-04,Sambhajinagar,Sambhajinagar Block-1,Sambhajinagar Block-1 Village-3,cattle,2,0,5,,,True,False,False,True,False,False,True,False,False,False,False,False,0.0,LOW
1298,2026-06-04,Amravati,Amravati Block-1,Amravati Block-1 Village-2,buffalo,4,0,7,41.2,Farmer requested urgent visit.,True,False,False,False,True,False,False,False,False,False,False,False,0.0,LOW
1299,2026-06-04,Pune,Pune Block-3,Pune Block-3 Village-4,cattle,20,8,3,40.7,Animals isolated as precaution.,True,True,True,True,False,True,False,False,False,False,False,False,0.4,HIGH
1300,2026-06-04,Kolhapur,Kolhapur Block-1,Kolhapur Block-1 Village-1,cattle,1,0,9,40.5,Reported by local field worker.,True,True,False,True,True,False,False,False,False,False,False,False,0.0,LOW
1301,2026-06-04,Kolhapur,Kolhapur Block-2,Kolhapur Block-2 Village-1,sheep,3,0,4,,Similar cases seen in neighbouring herd.,False,False,False,False,False,False,False,False,True,False,False,False,0.0,LOW
1302,2026-06-04,Pune,Pune Block-1,Pune Block-1 Village-1,poultry,1,0,2,39.7,,True,True,True,True,False,True,False,False,False,False,False,False,0.0,LOW
1303,2026-06-04,Nashik,Nashik Block-1,Nashik Block-1 Village-4,sheep,4,1,1,,Reported by local field worker.,True,False,False,True,False,False,False,False,True,False,False,False,0.25,MEDIUM
1304,2026-06-04,Nashik,Nashik Block-1,Nashik Block-1 Village-4,goat,3,0,7,,,False,True,False,False,False,False,False,False,False,False,False,False,0.0,LOW
1305,2026-06-04,Pune,Pune Block-2,Pune Block-2 Village-1,sheep,1,0,9,40.6,Farmer requested urgent visit.,True,False,False,True,False,False,False,False,False,True,False,False,0.0,LOW
1306,2026-06-04,Pune,Pune Block-1,Pune Block-1 Village-2,goat,2,0,5,,Similar cases seen in neighbouring herd.,False,False,False,False,False,True,False,False,False,False,False,False,0.0,LOW
1307,2026-06-04,Nashik,Nashik Block-2,Nashik Block-2 Village-2,cattle,3,0,8,,,False,False,False,False,False,True,False,False,False,False,False,False,0.0,LOW
1308,2026-06-04,Kolhapur,Kolhapur Block-1,Kolhapur Block-1 Village-2,buffalo,1,0,1,38.3,,False,True,False,False,False,False,False,False,True,False,False,False,0.0,LOW
1309,2026-06-04,Nashik,Nashik Block-3,Nashik Block-3 Village-3,buffalo,2,0,3,41.2,Farmer requested urgent visit.,True,False,False,False,False,False,False,False,False,False,False,False,0.0,LOW
1310,2026-06-04,Amravati,Amravati Block-2,Amravati Block-2 Village-2,cattle,1,0,5,41.5,Similar cases seen in neighbouring herd.,True,True,False,False,False,False,False,False,False,False,False,False,0.0,LOW
1311,2026-06-04,Nagpur,Nagpur Block-1,Nagpur Block-1 Village-2,buffalo,1,0,5,,Animals isolated as precaution.,False,False,True,False,True,False,False,False,True,False,False,False,0.0,LOW
1312,2026-06-04,Sambhajinagar,Sambhajinagar Block-2,Sambhajinagar Block-2 Village-5,cattle,1,0,9,38.4,Farmer requested urgent visit.,False,False,False,False,False,False,True,True,False,False,False,False,0.0,LOW
1313,2026-06-05,Nagpur,Nagpur Block-3,Nagpur Block-3 Village-1,cattle,5,1,5,41.4,,True,False,False,True,False,False,False,True,True,False,False,False,0.2,MEDIUM
1314,2026-06-05,Nagpur,Nagpur Block-2,Nagpur Block-2 Village-2,goat,2,0,7,38.4,Animals isolated as precaution.,False,False,False,False,False,False,False,False,False,False,True,False,0.0,LOW
1315,2026-06-05,Pune,Pune Block-2,Pune Block-2 Village-1,sheep,3,0,6,,,True,True,False,True,False,False,False,False,False,False,False,False,0.0,LOW
1316,2026-06-05,Nagpur,Nagpur Block-2,Nagpur Block-2 Village-2,poultry,2,0,7,38.1,Reported by local field worker.,False,False,False,True,False,False,False,False,False,False,False,False,0.0,LOW
1317,2026-06-05,Nashik,Nashik Block-2,Nashik Block-2 Village-2,cattle,4,0,8,,,True,False,False,False,False,False,False,False,False,False,False,False,0.0,LOW
1318,2026-06-05,Nagpur,Nagpur Block-3,Nagpur Block-3 Village-1,buffalo,1,0,7,,,False,True,False,True,False,False,False,False,False,False,False,False,0.0,LOW
1319,2026-06-05,Amravati,Amravati Block-1,Amravati Block-1 Village-1,sheep,3,0,4,39.0,Similar cases seen in neighbouring herd.,False,False,False,False,False,False,False,False,False,True,False,False,0.0,LOW
1320,2026-06-05,Nashik,Nashik Block-1,Nashik Block-1 Village-3,buffalo,3,0,6,,Farmer requested urgent visit.,True,True,True,False,False,False,False,False,False,False,False,False,0.0,LOW
1321,2026-06-05,Pune,Pune Block-1,Pune Block-1 Village-1,sheep,3,0,8,38.8,,False,False,True,False,False,False,False,False,False,False,False,False,0.0,LOW
1322,2026-06-05,Nagpur,Nagpur Block-2,Nagpur Block-2 Village-4,buffalo,2,0,4,38.1,,False,False,False,True,True,False,False,False,False,False,False,False,0.0,LOW
1323,2026-06-05,Amravati,Amravati Block-2,Amravati Block-2 Village-1,goat,2,0,9,38.5,Reported by local field worker.,False,False,False,False,False,False,True,False,False,False,False,False,0.0,LOW
1324,2026-06-05,Nashik,Nashik Block-1,Nashik Block-1 Village-4,buffalo,1,0,5,38.8,Farmer requested urgent visit.,False,True,False,False,False,False,False,False,False,False,False,False,0.0,LOW
1325,2026-06-05,Amravati,Amravati Block-1,Amravati Block-1 Village-1,poultry,1,0,5,40.6,Reported by local field worker.,True,False,False,False,False,False,False,False,False,False,False,False,0.0,LOW
1326,2026-06-05,Sambhajinagar,Sambhajinagar Block-3,Sambhajinagar Block-3 Village-2,sheep,3,0,5,40.5,,True,False,False,False,False,False,False,False,False,False,False,False,0.0,LOW
1327,2026-06-05,Sambhajinagar,Sambhajinagar Block-1,Sambhajinagar Block-1 Village-4,cattle,2,0,1,38.1,,False,True,False,False,False,False,False,False,False,False,False,False,0.0,LOW
1328,2026-06-05,Amravati,Amravati Block-1,Amravati Block-1 Village-4,sheep,4,0,9,,Farmer requested urgent visit.,True,True,False,False,False,True,False,False,False,False,False,False,0.0,LOW
1329,2026-06-05,Amravati,Amravati Block-1,Amravati Block-1 Village-2,cattle,2,0,7,38.5,,False,True,False,False,False,False,False,False,False,False,False,False,0.0,LOW
1330,2026-06-05,Pune,Pune Block-1,Pune Block-1 Village-3,cattle,4,0,8,,Reported by local field worker.,True,True,True,True,True,True,False,False,False,False,False,True,0.0,MEDIUM
1331,2026-06-05,Nashik,Nashik Block-3,Nashik Block-3 Village-2,buffalo,4,0,9,38.0,,False,False,False,False,False,True,False,False,False,False,False,False,0.0,LOW
1332,2026-06-05,Nagpur,Nagpur Block-1,Nagpur Block-1 Village-4,poultry,3,0,4,40.4,Similar cases seen in neighbouring herd.,True,False,False,False,False,False,False,False,False,False,False,False,0.0,LOW
1333,2026-06-05,Pune,Pune Block-2,Pune Block-2 Village-3,cattle,4,2,2,,Reported by local field worker.,True,True,False,True,True,False,False,False,False,False,False,False,0.5,MEDIUM
1334,2026-06-05,Nagpur,Nagpur Block-2,Nagpur Block-2 Village-4,cattle,4,0,5,40.4,Farmer requested urgent visit.,True,False,False,True,True,False,True,False,False,False,False,False,0.0,LOW
1335,2026-06-05,Pune,Pune Block-3,Pune Block-3 Village-2,cattle,1,0,9,37.6,,False,False,True,False,False,False,False,False,False,False,False,False,0.0,LOW
1336,2026-06-05,Sambhajinagar,Sambhajinagar Block-2,Sambhajinagar Block-2 Village-5,goat,2,0,8,,Animals isolated as precaution.,False,False,False,False,True,True,False,False,False,False,False,False,0.0,LOW
1337,2026-06-05,Nashik,Nashik Block-2,Nashik Block-2 Village-1,buffalo,1,0,4,39.4,Similar cases seen in neighbouring herd.,True,False,False,False,False,False,True,True,False,False,False,False,0.0,LOW
1338,2026-06-05,Amravati,Amravati Block-3,Amravati Block-3 Village-3,poultry,1,0,4,,Farmer requested urgent visit.,True,False,False,True,False,True,False,False,False,False,False,True,0.0,LOW
1339,2026-06-05,Nashik,Nashik Block-3,Nashik Block-3 Village-5,cattle,2,0,2,37.7,,False,False,False,False,True,False,False,False,False,False,False,False,0.0,LOW
1340,2026-06-05,Amravati,Amravati Block-3,Amravati Block-3 Village-4,cattle,1,0,3,40.0,,True,False,False,False,False,False,False,False,False,False,False,False,0.0,LOW
1341,2026-06-05,Amravati,Amravati Block-2,Amravati Block-2 Village-5,sheep,3,0,8,,,True,True,False,False,False,False,False,False,False,False,False,False,0.0,LOW
1342,2026-06-05,Sambhajinagar,Sambhajinagar Block-3,Sambhajinagar Block-3 Village-4,sheep,7,1,9,40.9,Animals isolated as precaution.,True,False,False,False,False,False,False,False,False,False,False,False,0.143,LOW
1343,2026-06-05,Nashik,Nashik Block-2,Nashik Block-2 Village-3,cattle,2,0,1,,Similar cases seen in neighbouring herd.,False,True,False,False,False,False,False,False,False,False,False,False,0.0,LOW
1344,2026-06-05,Amravati,Amravati Block-1,Amravati Block-1 Village-2,buffalo,2,0,9,38.1,,False,True,True,False,False,False,False,False,False,False,False,False,0.0,LOW
1345,2026-06-05,Sambhajinagar,Sambhajinagar Block-3,Sambhajinagar Block-3 Village-5,cattle,2,0,9,41.4,,True,False,True,False,False,False,True,False,False,False,False,False,0.0,LOW
1346,2026-06-05,Amravati,Amravati Block-2,Amravati Block-2 Village-4,buffalo,1,0,8,,Animals isolated as precaution.,True,False,False,False,False,False,False,False,False,False,False,False,0.0,LOW
1347,2026-06-05,Pune,Pune Block-2,Pune Block-2 Village-4,goat,2,0,6,40.2,Similar cases seen in neighbouring herd.,True,False,True,False,False,False,False,False,True,False,False,False,0.0,LOW
1348,2026-06-06,Nagpur,Nagpur Block-3,Nagpur Block-3 Village-1,cattle,5,1,2,,Similar cases seen in neighbouring herd.,True,False,False,False,False,True,False,False,False,False,False,False,0.2,MEDIUM
1349,2026-06-06,Nagpur,Nagpur Block-3,Nagpur Block-3 Village-1,goat,8,1,5,40.6,Farmer requested urgent visit.,True,False,False,True,False,False,True,False,False,False,False,False,0.125,LOW
1350,2026-06-06,Nagpur,Nagpur Block-3,Nagpur Block-3 Village-1,buffalo,2,0,4,,Reported by local field worker.,True,True,True,True,False,True,False,False,False,False,True,False,0.0,MEDIUM
1351,2026-06-06,Sambhajinagar,Sambhajinagar Block-3,Sambhajinagar Block-3 Village-1,goat,13,6,1,40.0,,True,True,True,True,False,False,False,False,False,True,False,False,0.462,MEDIUM
1352,2026-06-06,Sambhajinagar,Sambhajinagar Block-3,Sambhajinagar Block-3 Village-1,cattle,3,0,4,,Animals isolated as precaution.,False,False,False,True,False,False,False,False,False,False,False,False,0.0,LOW
1353,2026-06-06,Sambhajinagar,Sambhajinagar Block-2,Sambhajinagar Block-2 Village-1,buffalo,9,1,5,37.8,,False,False,True,False,False,True,False,False,False,False,False,False,0.111,LOW
1354,2026-06-06,Sambhajinagar,Sambhajinagar Block-2,Sambhajinagar Block-2 Village-1,buffalo,9,0,5,39.9,Reported by local field worker.,True,True,True,True,False,True,True,True,False,False,False,True,0.0,MEDIUM
1355,2026-06-06,Amravati,Amravati Block-2,Amravati Block-2 Village-1,cattle,4,0,1,38.3,,False,False,True,False,False,False,False,False,False,False,False,False,0.0,LOW
1356,2026-06-06,Amravati,Amravati Block-3,Amravati Block-3 Village-4,poultry,3,0,7,41.2,,True,False,False,True,False,False,False,False,False,False,False,False,0.0,LOW
1357,2026-06-06,Sambhajinagar,Sambhajinagar Block-1,Sambhajinagar Block-1 Village-1,buffalo,3,0,6,40.8,Animals isolated as precaution.,True,False,False,False,False,True,False,False,False,False,False,False,0.0,LOW
1358,2026-06-06,Nashik,Nashik Block-3,Nashik Block-3 Village-4,goat,3,0,9,38.7,Animals isolated as precaution.,False,True,True,False,False,False,False,False,False,False,False,False,0.0,LOW
1359,2026-06-06,Nagpur,Nagpur Block-2,Nagpur Block-2 Village-1,cattle,14,4,1,,Farmer requested urgent visit.,True,False,False,False,True,True,True,True,False,True,False,False,0.286,MEDIUM
1360,2026-06-06,Pune,Pune Block-3,Pune Block-3 Village-5,cattle,1,0,6,,Farmer requested urgent visit.,True,False,False,True,False,False,False,False,False,False,False,False,0.0,LOW
1361,2026-06-06,Nashik,Nashik Block-2,Nashik Block-2 Village-2,poultry,2,0,2,,Reported by local field worker.,False,False,False,False,False,True,False,False,False,False,False,False,0.0,LOW
1362,2026-06-06,Kolhapur,Kolhapur Block-1,Kolhapur Block-1 Village-5,buffalo,3,0,4,,Similar cases seen in neighbouring herd.,False,True,False,True,False,False,True,False,False,False,False,False,0.0,LOW
1363,2026-06-06,Nashik,Nashik Block-1,Nashik Block-1 Village-2,cattle,1,0,9,37.7,Animals isolated as precaution.,False,False,True,False,False,False,False,False,False,False,False,False,0.0,LOW
1364,2026-06-06,Amravati,Amravati Block-1,Amravati Block-1 Village-5,buffalo,2,0,4,,Reported by local field worker.,True,False,False,False,False,False,False,False,False,False,False,False,0.0,LOW
1365,2026-06-06,Sambhajinagar,Sambhajinagar Block-2,Sambhajinagar Block-2 Village-3,cattle,3,0,4,,Farmer requested urgent visit.,False,False,False,True,False,False,True,False,False,False,False,False,0.0,LOW
1366,2026-06-06,Nashik,Nashik Block-3,Nashik Block-3 Village-3,goat,4,0,8,39.5,,True,False,False,False,True,False,False,False,False,False,False,False,0.0,LOW
1367,2026-06-06,Nagpur,Nagpur Block-3,Nagpur Block-3 Village-1,buffalo,2,0,4,39.9,Reported by local field worker.,True,True,True,False,False,True,False,False,True,False,False,False,0.0,LOW
1368,2026-06-06,Nagpur,Nagpur Block-1,Nagpur Block-1 Village-4,buffalo,1,0,7,,Animals isolated as precaution.,False,True,True,False,False,True,True,False,False,False,False,False,0.0,LOW
1369,2026-06-06,Kolhapur,Kolhapur Block-2,Kolhapur Block-2 Village-1,goat,4,0,8,39.5,,True,False,False,False,False,False,False,False,False,False,False,False,0.0,LOW
1370,2026-06-06,Kolhapur,Kolhapur Block-3,Kolhapur Block-3 Village-2,buffalo,1,0,5,40.2,Animals isolated as precaution.,True,False,True,False,False,False,False,False,False,False,False,False,0.0,LOW
1371,2026-06-06,Nashik,Nashik Block-3,Nashik Block-3 Village-2,cattle,4,0,6,,Animals isolated as precaution.,True,False,True,False,False,False,False,False,False,False,False,False,0.0,LOW
1372,2026-06-06,Sambhajinagar,Sambhajinagar Block-2,Sambhajinagar Block-2 Village-3,goat,4,0,7,37.9,Animals isolated as precaution.,False,False,False,True,False,False,False,False,False,False,False,False,0.0,LOW
1373,2026-06-06,Nagpur,Nagpur Block-1,Nagpur Block-1 Village-2,cattle,2,0,1,38.3,Reported by local field worker.,False,True,False,False,False,False,False,False,True,False,False,False,0.0,LOW
1374,2026-06-06,Nagpur,Nagpur Block-1,Nagpur Block-1 Village-2,goat,1,0,5,38.6,Similar cases seen in neighbouring herd.,False,True,False,True,False,False,False,False,False,False,False,False,0.0,LOW
1375,2026-06-06,Amravati,Amravati Block-3,Amravati Block-3 Village-3,sheep,8,3,3,39.8,Similar cases seen in neighbouring herd.,True,True,True,True,True,False,False,False,False,False,False,False,0.375,MEDIUM
1376,2026-06-06,Nashik,Nashik Block-1,Nashik Block-1 Village-1,goat,3,0,3,37.7,Animals isolated as precaution.,False,True,False,True,False,True,True,False,True,False,False,False,0.0,LOW
1377,2026-06-06,Pune,Pune Block-3,Pune Block-3 Village-2,buffalo,6,1,1,41.3,Animals isolated as precaution.,True,False,False,True,False,True,False,True,False,False,False,True,0.167,HIGH
1378,2026-06-06,Amravati,Amravati Block-2,Amravati Block-2 Village-2,cattle,2,0,5,37.8,,False,True,True,True,False,True,False,False,False,False,False,False,0.0,LOW
1379,2026-06-06,Nagpur,Nagpur Block-3,Nagpur Block-3 Village-2,cattle,2,0,2,39.6,,True,False,False,True,False,True,False,False,False,False,False,False,0.0,LOW
1380,2026-06-06,Amravati,Amravati Block-3,Amravati Block-3 Village-1,sheep,5,1,9,38.8,Animals isolated as precaution.,False,True,True,False,False,False,True,True,False,False,False,False,0.2,LOW
1381,2026-06-06,Amravati,Amravati Block-1,Amravati Block-1 Village-3,cattle,1,0,5,39.6,Animals isolated as precaution.,True,False,False,False,False,True,False,False,False,False,False,False,0.0,LOW
1382,2026-06-06,Amravati,Amravati Block-3,Amravati Block-3 Village-2,sheep,5,1,7,38.2,Animals isolated as precaution.,False,False,False,False,True,True,False,False,False,False,False,False,0.2,LOW
1383,2026-06-06,Kolhapur,Kolhapur Block-2,Kolhapur Block-2 Village-5,cattle,2,0,2,,Animals isolated as precaution.,True,True,True,False,False,True,False,False,False,False,False,False,0.0,LOW
1384,2026-06-06,Amravati,Amravati Block-3,Amravati Block-3 Village-5,buffalo,4,0,4,40.7,Farmer requested urgent visit.,True,True,False,False,False,False,False,False,False,False,False,False,0.0,LOW
1385,2026-06-06,Kolhapur,Kolhapur Block-2,Kolhapur Block-2 Village-4,buffalo,4,0,2,40.8,Farmer requested urgent visit.,True,True,False,False,False,True,True,False,False,False,False,False,0.0,LOW
1386,2026-06-06,Pune,Pune Block-1,Pune Block-1 Village-5,goat,4,0,3,38.4,Animals isolated as precaution.,False,False,False,True,False,True,False,False,False,False,False,False,0.0,LOW
1387,2026-06-06,Kolhapur,Kolhapur Block-1,Kolhapur Block-1 Village-1,goat,3,0,9,,Reported by local field worker.,True,False,True,False,False,False,False,False,False,False,False,False,0.0,LOW
1388,2026-06-06,Amravati,Amravati Block-2,Amravati Block-2 Village-3,cattle,8,0,3,,Reported by local field worker.,False,True,False,False,True,True,False,False,False,False,False,False,0.0,LOW
1389,2026-06-06,Amravati,Amravati Block-2,Amravati Block-2 Village-4,goat,4,0,7,40.2,,True,False,False,False,False,False,False,False,False,False,False,False,0.0,LOW
1390,2026-06-06,Nagpur,Nagpur Block-3,Nagpur Block-3 Village-3,cattle,4,0,3,38.6,,False,False,True,True,False,False,False,False,False,False,False,False,0.0,LOW
1391,2026-06-06,Nagpur,Nagpur Block-3,Nagpur Block-3 Village-2,goat,3,0,6,38.1,Farmer requested urgent visit.,False,False,False,False,False,False,False,False,False,True,False,False,0.0,LOW
1392,2026-06-06,Amravati,Amravati Block-3,Amravati Block-3 Village-4,goat,3,0,4,38.9,Reported by local field worker.,False,True,False,False,False,True,False,False,False,False,False,True,0.0,MEDIUM
1393,2026-06-06,Amravati,Amravati Block-1,Amravati Block-1 Village-1,buffalo,1,0,4,,,False,False,True,True,False,False,False,False,False,False,False,False,0.0,LOW
1394,2026-06-06,Pune,Pune Block-2,Pune Block-2 Village-1,goat,4,0,2,38.7,,False,False,False,False,False,True,False,False,False,True,False,False,0.0,LOW
1395,2026-06-06,Nagpur,Nagpur Block-1,Nagpur Block-1 Village-2,goat,1,0,2,38.6,,False,False,False,False,False,False,False,False,False,True,False,False,0.0,LOW
1396,2026-06-06,Pune,Pune Block-3,Pune Block-3 Village-5,poultry,4,0,6,38.0,Animals isolated as precaution.,False,False,True,False,False,False,False,False,False,False,False,False,0.0,LOW
1397,2026-06-06,Pune,Pune Block-2,Pune Block-2 Village-5,cattle,3,0,9,,,True,True,False,False,True,True,False,True,False,False,False,False,0.0,LOW
1398,2026-06-06,Kolhapur,Kolhapur Block-1,Kolhapur Block-1 Village-1,buffalo,4,0,9,39.6,,True,False,False,False,False,False,False,False,False,False,False,False,0.0,LOW
1399,2026-06-07,Sambhajinagar,Sambhajinagar Block-3,Sambhajinagar Block-3 Village-1,sheep,9,1,6,41.1,Similar cases seen in neighbouring herd.,True,True,False,True,False,True,True,False,False,True,False,False,0.111,LOW
1400,2026-06-07,Sambhajinagar,Sambhajinagar Block-2,Sambhajinagar Block-2 Village-1,buffalo,18,5,2,40.9,Animals isolated as precaution.,True,True,True,True,False,True,False,False,False,False,False,False,0.278,MEDIUM
1401,2026-06-07,Sambhajinagar,Sambhajinagar Block-2,Sambhajinagar Block-2 Village-1,buffalo,21,6,1,40.3,Reported by local field worker.,True,True,False,False,True,True,True,False,False,False,False,False,0.286,MEDIUM
1402,2026-06-07,Sambhajinagar,Sambhajinagar Block-2,Sambhajinagar Block-2 Village-1,cattle,7,0,2,39.2,Farmer requested urgent visit.,False,False,False,False,True,False,True,False,False,False,False,False,0.0,LOW
1403,2026-06-07,Kolhapur,Kolhapur Block-2,Kolhapur Block-2 Village-4,sheep,8,1,3,38.7,Animals isolated as precaution.,False,True,True,False,False,True,False,False,False,False,False,False,0.125,MEDIUM
1404,2026-06-07,Nashik,Nashik Block-2,Nashik Block-2 Village-2,buffalo,6,1,1,,Animals isolated as precaution.,True,True,False,True,False,False,False,False,False,False,False,False,0.167,LOW
1405,2026-06-07,Kolhapur,Kolhapur Block-3,Kolhapur Block-3 Village-4,cattle,3,0,4,41.4,,True,True,False,False,False,False,False,False,False,False,False,False,0.0,LOW
1406,2026-06-07,Kolhapur,Kolhapur Block-1,Kolhapur Block-1 Village-3,cattle,1,0,1,,Farmer requested urgent visit.,False,False,False,True,True,True,False,False,False,True,False,False,0.0,LOW
1407,2026-06-07,Amravati,Amravati Block-2,Amravati Block-2 Village-4,poultry,1,0,8,,Animals isolated as precaution.,False,False,True,False,False,False,False,False,False,False,False,False,0.0,LOW
1408,2026-06-07,Amravati,Amravati Block-2,Amravati Block-2 Village-3,cattle,3,0,9,,,False,False,False,False,True,False,False,False,False,False,False,False,0.0,LOW
1409,2026-06-07,Sambhajinagar,Sambhajinagar Block-3,Sambhajinagar Block-3 Village-1,cattle,1,0,6,39.1,,False,False,False,True,False,False,False,False,False,False,False,False,0.0,LOW
1410,2026-06-07,Pune,Pune Block-1,Pune Block-1 Village-3,buffalo,4,0,7,,Reported by local field worker.,True,False,False,False,True,False,False,False,False,False,False,False,0.0,LOW
1411,2026-06-07,Kolhapur,Kolhapur Block-2,Kolhapur Block-2 Village-3,cattle,4,0,1,38.0,,False,False,False,False,False,False,False,True,False,False,False,False,0.0,LOW
1412,2026-06-07,Sambhajinagar,Sambhajinagar Block-3,Sambhajinagar Block-3 Village-4,buffalo,2,0,7,,,True,True,True,False,False,False,True,False,False,False,False,False,0.0,LOW
1413,2026-06-07,Amravati,Amravati Block-2,Amravati Block-2 Village-5,cattle,6,1,7,38.1,,False,False,False,True,False,False,False,True,False,False,False,False,0.167,LOW
1414,2026-06-07,Amravati,Amravati Block-2,Amravati Block-2 Village-1,goat,3,0,2,39.0,Farmer requested urgent visit.,False,False,False,True,False,True,False,False,False,False,False,False,0.0,LOW
1415,2026-06-07,Nagpur,Nagpur Block-2,Nagpur Block-2 Village-1,poultry,3,0,7,40.3,Similar cases seen in neighbouring herd.,True,True,False,False,False,False,False,False,True,False,False,False,0.0,LOW
1416,2026-06-07,Pune,Pune Block-2,Pune Block-2 Village-4,sheep,1,0,7,,,True,False,False,False,False,False,False,False,False,False,False,False,0.0,LOW
1417,2026-06-07,Nagpur,Nagpur Block-3,Nagpur Block-3 Village-2,cattle,1,0,5,37.8,,False,True,False,False,True,False,False,False,False,False,False,False,0.0,LOW
1418,2026-06-07,Kolhapur,Kolhapur Block-3,Kolhapur Block-3 Village-1,sheep,3,0,1,38.4,,False,False,False,True,False,False,False,False,False,False,False,False,0.0,LOW
1419,2026-06-07,Pune,Pune Block-1,Pune Block-1 Village-1,cattle,1,0,3,39.1,Animals isolated as precaution.,False,True,False,False,True,True,False,False,False,False,False,False,0.0,LOW
1420,2026-06-07,Sambhajinagar,Sambhajinagar Block-2,Sambhajinagar Block-2 Village-3,cattle,1,0,5,,Farmer requested urgent visit.,False,False,True,False,False,False,False,False,False,False,False,False,0.0,LOW
1421,2026-06-07,Nagpur,Nagpur Block-1,Nagpur Block-1 Village-1,poultry,2,0,4,39.5,,True,False,True,True,False,False,False,False,False,False,False,False,0.0,LOW
1422,2026-06-07,Amravati,Amravati Block-1,Amravati Block-1 Village-2,goat,1,0,6,39.1,Animals isolated as precaution.,False,False,False,True,False,False,False,False,False,False,False,False,0.0,LOW
1423,2026-06-07,Amravati,Amravati Block-1,Amravati Block-1 Village-4,goat,3,0,9,,Animals isolated as precaution.,True,False,True,True,False,False,False,False,False,False,False,False,0.0,LOW
1424,2026-06-07,Kolhapur,Kolhapur Block-3,Kolhapur Block-3 Village-1,sheep,2,0,3,37.9,,False,True,False,False,False,False,False,True,False,False,False,False,0.0,LOW
1425,2026-06-07,Amravati,Amravati Block-2,Amravati Block-2 Village-5,poultry,3,0,2,,Animals isolated as precaution.,False,False,False,False,False,False,False,False,False,False,False,True,0.0,LOW
1426,2026-06-07,Nagpur,Nagpur Block-1,Nagpur Block-1 Village-5,poultry,3,0,9,39.1,,False,True,False,False,False,False,False,False,False,False,False,False,0.0,LOW
1427,2026-06-07,Sambhajinagar,Sambhajinagar Block-2,Sambhajinagar Block-2 Village-1,sheep,4,0,9,40.3,Similar cases seen in neighbouring herd.,True,False,False,False,False,True,False,False,False,False,False,False,0.0,LOW
1428,2026-06-07,Sambhajinagar,Sambhajinagar Block-1,Sambhajinagar Block-1 Village-3,buffalo,1,0,2,37.8,Farmer requested urgent visit.,False,False,True,False,False,False,False,False,False,False,False,True,0.0,LOW
1429,2026-06-07,Pune,Pune Block-3,Pune Block-3 Village-1,cattle,3,0,4,,Reported by local field worker.,True,False,False,False,False,False,False,False,False,False,False,False,0.0,LOW
1430,2026-06-07,Amravati,Amravati Block-1,Amravati Block-1 Village-4,poultry,3,0,8,38.4,,False,False,False,False,False,False,False,False,False,False,False,True,0.0,LOW
1431,2026-06-07,Pune,Pune Block-3,Pune Block-3 Village-1,cattle,2,0,4,41.4,Animals isolated as precaution.,True,False,True,False,False,False,False,False,False,False,False,False,0.0,LOW
1432,2026-06-07,Nagpur,Nagpur Block-1,Nagpur Block-1 Village-4,cattle,3,0,1,38.6,Animals isolated as precaution.,False,True,False,False,False,False,False,False,False,False,False,False,0.0,LOW
1433,2026-06-07,Amravati,Amravati Block-1,Amravati Block-1 Village-3,poultry,4,0,8,,Reported by local field worker.,False,False,True,False,False,False,False,False,False,False,False,True,0.0,MEDIUM
1434,2026-06-07,Nagpur,Nagpur Block-1,Nagpur Block-1 Village-2,sheep,2,0,7,37.9,Animals isolated as precaution.,False,True,False,False,False,False,True,True,False,False,False,False,0.0,LOW
1435,2026-06-07,Nashik,Nashik Block-1,Nashik Block-1 Village-1,cattle,2,0,4,,Reported by local field worker.,True,False,False,False,False,False,False,False,False,False,False,False,0.0,LOW
1436,2026-06-07,Sambhajinagar,Sambhajinagar Block-1,Sambhajinagar Block-1 Village-2,sheep,3,0,6,41.3,Reported by local field worker.,True,False,False,False,False,False,False,False,False,False,False,False,0.0,LOW
1437,2026-06-07,Pune,Pune Block-2,Pune Block-2 Village-4,goat,4,0,7,38.9,Similar cases seen in neighbouring herd.,False,False,False,True,False,False,False,False,False,False,False,False,0.0,LOW
1438,2026-06-08,Sambhajinagar,Sambhajinagar Block-3,Sambhajinagar Block-3 Village-1,cattle,11,3,1,40.5,Similar cases seen in neighbouring herd.,True,True,True,False,False,True,True,True,False,True,False,False,0.273,MEDIUM
1439,2026-06-08,Sambhajinagar,Sambhajinagar Block-2,Sambhajinagar Block-2 Village-1,sheep,6,0,6,,,False,False,False,False,True,False,False,False,False,False,False,False,0.0,LOW
1440,2026-06-08,Sambhajinagar,Sambhajinagar Block-2,Sambhajinagar Block-2 Village-1,sheep,2,0,4,39.2,,False,True,False,True,False,True,False,False,False,False,False,False,0.0,LOW
1441,2026-06-08,Sambhajinagar,Sambhajinagar Block-2,Sambhajinagar Block-2 Village-1,buffalo,6,2,3,41.1,,True,True,False,False,False,True,True,False,False,False,False,False,0.333,LOW
1442,2026-06-08,Sambhajinagar,Sambhajinagar Block-2,Sambhajinagar Block-2 Village-1,poultry,17,3,3,,Animals isolated as precaution.,True,True,False,True,False,False,True,True,True,False,True,False,0.176,HIGH
1443,2026-06-08,Nashik,Nashik Block-2,Nashik Block-2 Village-2,sheep,3,0,5,37.6,Farmer requested urgent visit.,False,True,True,False,False,False,False,False,False,False,False,False,0.0,LOW
1444,2026-06-08,Pune,Pune Block-3,Pune Block-3 Village-3,sheep,1,0,7,38.9,,False,False,False,False,True,False,True,False,False,False,False,False,0.0,LOW
1445,2026-06-08,Amravati,Amravati Block-3,Amravati Block-3 Village-2,buffalo,3,0,9,38.9,Similar cases seen in neighbouring herd.,False,False,False,False,False,False,False,False,False,False,False,True,0.0,LOW
1446,2026-06-08,Pune,Pune Block-2,Pune Block-2 Village-3,goat,2,0,1,39.6,,True,True,False,True,False,False,False,False,False,False,False,False,0.0,LOW
1447,2026-06-08,Pune,Pune Block-1,Pune Block-1 Village-1,cattle,3,0,9,38.1,,False,False,False,True,True,False,False,False,False,False,False,False,0.0,LOW
1448,2026-06-08,Sambhajinagar,Sambhajinagar Block-3,Sambhajinagar Block-3 Village-4,poultry,3,0,2,38.2,,False,False,False,False,True,False,False,True,False,False,False,False,0.0,LOW
1449,2026-06-08,Sambhajinagar,Sambhajinagar Block-1,Sambhajinagar Block-1 Village-1,poultry,15,5,3,41.0,Reported by local field worker.,True,True,True,True,True,True,True,False,False,False,False,False,0.333,HIGH
1450,2026-06-08,Nashik,Nashik Block-1,Nashik Block-1 Village-2,goat,2,0,3,,,True,True,False,False,False,False,False,False,False,False,False,False,0.0,LOW
1451,2026-06-08,Sambhajinagar,Sambhajinagar Block-2,Sambhajinagar Block-2 Village-5,goat,1,0,3,38.4,Similar cases seen in neighbouring herd.,False,False,False,False,False,False,False,False,True,False,False,False,0.0,LOW
1452,2026-06-08,Kolhapur,Kolhapur Block-2,Kolhapur Block-2 Village-3,buffalo,4,0,2,37.9,,False,True,False,False,False,False,False,False,False,False,False,False,0.0,LOW
1453,2026-06-08,Nagpur,Nagpur Block-2,Nagpur Block-2 Village-1,buffalo,4,0,5,,,False,False,False,False,True,False,False,False,False,False,False,False,0.0,LOW
1454,2026-06-08,Nagpur,Nagpur Block-2,Nagpur Block-2 Village-3,cattle,4,0,6,38.8,Reported by local field worker.,False,False,False,False,False,False,False,False,False,False,True,False,0.0,LOW
1455,2026-06-08,Sambhajinagar,Sambhajinagar Block-3,Sambhajinagar Block-3 Village-2,goat,4,0,4,38.3,Reported by local field worker.,False,False,False,False,False,True,True,False,False,False,False,False,0.0,LOW
1456,2026-06-08,Nashik,Nashik Block-2,Nashik Block-2 Village-4,cattle,2,0,8,38.9,Farmer requested urgent visit.,False,False,True,False,False,False,False,False,False,False,False,False,0.0,LOW
1457,2026-06-08,Nashik,Nashik Block-3,Nashik Block-3 Village-5,goat,2,0,4,,Animals isolated as precaution.,True,False,True,False,False,True,False,False,False,False,False,False,0.0,LOW
1458,2026-06-08,Pune,Pune Block-3,Pune Block-3 Village-4,goat,1,0,8,40.9,Farmer requested urgent visit.,True,False,False,False,False,True,False,False,False,False,False,False,0.0,LOW
1459,2026-06-08,Nagpur,Nagpur Block-3,Nagpur Block-3 Village-1,goat,1,0,6,38.0,Similar cases seen in neighbouring herd.,False,False,False,True,False,True,False,False,False,False,False,False,0.0,LOW
1460,2026-06-08,Amravati,Amravati Block-1,Amravati Block-1 Village-4,cattle,7,1,2,,,True,True,True,True,True,True,False,False,False,False,False,False,0.143,MEDIUM
1461,2026-06-08,Pune,Pune Block-2,Pune Block-2 Village-3,goat,2,0,8,40.6,,True,False,True,False,True,False,False,False,False,True,False,False,0.0,LOW
1462,2026-06-08,Nashik,Nashik Block-2,Nashik Block-2 Village-3,cattle,8,1,8,38.8,Similar cases seen in neighbouring herd.,False,False,False,False,False,False,False,True,False,False,True,False,0.125,MEDIUM
1463,2026-06-08,Kolhapur,Kolhapur Block-3,Kolhapur Block-3 Village-2,poultry,4,0,8,38.6,Animals isolated as precaution.,False,False,True,False,False,True,False,False,False,False,False,False,0.0,LOW
1464,2026-06-08,Sambhajinagar,Sambhajinagar Block-1,Sambhajinagar Block-1 Village-5,goat,3,0,2,,,False,False,True,True,False,False,False,True,False,False,False,False,0.0,LOW
1465,2026-06-08,Pune,Pune Block-1,Pune Block-1 Village-3,goat,3,0,9,,Animals isolated as precaution.,False,False,True,True,False,False,True,False,False,False,False,False,0.0,LOW
1466,2026-06-08,Amravati,Amravati Block-1,Amravati Block-1 Village-3,cattle,5,1,3,,,False,False,True,False,False,False,False,False,True,False,False,False,0.2,LOW
1467,2026-06-08,Sambhajinagar,Sambhajinagar Block-1,Sambhajinagar Block-1 Village-3,buffalo,18,3,1,39.6,Farmer requested urgent visit.,True,True,True,True,True,False,False,True,False,True,True,False,0.167,HIGH
1468,2026-06-08,Kolhapur,Kolhapur Block-1,Kolhapur Block-1 Village-3,cattle,2,0,9,41.0,,True,False,True,False,False,True,True,True,False,False,False,False,0.0,LOW
1469,2026-06-08,Nagpur,Nagpur Block-3,Nagpur Block-3 Village-2,goat,4,0,1,37.7,Farmer requested urgent visit.,False,False,False,False,False,True,False,False,True,False,False,False,0.0,LOW
1470,2026-06-08,Pune,Pune Block-1,Pune Block-1 Village-4,goat,4,0,4,39.7,,True,False,False,False,False,True,True,False,False,False,False,False,0.0,LOW
1471,2026-06-08,Nagpur,Nagpur Block-2,Nagpur Block-2 Village-3,cattle,1,0,7,39.5,,True,True,False,False,False,False,False,False,False,False,False,False,0.0,LOW
1472,2026-06-08,Sambhajinagar,Sambhajinagar Block-2,Sambhajinagar Block-2 Village-3,cattle,3,0,5,39.9,,True,False,False,False,False,False,False,False,False,False,False,False,0.0,LOW
1473,2026-06-08,Sambhajinagar,Sambhajinagar Block-3,Sambhajinagar Block-3 Village-1,buffalo,3,0,6,39.7,,True,True,False,False,False,False,False,False,False,False,False,False,0.0,LOW
1474,2026-06-08,Amravati,Amravati Block-2,Amravati Block-2 Village-5,cattle,1,0,6,,,True,True,False,False,False,True,False,False,False,False,False,False,0.0,LOW
1475,2026-06-08,Nashik,Nashik Block-2,Nashik Block-2 Village-2,buffalo,5,1,4,,Reported by local field worker.,True,False,True,False,False,True,False,True,False,False,False,False,0.2,MEDIUM
1476,2026-06-08,Kolhapur,Kolhapur Block-1,Kolhapur Block-1 Village-1,sheep,3,0,3,,Similar cases seen in neighbouring herd.,False,False,False,False,False,True,False,False,False,False,False,False,0.0,LOW
1477,2026-06-08,Sambhajinagar,Sambhajinagar Block-2,Sambhajinagar Block-2 Village-5,cattle,9,1,7,,,True,False,True,False,True,False,False,False,False,True,False,False,0.111,LOW
1478,2026-06-08,Nagpur,Nagpur Block-2,Nagpur Block-2 Village-1,sheep,3,0,6,,Farmer requested urgent visit.,True,True,True,True,False,False,True,False,False,True,False,False,0.0,LOW
1479,2026-06-08,Kolhapur,Kolhapur Block-2,Kolhapur Block-2 Village-4,cattle,4,0,5,38.1,Farmer requested urgent visit.,False,False,True,False,False,False,False,False,False,False,False,False,0.0,LOW
1480,2026-06-08,Sambhajinagar,Sambhajinagar Block-1,Sambhajinagar Block-1 Village-4,buffalo,2,0,9,38.5,Reported by local field worker.,False,False,False,True,False,False,False,False,False,False,False,False,0.0,LOW
1481,2026-06-08,Nagpur,Nagpur Block-3,Nagpur Block-3 Village-2,cattle,2,0,2,,Farmer requested urgent visit.,False,False,False,False,False,False,False,False,True,False,False,False,0.0,LOW
1482,2026-06-08,Kolhapur,Kolhapur Block-3,Kolhapur Block-3 Village-2,goat,2,0,5,,,False,False,False,False,False,True,False,False,False,False,False,False,0.0,LOW
1483,2026-06-08,Pune,Pune Block-3,Pune Block-3 Village-2,goat,4,0,1,39.0,Farmer requested urgent visit.,False,False,True,False,False,False,False,False,False,False,False,False,0.0,LOW
1484,2026-06-08,Amravati,Amravati Block-1,Amravati Block-1 Village-1,poultry,4,0,7,37.7,Animals isolated as precaution.,False,False,True,False,False,False,False,False,False,True,False,False,0.0,LOW
1485,2026-06-08,Sambhajinagar,Sambhajinagar Block-3,Sambhajinagar Block-3 Village-4,buffalo,20,10,3,,Similar cases seen in neighbouring herd.,True,True,True,True,False,True,True,False,True,False,True,True,0.5,HIGH
1486,2026-06-08,Nagpur,Nagpur Block-2,Nagpur Block-2 Village-4,goat,8,1,8,38.3,Farmer requested urgent visit.,False,False,False,True,False,False,True,False,False,False,False,False,0.125,LOW
1487,2026-06-08,Amravati,Amravati Block-2,Amravati Block-2 Village-5,poultry,3,0,9,37.9,,False,False,True,True,False,False,False,False,True,False,False,False,0.0,LOW
1488,2026-06-08,Amravati,Amravati Block-2,Amravati Block-2 Village-2,sheep,3,0,4,38.8,,False,False,False,False,False,False,False,False,True,False,False,False,0.0,LOW
1489,2026-06-09,Sambhajinagar,Sambhajinagar Block-3,Sambhajinagar Block-3 Village-1,poultry,22,6,3,,,True,True,True,False,True,False,False,True,False,False,False,False,0.273,HIGH
1490,2026-06-09,Amravati,Amravati Block-2,Amravati Block-2 Village-4,cattle,3,0,5,38.0,,False,True,False,False,False,False,False,False,False,False,False,False,0.0,LOW
1491,2026-06-09,Kolhapur,Kolhapur Block-3,Kolhapur Block-3 Village-4,buffalo,2,0,7,,Farmer requested urgent visit.,False,True,False,True,False,False,False,False,False,False,False,False,0.0,LOW
1492,2026-06-09,Sambhajinagar,Sambhajinagar Block-1,Sambhajinagar Block-1 Village-5,goat,2,0,8,38.7,,False,False,False,False,False,False,True,False,False,False,False,False,0.0,LOW
1493,2026-06-09,Sambhajinagar,Sambhajinagar Block-2,Sambhajinagar Block-2 Village-2,sheep,5,1,5,38.9,Animals isolated as precaution.,False,True,False,False,True,False,True,False,False,False,False,False,0.2,MEDIUM
1494,2026-06-09,Nashik,Nashik Block-2,Nashik Block-2 Village-2,cattle,3,0,9,40.4,,True,False,False,True,False,False,False,False,False,False,False,False,0.0,LOW
1495,2026-06-09,Kolhapur,Kolhapur Block-1,Kolhapur Block-1 Village-1,cattle,8,1,1,41.3,,True,False,False,False,False,True,False,False,False,False,False,False,0.125,LOW
1496,2026-06-09,Amravati,Amravati Block-2,Amravati Block-2 Village-1,goat,3,0,2,,Animals isolated as precaution.,False,False,False,True,False,False,False,False,False,False,False,False,0.0,LOW
1497,2026-06-09,Sambhajinagar,Sambhajinagar Block-1,Sambhajinagar Block-1 Village-4,cattle,1,0,6,37.8,Similar cases seen in neighbouring herd.,False,False,True,True,False,False,False,False,False,False,False,False,0.0,LOW
1498,2026-06-09,Nagpur,Nagpur Block-3,Nagpur Block-3 Village-1,goat,6,1,7,38.3,,False,True,True,True,False,False,False,True,False,False,False,False,0.167,LOW
1499,2026-06-09,Nagpur,Nagpur Block-3,Nagpur Block-3 Village-2,cattle,2,0,7,37.6,Animals isolated as precaution.,False,False,False,True,False,False,False,False,False,False,False,False,0.0,LOW
1500,2026-06-09,Amravati,Amravati Block-1,Amravati Block-1 Village-5,buffalo,7,1,1,,Farmer requested urgent visit.,True,False,False,False,False,False,False,False,False,False,False,False,0.143,LOW
1501,2026-06-09,Kolhapur,Kolhapur Block-3,Kolhapur Block-3 Village-4,cattle,7,1,5,,Similar cases seen in neighbouring herd.,True,True,True,True,False,True,False,False,False,False,False,False,0.143,LOW
1502,2026-06-09,Nagpur,Nagpur Block-1,Nagpur Block-1 Village-1,goat,2,0,2,38.5,,False,True,False,True,False,False,False,False,True,False,False,False,0.0,LOW
1503,2026-06-09,Nashik,Nashik Block-1,Nashik Block-1 Village-5,sheep,2,0,2,38.1,,False,False,True,False,False,False,False,False,False,False,False,False,0.0,LOW
1504,2026-06-09,Sambhajinagar,Sambhajinagar Block-1,Sambhajinagar Block-1 Village-5,goat,2,0,8,39.1,Similar cases seen in neighbouring herd.,False,False,True,False,False,False,True,False,False,False,False,False,0.0,LOW
1505,2026-06-09,Nagpur,Nagpur Block-1,Nagpur Block-1 Village-5,sheep,8,1,6,38.1,,False,True,False,False,False,False,True,True,False,False,False,False,0.125,MEDIUM
1506,2026-06-09,Kolhapur,Kolhapur Block-1,Kolhapur Block-1 Village-1,cattle,3,0,4,37.9,Reported by local field worker.,False,True,False,False,False,False,False,False,False,False,False,False,0.0,LOW
1507,2026-06-09,Nashik,Nashik Block-2,Nashik Block-2 Village-2,cattle,2,0,8,,Farmer requested urgent visit.,False,True,True,True,False,False,False,False,False,False,False,False,0.0,LOW
1508,2026-06-09,Kolhapur,Kolhapur Block-3,Kolhapur Block-3 Village-5,poultry,8,0,3,40.0,Similar cases seen in neighbouring herd.,True,True,False,False,False,False,False,False,False,False,False,False,0.0,LOW
1509,2026-06-09,Kolhapur,Kolhapur Block-2,Kolhapur Block-2 Village-3,cattle,7,0,1,38.4,Reported by local field worker.,False,False,False,True,False,False,True,False,True,False,False,False,0.0,LOW
1510,2026-06-09,Sambhajinagar,Sambhajinagar Block-3,Sambhajinagar Block-3 Village-2,goat,7,1,2,,,True,False,False,False,False,False,True,False,False,False,False,False,0.143,LOW
1511,2026-06-09,Nashik,Nashik Block-3,Nashik Block-3 Village-5,sheep,4,0,6,38.4,Similar cases seen in neighbouring herd.,False,False,False,False,True,False,False,False,False,False,False,False,0.0,LOW
1512,2026-06-09,Sambhajinagar,Sambhajinagar Block-1,Sambhajinagar Block-1 Village-2,goat,2,0,3,38.3,Farmer requested urgent visit.,False,False,False,True,False,False,False,False,False,False,False,False,0.0,LOW
1513,2026-06-09,Kolhapur,Kolhapur Block-3,Kolhapur Block-3 Village-3,buffalo,4,0,3,,Similar cases seen in neighbouring herd.,False,False,False,False,False,False,False,True,False,False,False,False,0.0,LOW
1514,2026-06-09,Nagpur,Nagpur Block-3,Nagpur Block-3 Village-1,buffalo,1,0,7,39.0,Similar cases seen in neighbouring herd.,False,False,False,False,False,False,False,False,False,True,False,True,0.0,MEDIUM
1515,2026-06-09,Sambhajinagar,Sambhajinagar Block-3,Sambhajinagar Block-3 Village-1,buffalo,1,0,4,38.7,Similar cases seen in neighbouring herd.,False,True,False,False,False,False,False,False,False,True,False,False,0.0,LOW
1516,2026-06-09,Amravati,Amravati Block-3,Amravati Block-3 Village-1,cattle,1,0,6,38.2,Farmer requested urgent visit.,False,False,False,True,False,False,True,False,False,False,False,False,0.0,LOW
1517,2026-06-09,Nashik,Nashik Block-3,Nashik Block-3 Village-1,cattle,4,0,9,40.5,,True,False,False,False,False,False,False,False,False,False,False,False,0.0,LOW
1518,2026-06-09,Amravati,Amravati Block-3,Amravati Block-3 Village-4,cattle,4,0,2,41.0,,True,False,False,False,False,False,True,False,False,False,False,False,0.0,LOW
1519,2026-06-09,Pune,Pune Block-2,Pune Block-2 Village-1,poultry,13,7,2,39.4,Farmer requested urgent visit.,True,True,True,True,False,True,True,False,False,False,False,False,0.538,HIGH
1520,2026-06-09,Kolhapur,Kolhapur Block-1,Kolhapur Block-1 Village-4,goat,3,0,4,,,False,False,True,False,False,False,False,False,False,False,False,False,0.0,LOW
1521,2026-06-09,Kolhapur,Kolhapur Block-3,Kolhapur Block-3 Village-2,goat,2,0,4,,,False,False,False,False,False,False,False,False,False,False,False,True,0.0,LOW
1522,2026-06-09,Amravati,Amravati Block-3,Amravati Block-3 Village-4,goat,3,0,2,37.7,Farmer requested urgent visit.,False,False,False,False,False,False,False,False,False,True,False,False,0.0,LOW
1523,2026-06-09,Pune,Pune Block-1,Pune Block-1 Village-2,buffalo,4,0,5,39.1,,False,False,False,False,True,True,False,False,False,False,False,False,0.0,LOW
1524,2026-06-09,Nashik,Nashik Block-1,Nashik Block-1 Village-5,goat,1,0,5,,Similar cases seen in neighbouring herd.,False,False,False,False,False,False,True,False,False,False,False,False,0.0,LOW
1525,2026-06-09,Kolhapur,Kolhapur Block-1,Kolhapur Block-1 Village-2,sheep,4,0,2,41.4,Reported by local field worker.,True,True,False,False,False,False,False,False,False,False,False,False,0.0,LOW
1526,2026-06-09,Nashik,Nashik Block-2,Nashik Block-2 Village-2,goat,2,0,4,40.3,,True,True,True,False,True,False,False,False,False,False,False,False,0.0,LOW
1527,2026-06-09,Amravati,Amravati Block-3,Amravati Block-3 Village-2,sheep,3,0,4,37.7,Animals isolated as precaution.,False,False,True,False,False,False,True,False,False,True,False,False,0.0,LOW
1528,2026-06-09,Pune,Pune Block-2,Pune Block-2 Village-5,cattle,4,1,6,,,False,False,True,False,False,False,False,False,False,False,False,False,0.25,LOW
1529,2026-06-09,Amravati,Amravati Block-1,Amravati Block-1 Village-3,buffalo,1,0,2,40.7,,True,False,True,True,False,False,False,False,False,False,False,False,0.0,LOW
1530,2026-06-09,Amravati,Amravati Block-1,Amravati Block-1 Village-2,goat,1,0,5,38.2,,False,False,False,True,False,False,False,False,False,False,False,False,0.0,LOW
1531,2026-06-09,Kolhapur,Kolhapur Block-2,Kolhapur Block-2 Village-5,cattle,4,0,6,39.9,Animals isolated as precaution.,True,True,False,False,False,False,False,False,False,False,False,False,0.0,LOW
1532,2026-06-10,Sambhajinagar,Sambhajinagar Block-3,Sambhajinagar Block-3 Village-1,buffalo,24,13,1,41.1,,True,True,True,False,True,False,False,False,False,False,False,False,0.542,HIGH
1533,2026-06-10,Sambhajinagar,Sambhajinagar Block-2,Sambhajinagar Block-2 Village-1,cattle,5,1,1,,Farmer requested urgent visit.,True,True,True,True,False,False,False,False,False,False,False,False,0.2,MEDIUM
1534,2026-06-10,Sambhajinagar,Sambhajinagar Block-2,Sambhajinagar Block-2 Village-1,cattle,4,1,2,,Similar cases seen in neighbouring herd.,True,True,True,True,False,False,False,True,False,True,False,False,0.25,LOW
1535,2026-06-10,Sambhajinagar,Sambhajinagar Block-2,Sambhajinagar Block-2 Village-1,buffalo,24,6,1,,Farmer requested urgent visit.,True,False,True,False,False,False,False,False,False,False,False,False,0.25,MEDIUM
1536,2026-06-10,Sambhajinagar,Sambhajinagar Block-2,Sambhajinagar Block-2 Village-1,goat,7,1,6,40.2,,True,True,False,True,False,True,True,False,False,True,False,False,0.143,LOW
1537,2026-06-10,Kolhapur,Kolhapur Block-1,Kolhapur Block-1 Village-4,cattle,4,0,1,39.1,Reported by local field worker.,False,True,False,True,False,True,False,False,False,False,False,False,0.0,LOW
1538,2026-06-10,Nashik,Nashik Block-3,Nashik Block-3 Village-2,sheep,3,0,6,39.6,,True,False,False,False,True,True,False,False,False,False,False,False,0.0,LOW
1539,2026-06-10,Sambhajinagar,Sambhajinagar Block-1,Sambhajinagar Block-1 Village-2,cattle,4,0,5,38.2,,False,True,False,True,False,True,False,False,False,False,False,True,0.0,LOW
1540,2026-06-10,Pune,Pune Block-1,Pune Block-1 Village-2,buffalo,3,0,5,,,False,False,False,False,False,True,False,False,False,False,True,False,0.0,MEDIUM
1541,2026-06-10,Nagpur,Nagpur Block-1,Nagpur Block-1 Village-2,buffalo,3,0,7,41.3,,True,False,False,False,False,False,False,False,False,False,False,False,0.0,LOW
1542,2026-06-10,Pune,Pune Block-1,Pune Block-1 Village-5,cattle,1,0,4,38.6,Reported by local field worker.,False,False,True,False,False,False,False,False,False,False,False,False,0.0,LOW
1543,2026-06-10,Nagpur,Nagpur Block-2,Nagpur Block-2 Village-4,goat,1,0,5,40.3,Reported by local field worker.,True,True,False,False,False,False,False,False,False,False,False,False,0.0,LOW
1544,2026-06-10,Kolhapur,Kolhapur Block-1,Kolhapur Block-1 Village-4,cattle,7,1,2,41.2,Similar cases seen in neighbouring herd.,True,True,False,False,True,False,True,False,False,False,False,False,0.143,LOW
1545,2026-06-10,Amravati,Amravati Block-2,Amravati Block-2 Village-3,goat,3,0,7,,Similar cases seen in neighbouring herd.,True,False,False,False,False,False,False,False,False,False,False,False,0.0,LOW
1546,2026-06-10,Kolhapur,Kolhapur Block-3,Kolhapur Block-3 Village-3,sheep,2,0,9,38.4,Similar cases seen in neighbouring herd.,False,False,False,False,True,False,False,False,False,False,False,False,0.0,LOW
1547,2026-06-10,Nagpur,Nagpur Block-1,Nagpur Block-1 Village-2,sheep,3,0,5,37.6,Farmer requested urgent visit.,False,True,False,False,False,False,True,False,False,False,False,False,0.0,LOW
1548,2026-06-10,Kolhapur,Kolhapur Block-2,Kolhapur Block-2 Village-2,cattle,2,0,3,41.1,,True,False,False,False,False,False,False,True,False,False,False,False,0.0,LOW
1549,2026-06-10,Kolhapur,Kolhapur Block-3,Kolhapur Block-3 Village-5,goat,9,2,5,41.3,Reported by local field worker.,True,True,False,True,False,False,False,False,False,False,False,False,0.222,LOW
1550,2026-06-10,Sambhajinagar,Sambhajinagar Block-1,Sambhajinagar Block-1 Village-5,goat,8,1,5,,Similar cases seen in neighbouring herd.,False,False,False,True,False,False,True,True,False,False,False,False,0.125,LOW
1551,2026-06-10,Sambhajinagar,Sambhajinagar Block-3,Sambhajinagar Block-3 Village-1,buffalo,3,0,2,,,True,True,False,False,False,False,False,False,False,False,False,False,0.0,LOW
1552,2026-06-10,Nagpur,Nagpur Block-2,Nagpur Block-2 Village-2,cattle,2,0,3,39.1,Reported by local field worker.,False,False,False,False,False,False,False,False,False,True,False,False,0.0,LOW
1553,2026-06-10,Nagpur,Nagpur Block-2,Nagpur Block-2 Village-1,sheep,8,1,6,41.0,,True,False,False,False,False,True,False,False,True,False,False,False,0.125,LOW
1554,2026-06-10,Nashik,Nashik Block-2,Nashik Block-2 Village-5,goat,2,0,5,39.0,,False,False,False,True,False,True,False,False,False,False,False,False,0.0,LOW
1555,2026-06-10,Nashik,Nashik Block-2,Nashik Block-2 Village-3,sheep,2,0,9,38.6,Farmer requested urgent visit.,False,True,False,False,True,False,False,False,True,True,False,False,0.0,LOW
1556,2026-06-10,Nashik,Nashik Block-2,Nashik Block-2 Village-2,cattle,7,1,9,,,False,True,True,True,True,False,False,False,False,False,True,False,0.143,MEDIUM
1557,2026-06-10,Kolhapur,Kolhapur Block-3,Kolhapur Block-3 Village-4,sheep,4,0,7,41.0,,True,False,False,False,False,False,False,False,False,False,False,False,0.0,LOW
1558,2026-06-10,Pune,Pune Block-2,Pune Block-2 Village-1,cattle,8,0,3,40.0,Similar cases seen in neighbouring herd.,True,False,True,False,True,False,False,False,False,False,False,False,0.0,LOW
1559,2026-06-10,Pune,Pune Block-1,Pune Block-1 Village-3,sheep,1,0,2,,,False,False,False,True,False,False,False,False,False,False,False,False,0.0,LOW
1560,2026-06-10,Pune,Pune Block-1,Pune Block-1 Village-1,buffalo,4,0,6,,,False,True,True,False,False,False,False,False,False,False,False,False,0.0,LOW
1561,2026-06-10,Sambhajinagar,Sambhajinagar Block-2,Sambhajinagar Block-2 Village-3,buffalo,6,1,4,39.4,,True,False,False,False,False,True,False,False,False,False,False,False,0.167,LOW
1562,2026-06-10,Pune,Pune Block-1,Pune Block-1 Village-1,sheep,15,6,2,40.1,Similar cases seen in neighbouring herd.,True,True,False,True,False,True,True,True,True,False,False,True,0.4,HIGH
1563,2026-06-10,Pune,Pune Block-3,Pune Block-3 Village-4,cattle,4,0,2,,,False,False,False,False,False,False,False,True,False,False,False,False,0.0,LOW
1564,2026-06-10,Nagpur,Nagpur Block-2,Nagpur Block-2 Village-2,buffalo,5,1,3,39.9,,True,False,False,True,False,True,True,False,False,True,False,False,0.2,LOW
1565,2026-06-10,Nashik,Nashik Block-1,Nashik Block-1 Village-5,goat,12,7,1,40.8,Similar cases seen in neighbouring herd.,True,True,True,True,False,True,True,False,True,False,False,False,0.583,HIGH
1566,2026-06-10,Kolhapur,Kolhapur Block-1,Kolhapur Block-1 Village-2,cattle,6,0,2,37.7,,False,False,False,False,False,False,False,False,True,False,False,False,0.0,LOW
1567,2026-06-10,Amravati,Amravati Block-2,Amravati Block-2 Village-4,cattle,4,0,4,37.9,Farmer requested urgent visit.,False,False,False,True,False,False,False,False,False,True,False,False,0.0,LOW
1568,2026-06-10,Nashik,Nashik Block-2,Nashik Block-2 Village-2,goat,4,0,1,,Farmer requested urgent visit.,True,False,True,True,True,False,False,False,False,False,False,False,0.0,LOW
1569,2026-06-10,Sambhajinagar,Sambhajinagar Block-3,Sambhajinagar Block-3 Village-2,poultry,1,0,7,,Reported by local field worker.,False,False,False,False,False,False,False,False,True,False,False,False,0.0,LOW
1570,2026-06-10,Amravati,Amravati Block-3,Amravati Block-3 Village-1,cattle,2,0,6,41.5,Reported by local field worker.,True,False,True,True,False,False,False,False,False,False,False,False,0.0,LOW
1571,2026-06-10,Kolhapur,Kolhapur Block-3,Kolhapur Block-3 Village-4,sheep,1,0,1,38.8,,False,False,True,False,False,False,False,False,False,False,False,False,0.0,LOW
1572,2026-06-10,Pune,Pune Block-1,Pune Block-1 Village-3,buffalo,5,0,6,39.4,,True,True,False,False,False,False,False,False,False,False,True,False,0.0,LOW
1573,2026-06-10,Sambhajinagar,Sambhajinagar Block-1,Sambhajinagar Block-1 Village-3,buffalo,2,0,2,38.3,Reported by local field worker.,False,False,True,True,False,False,False,False,False,False,False,False,0.0,LOW
1574,2026-06-10,Amravati,Amravati Block-1,Amravati Block-1 Village-1,buffalo,5,1,3,,,True,False,False,True,False,True,False,False,False,False,False,False,0.2,LOW
1575,2026-06-10,Pune,Pune Block-1,Pune Block-1 Village-3,buffalo,2,0,2,40.6,Animals isolated as precaution.,True,False,False,True,True,False,False,False,False,False,False,False,0.0,LOW
1576,2026-06-10,Pune,Pune Block-2,Pune Block-2 Village-5,cattle,3,0,9,,,True,False,False,False,False,False,False,False,True,False,False,False,0.0,LOW
1577,2026-06-10,Amravati,Amravati Block-2,Amravati Block-2 Village-3,goat,1,0,6,38.4,Similar cases seen in neighbouring herd.,False,True,False,False,False,False,True,False,False,True,False,False,0.0,LOW
1578,2026-06-10,Nagpur,Nagpur Block-1,Nagpur Block-1 Village-3,goat,3,0,9,,Farmer requested urgent visit.,True,False,False,False,False,False,False,False,False,True,False,False,0.0,LOW
1579,2026-06-10,Sambhajinagar,Sambhajinagar Block-2,Sambhajinagar Block-2 Village-5,buffalo,16,3,1,41.0,Farmer requested urgent visit.,True,True,False,True,False,True,False,False,False,False,False,False,0.188,MEDIUM
1580,2026-06-10,Kolhapur,Kolhapur Block-3,Kolhapur Block-3 Village-1,goat,1,0,5,38.8,,False,False,False,False,True,True,True,False,True,False,False,False,0.0,LOW
1581,2026-06-10,Pune,Pune Block-2,Pune Block-2 Village-4,goat,3,0,8,40.2,Farmer requested urgent visit.,True,False,False,False,False,False,False,False,False,False,False,False,0.0,LOW
1582,2026-06-10,Nagpur,Nagpur Block-1,Nagpur Block-1 Village-2,sheep,23,11,1,40.5,,True,True,False,True,True,True,True,True,False,False,False,False,0.478,HIGH
1583,2026-06-11,Sambhajinagar,Sambhajinagar Block-2,Sambhajinagar Block-2 Village-1,cattle,2,0,8,40.2,Animals isolated as precaution.,True,False,True,False,False,False,False,False,False,False,False,False,0.0,LOW
1584,2026-06-11,Sambhajinagar,Sambhajinagar Block-2,Sambhajinagar Block-2 Village-1,goat,16,6,1,,,True,True,True,True,False,True,False,False,False,False,False,False,0.375,MEDIUM
1585,2026-06-11,Nagpur,Nagpur Block-2,Nagpur Block-2 Village-4,cattle,4,0,1,38.9,,False,False,False,True,False,False,True,False,False,False,False,False,0.0,LOW
1586,2026-06-11,Sambhajinagar,Sambhajinagar Block-3,Sambhajinagar Block-3 Village-4,goat,2,0,7,40.2,Farmer requested urgent visit.,True,False,False,True,False,True,True,False,False,False,False,False,0.0,LOW
1587,2026-06-11,Sambhajinagar,Sambhajinagar Block-1,Sambhajinagar Block-1 Village-4,goat,4,0,2,37.8,Reported by local field worker.,False,True,False,False,False,False,False,False,False,True,False,False,0.0,LOW
1588,2026-06-11,Nashik,Nashik Block-2,Nashik Block-2 Village-2,cattle,3,0,2,40.2,,True,False,False,False,False,False,False,False,False,False,False,False,0.0,LOW
1589,2026-06-11,Kolhapur,Kolhapur Block-1,Kolhapur Block-1 Village-5,buffalo,1,0,6,38.3,Similar cases seen in neighbouring herd.,False,False,False,True,False,True,False,False,False,False,False,False,0.0,LOW
1590,2026-06-11,Nashik,Nashik Block-1,Nashik Block-1 Village-5,buffalo,9,0,8,38.2,Reported by local field worker.,False,True,True,True,False,True,False,False,False,False,False,False,0.0,LOW
1591,2026-06-11,Nagpur,Nagpur Block-2,Nagpur Block-2 Village-1,sheep,2,0,8,38.8,,False,True,False,False,False,False,False,False,False,False,False,False,0.0,LOW
1592,2026-06-11,Nagpur,Nagpur Block-3,Nagpur Block-3 Village-3,cattle,2,0,1,39.3,Reported by local field worker.,True,False,True,False,True,False,False,False,False,False,False,False,0.0,LOW
1593,2026-06-11,Amravati,Amravati Block-1,Amravati Block-1 Village-3,sheep,4,0,8,39.9,Reported by local field worker.,True,False,False,False,False,False,False,False,False,False,False,False,0.0,LOW
1594,2026-06-11,Nashik,Nashik Block-3,Nashik Block-3 Village-2,goat,2,0,8,,Animals isolated as precaution.,True,False,False,False,False,True,False,False,False,False,False,False,0.0,LOW
1595,2026-06-11,Amravati,Amravati Block-1,Amravati Block-1 Village-3,sheep,2,0,9,38.6,Farmer requested urgent visit.,False,True,False,False,False,False,True,False,True,False,False,False,0.0,LOW
1596,2026-06-11,Pune,Pune Block-1,Pune Block-1 Village-1,sheep,2,0,1,38.2,Animals isolated as precaution.,False,False,False,False,True,True,True,False,False,True,False,False,0.0,LOW
1597,2026-06-11,Sambhajinagar,Sambhajinagar Block-2,Sambhajinagar Block-2 Village-4,cattle,6,1,4,40.2,Farmer requested urgent visit.,True,False,False,True,True,False,False,False,True,False,False,False,0.167,LOW
1598,2026-06-11,Amravati,Amravati Block-3,Amravati Block-3 Village-5,cattle,2,0,2,,Similar cases seen in neighbouring herd.,False,False,False,False,True,False,True,False,False,False,False,False,0.0,LOW
1599,2026-06-11,Sambhajinagar,Sambhajinagar Block-2,Sambhajinagar Block-2 Village-2,goat,2,0,6,,Similar cases seen in neighbouring herd.,True,False,False,False,False,False,False,True,False,False,False,False,0.0,LOW
1600,2026-06-11,Amravati,Amravati Block-1,Amravati Block-1 Village-4,cattle,1,0,1,38.7,Reported by local field worker.,False,False,True,False,True,False,False,False,False,False,False,True,0.0,MEDIUM
1601,2026-06-11,Nagpur,Nagpur Block-1,Nagpur Block-1 Village-5,buffalo,1,0,4,38.5,Reported by local field worker.,False,False,True,False,False,False,False,False,False,False,False,False,0.0,LOW
1602,2026-06-11,Nashik,Nashik Block-3,Nashik Block-3 Village-4,sheep,1,0,1,,,False,True,False,False,False,False,False,False,False,False,False,False,0.0,LOW
1603,2026-06-11,Kolhapur,Kolhapur Block-3,Kolhapur Block-3 Village-3,goat,2,0,1,,,False,False,True,False,False,False,True,False,False,False,False,False,0.0,LOW
1604,2026-06-11,Pune,Pune Block-2,Pune Block-2 Village-3,goat,7,1,8,40.6,,True,True,True,False,False,False,False,False,False,False,False,True,0.143,MEDIUM
1605,2026-06-11,Nashik,Nashik Block-1,Nashik Block-1 Village-2,goat,3,0,7,,Farmer requested urgent visit.,True,True,False,False,False,False,False,False,False,False,False,False,0.0,LOW
1606,2026-06-11,Kolhapur,Kolhapur Block-3,Kolhapur Block-3 Village-2,buffalo,3,0,7,40.8,,True,False,False,False,False,False,False,False,False,False,False,False,0.0,LOW
1607,2026-06-11,Pune,Pune Block-2,Pune Block-2 Village-5,buffalo,3,0,8,38.2,Animals isolated as precaution.,False,True,False,False,False,False,False,False,False,False,False,False,0.0,LOW
1608,2026-06-11,Pune,Pune Block-3,Pune Block-3 Village-3,goat,3,0,5,,,True,False,False,True,False,False,False,False,False,False,False,False,0.0,LOW
1609,2026-06-11,Nagpur,Nagpur Block-1,Nagpur Block-1 Village-5,cattle,4,0,8,38.0,Animals isolated as precaution.,False,True,True,False,False,False,False,False,False,False,False,False,0.0,LOW
1610,2026-06-11,Kolhapur,Kolhapur Block-3,Kolhapur Block-3 Village-1,cattle,8,1,7,38.2,Animals isolated as precaution.,False,False,False,True,True,False,False,False,False,False,True,False,0.125,MEDIUM
1611,2026-06-11,Kolhapur,Kolhapur Block-2,Kolhapur Block-2 Village-2,buffalo,3,0,7,37.7,Reported by local field worker.,False,True,False,False,False,False,False,False,True,False,False,False,0.0,LOW
1612,2026-06-11,Sambhajinagar,Sambhajinagar Block-2,Sambhajinagar Block-2 Village-1,goat,1,0,6,,,False,False,False,False,False,False,False,True,False,False,False,False,0.0,LOW
1613,2026-06-11,Nagpur,Nagpur Block-2,Nagpur Block-2 Village-4,buffalo,7,1,4,40.7,,True,False,True,False,False,True,False,False,False,False,False,False,0.143,LOW
1614,2026-06-11,Kolhapur,Kolhapur Block-1,Kolhapur Block-1 Village-5,goat,4,0,4,39.0,,False,False,False,False,False,True,False,False,False,False,False,False,0.0,LOW
1615,2026-06-11,Nagpur,Nagpur Block-2,Nagpur Block-2 Village-4,cattle,4,0,7,37.8,,False,False,False,False,False,True,False,False,False,True,False,False,0.0,LOW
1616,2026-06-11,Pune,Pune Block-3,Pune Block-3 Village-3,sheep,3,0,1,38.3,,False,False,True,False,False,False,False,False,False,False,False,False,0.0,LOW
1617,2026-06-11,Nashik,Nashik Block-1,Nashik Block-1 Village-2,goat,3,0,5,,,False,False,False,False,False,False,False,False,False,True,False,False,0.0,LOW
1618,2026-06-11,Amravati,Amravati Block-2,Amravati Block-2 Village-2,cattle,1,0,9,38.3,Similar cases seen in neighbouring herd.,False,True,True,False,False,False,False,True,False,False,False,False,0.0,LOW
1619,2026-06-11,Nashik,Nashik Block-1,Nashik Block-1 Village-3,cattle,4,0,4,,Similar cases seen in neighbouring herd.,True,False,False,True,False,True,False,True,False,False,False,False,0.0,LOW
1620,2026-06-11,Amravati,Amravati Block-2,Amravati Block-2 Village-2,goat,4,0,1,38.5,,False,False,False,False,False,True,False,False,False,False,False,False,0.0,LOW
1621,2026-06-11,Nagpur,Nagpur Block-3,Nagpur Block-3 Village-5,buffalo,4,0,8,38.0,,False,False,False,False,True,False,False,False,False,False,False,False,0.0,LOW
1622,2026-06-11,Nashik,Nashik Block-1,Nashik Block-1 Village-4,goat,4,0,6,39.0,,False,False,False,False,False,False,True,False,False,False,False,False,0.0,LOW
1623,2026-06-11,Amravati,Amravati Block-3,Amravati Block-3 Village-2,goat,1,0,7,39.6,Reported by local field worker.,True,True,False,False,False,False,False,False,False,True,False,False,0.0,LOW
1624,2026-06-11,Pune,Pune Block-2,Pune Block-2 Village-1,buffalo,3,0,5,,Farmer requested urgent visit.,True,True,True,False,False,True,True,False,False,False,False,False,0.0,LOW
1625,2026-06-11,Kolhapur,Kolhapur Block-2,Kolhapur Block-2 Village-5,sheep,1,0,1,,,True,False,True,False,True,False,False,False,True,False,False,False,0.0,LOW
1626,2026-06-11,Pune,Pune Block-1,Pune Block-1 Village-1,poultry,3,0,6,38.6,,False,False,True,True,False,False,False,False,False,False,False,False,0.0,LOW
1627,2026-06-11,Sambhajinagar,Sambhajinagar Block-1,Sambhajinagar Block-1 Village-2,cattle,6,1,8,,Similar cases seen in neighbouring herd.,True,False,True,True,True,False,False,False,True,False,False,False,0.167,LOW
1628,2026-06-11,Sambhajinagar,Sambhajinagar Block-2,Sambhajinagar Block-2 Village-1,poultry,5,1,2,,,True,True,True,False,True,False,False,False,False,False,False,False,0.2,LOW
1629,2026-06-12,Sambhajinagar,Sambhajinagar Block-3,Sambhajinagar Block-3 Village-1,cattle,16,3,3,,Reported by local field worker.,True,True,True,True,False,True,True,True,False,False,False,False,0.188,MEDIUM
1630,2026-06-12,Sambhajinagar,Sambhajinagar Block-2,Sambhajinagar Block-2 Village-1,buffalo,10,4,1,40.8,,True,True,False,True,False,True,False,False,False,False,False,False,0.4,MEDIUM
1631,2026-06-12,Sambhajinagar,Sambhajinagar Block-2,Sambhajinagar Block-2 Village-1,buffalo,6,0,3,39.4,,True,True,True,True,False,False,True,False,True,False,False,False,0.0,LOW
1632,2026-06-12,Nashik,Nashik Block-3,Nashik Block-3 Village-2,cattle,2,0,4,,Animals isolated as precaution.,True,False,False,False,True,False,False,False,False,False,False,False,0.0,LOW
1633,2026-06-12,Sambhajinagar,Sambhajinagar Block-3,Sambhajinagar Block-3 Village-1,sheep,3,0,1,40.4,,True,False,False,False,False,False,False,False,False,False,False,False,0.0,LOW
1634,2026-06-12,Amravati,Amravati Block-3,Amravati Block-3 Village-5,poultry,2,0,1,38.0,Reported by local field worker.,False,True,False,False,False,False,False,False,False,False,False,False,0.0,LOW
1635,2026-06-12,Nagpur,Nagpur Block-1,Nagpur Block-1 Village-3,sheep,3,0,8,,Farmer requested urgent visit.,False,False,False,True,False,False,False,False,False,False,False,False,0.0,LOW
1636,2026-06-12,Pune,Pune Block-1,Pune Block-1 Village-4,cattle,3,0,4,41.0,Animals isolated as precaution.,True,False,False,False,False,False,False,False,False,False,False,False,0.0,LOW
1637,2026-06-12,Sambhajinagar,Sambhajinagar Block-2,Sambhajinagar Block-2 Village-5,cattle,3,0,9,41.3,Farmer requested urgent visit.,True,False,True,False,True,False,False,False,True,False,False,False,0.0,LOW
1638,2026-06-12,Pune,Pune Block-1,Pune Block-1 Village-4,sheep,2,0,2,40.6,,True,True,False,False,False,False,False,False,False,False,False,False,0.0,LOW
1639,2026-06-12,Pune,Pune Block-3,Pune Block-3 Village-4,cattle,4,0,4,37.7,Similar cases seen in neighbouring herd.,False,False,True,False,False,False,False,False,False,False,False,True,0.0,LOW
1640,2026-06-12,Nagpur,Nagpur Block-2,Nagpur Block-2 Village-3,goat,3,0,5,,Animals isolated as precaution.,False,True,False,False,True,False,True,False,False,False,False,False,0.0,LOW
1641,2026-06-12,Kolhapur,Kolhapur Block-2,Kolhapur Block-2 Village-1,cattle,4,0,6,41.2,,True,False,False,True,True,False,True,False,False,False,False,False,0.0,LOW
1642,2026-06-12,Nagpur,Nagpur Block-1,Nagpur Block-1 Village-1,goat,4,0,6,38.5,,False,False,False,False,True,False,False,False,False,False,False,False,0.0,LOW
1643,2026-06-12,Amravati,Amravati Block-3,Amravati Block-3 Village-4,buffalo,3,0,9,,,False,False,False,True,False,False,False,False,False,False,False,False,0.0,LOW
1644,2026-06-12,Nashik,Nashik Block-1,Nashik Block-1 Village-5,cattle,2,0,1,38.6,Animals isolated as precaution.,False,False,True,False,False,False,False,False,False,False,True,False,0.0,LOW
1645,2026-06-12,Kolhapur,Kolhapur Block-2,Kolhapur Block-2 Village-3,goat,1,0,5,40.0,Animals isolated as precaution.,True,False,False,True,False,False,False,False,False,False,False,False,0.0,LOW
1646,2026-06-12,Nagpur,Nagpur Block-3,Nagpur Block-3 Village-4,buffalo,3,0,5,41.1,Similar cases seen in neighbouring herd.,True,False,False,False,False,True,True,False,False,False,False,False,0.0,LOW
1647,2026-06-12,Pune,Pune Block-2,Pune Block-2 Village-5,cattle,4,0,8,,,False,False,False,False,False,True,False,False,False,False,False,False,0.0,LOW
1648,2026-06-12,Nashik,Nashik Block-3,Nashik Block-3 Village-4,cattle,9,1,9,39.7,Reported by local field worker.,True,True,False,False,False,True,False,False,False,False,False,False,0.111,LOW
1649,2026-06-12,Sambhajinagar,Sambhajinagar Block-2,Sambhajinagar Block-2 Village-5,cattle,4,1,3,39.3,,True,True,False,True,False,True,False,True,False,False,False,False,0.25,MEDIUM
1650,2026-06-12,Nashik,Nashik Block-2,Nashik Block-2 Village-5,cattle,1,0,4,38.5,,False,False,False,True,False,False,False,False,False,False,False,False,0.0,LOW
1651,2026-06-12,Pune,Pune Block-1,Pune Block-1 Village-3,cattle,2,0,9,,Reported by local field worker.,False,False,False,False,False,False,False,False,False,True,False,False,0.0,LOW
1652,2026-06-12,Sambhajinagar,Sambhajinagar Block-3,Sambhajinagar Block-3 Village-2,cattle,2,0,6,38.9,Farmer requested urgent visit.,False,False,False,True,False,True,False,False,False,False,False,False,0.0,LOW
1653,2026-06-12,Kolhapur,Kolhapur Block-3,Kolhapur Block-3 Village-3,cattle,7,0,8,37.7,Similar cases seen in neighbouring herd.,False,False,True,True,False,False,False,False,False,False,False,False,0.0,LOW
1654,2026-06-12,Kolhapur,Kolhapur Block-3,Kolhapur Block-3 Village-1,goat,3,1,9,,Animals isolated as precaution.,True,True,False,False,True,False,False,False,False,False,False,False,0.333,MEDIUM
1655,2026-06-12,Sambhajinagar,Sambhajinagar Block-2,Sambhajinagar Block-2 Village-4,cattle,3,0,8,41.3,,True,False,False,False,False,True,False,True,False,False,False,False,0.0,LOW
1656,2026-06-12,Nagpur,Nagpur Block-2,Nagpur Block-2 Village-3,sheep,1,0,6,38.3,Similar cases seen in neighbouring herd.,False,False,False,False,False,False,False,False,False,False,True,False,0.0,LOW
1657,2026-06-12,Amravati,Amravati Block-2,Amravati Block-2 Village-5,goat,5,0,4,,,True,True,False,True,False,False,True,True,False,False,False,False,0.0,LOW
1658,2026-06-12,Kolhapur,Kolhapur Block-1,Kolhapur Block-1 Village-4,goat,2,0,7,,Reported by local field worker.,False,False,True,True,True,False,False,False,False,False,False,False,0.0,LOW
1659,2026-06-12,Nashik,Nashik Block-2,Nashik Block-2 Village-2,goat,3,0,5,38.1,Animals isolated as precaution.,False,False,False,False,False,True,False,False,False,False,False,False,0.0,LOW
1660,2026-06-12,Pune,Pune Block-1,Pune Block-1 Village-4,goat,2,0,1,38.2,,False,True,True,False,False,True,False,False,False,False,False,False,0.0,LOW
1661,2026-06-12,Sambhajinagar,Sambhajinagar Block-2,Sambhajinagar Block-2 Village-4,cattle,9,1,8,40.5,Farmer requested urgent visit.,True,True,True,True,False,False,False,False,False,False,False,False,0.111,LOW
1662,2026-06-12,Nashik,Nashik Block-3,Nashik Block-3 Village-1,buffalo,3,0,7,38.1,Reported by local field worker.,False,False,True,False,False,False,False,False,False,False,False,False,0.0,LOW
1663,2026-06-12,Nashik,Nashik Block-3,Nashik Block-3 Village-1,buffalo,7,1,1,40.4,Farmer requested urgent visit.,True,True,False,False,False,True,False,False,False,False,False,False,0.143,LOW
1664,2026-06-12,Sambhajinagar,Sambhajinagar Block-2,Sambhajinagar Block-2 Village-4,goat,2,0,8,40.4,Animals isolated as precaution.,True,False,False,False,False,True,False,False,False,False,False,False,0.0,LOW
1665,2026-06-12,Sambhajinagar,Sambhajinagar Block-1,Sambhajinagar Block-1 Village-4,sheep,4,0,1,,,False,False,False,False,False,False,True,False,False,False,False,False,0.0,LOW
1666,2026-06-12,Nashik,Nashik Block-3,Nashik Block-3 Village-1,cattle,4,0,4,40.3,Animals isolated as precaution.,True,False,True,True,False,False,False,False,False,False,False,False,0.0,LOW
1667,2026-06-12,Sambhajinagar,Sambhajinagar Block-1,Sambhajinagar Block-1 Village-2,buffalo,2,0,6,41.1,Animals isolated as precaution.,True,False,False,True,False,False,False,False,True,False,False,False,0.0,LOW
1668,2026-06-12,Pune,Pune Block-1,Pune Block-1 Village-1,poultry,3,0,9,38.3,,False,False,False,False,False,False,False,True,False,False,False,False,0.0,LOW
1669,2026-06-12,Pune,Pune Block-3,Pune Block-3 Village-4,goat,2,0,1,40.2,,True,False,False,False,False,False,False,False,True,False,False,False,0.0,LOW
1670,2026-06-12,Pune,Pune Block-1,Pune Block-1 Village-3,buffalo,3,0,3,,Similar cases seen in neighbouring herd.,True,False,True,False,False,False,True,False,False,False,False,False,0.0,LOW
1671,2026-06-12,Nashik,Nashik Block-1,Nashik Block-1 Village-5,goat,4,0,6,,,True,False,False,False,False,False,False,False,False,False,False,False,0.0,LOW
1672,2026-06-12,Nagpur,Nagpur Block-3,Nagpur Block-3 Village-4,poultry,3,0,3,41.2,,True,False,False,False,False,False,True,False,False,False,False,False,0.0,LOW
1673,2026-06-12,Amravati,Amravati Block-3,Amravati Block-3 Village-1,cattle,9,2,7,39.8,Similar cases seen in neighbouring herd.,True,False,False,True,False,False,False,False,False,True,False,False,0.222,MEDIUM
1674,2026-06-12,Amravati,Amravati Block-2,Amravati Block-2 Village-4,goat,3,0,9,37.6,,False,False,False,False,False,False,True,False,False,False,False,False,0.0,LOW
1675,2026-06-12,Sambhajinagar,Sambhajinagar Block-2,Sambhajinagar Block-2 Village-2,cattle,3,0,4,39.9,Animals isolated as precaution.,True,False,False,False,True,False,False,False,False,False,False,False,0.0,LOW
1676,2026-06-12,Nashik,Nashik Block-3,Nashik Block-3 Village-1,cattle,4,0,4,,,True,False,False,True,True,False,False,False,False,False,False,False,0.0,LOW
1677,2026-06-12,Sambhajinagar,Sambhajinagar Block-1,Sambhajinagar Block-1 Village-2,cattle,3,0,7,39.0,Reported by local field worker.,False,False,False,True,False,True,False,False,False,False,False,False,0.0,LOW
1678,2026-06-12,Nagpur,Nagpur Block-1,Nagpur Block-1 Village-2,goat,1,0,2,40.5,Reported by local field worker.,True,False,False,False,True,False,False,False,False,False,False,False,0.0,LOW
1679,2026-06-12,Sambhajinagar,Sambhajinagar Block-2,Sambhajinagar Block-2 Village-5,cattle,1,0,9,,Farmer requested urgent visit.,False,False,False,False,False,False,False,False,True,False,False,False,0.0,LOW
1680,2026-06-12,Sambhajinagar,Sambhajinagar Block-3,Sambhajinagar Block-3 Village-4,buffalo,9,0,7,,,True,True,False,False,False,False,False,False,False,False,False,False,0.0,LOW
1681,2026-06-12,Kolhapur,Kolhapur Block-3,Kolhapur Block-3 Village-1,buffalo,2,0,2,39.0,,False,False,False,True,False,False,False,False,False,False,False,False,0.0,LOW
1682,2026-06-12,Sambhajinagar,Sambhajinagar Block-1,Sambhajinagar Block-1 Village-2,cattle,3,0,7,,Reported by local field worker.,False,False,False,False,True,False,False,False,False,False,False,False,0.0,LOW
1683,2026-06-12,Kolhapur,Kolhapur Block-1,Kolhapur Block-1 Village-4,cattle,4,0,4,37.8,,False,False,True,False,False,False,False,False,False,False,False,False,0.0,LOW
1684,2026-06-12,Pune,Pune Block-2,Pune Block-2 Village-3,cattle,2,0,1,38.4,,False,False,False,False,False,False,False,False,False,True,False,False,0.0,LOW
1685,2026-06-12,Nashik,Nashik Block-2,Nashik Block-2 Village-3,buffalo,5,1,7,40.1,,True,False,False,False,True,False,False,False,False,True,False,False,0.2,MEDIUM
1686,2026-06-12,Sambhajinagar,Sambhajinagar Block-3,Sambhajinagar Block-3 Village-4,goat,3,0,1,,,False,False,False,True,False,False,False,False,False,False,False,False,0.0,LOW
1687,2026-06-12,Amravati,Amravati Block-2,Amravati Block-2 Village-5,goat,1,0,1,39.8,Similar cases seen in neighbouring herd.,True,False,False,False,False,False,False,False,False,False,False,False,0.0,LOW
1688,2026-06-12,Kolhapur,Kolhapur Block-2,Kolhapur Block-2 Village-2,goat,1,0,3,,,False,False,False,False,True,False,False,False,False,False,False,False,0.0,LOW
1689,2026-06-13,Sambhajinagar,Sambhajinagar Block-3,Sambhajinagar Block-3 Village-1,cattle,5,1,9,39.6,,True,False,False,False,False,True,False,False,False,False,False,False,0.2,LOW
1690,2026-06-13,Sambhajinagar,Sambhajinagar Block-3,Sambhajinagar Block-3 Village-1,buffalo,23,12,2,37.7,,False,False,True,True,False,True,False,False,False,False,False,True,0.522,HIGH
1691,2026-06-13,Sambhajinagar,Sambhajinagar Block-3,Sambhajinagar Block-3 Village-1,poultry,15,8,1,40.5,Animals isolated as precaution.,True,True,True,False,True,False,False,True,True,False,False,False,0.533,HIGH
1692,2026-06-13,Sambhajinagar,Sambhajinagar Block-3,Sambhajinagar Block-3 Village-1,sheep,5,1,7,40.2,,True,False,False,False,False,False,False,False,False,False,False,False,0.2,LOW
1693,2026-06-13,Sambhajinagar,Sambhajinagar Block-2,Sambhajinagar Block-2 Village-1,buffalo,6,1,7,,Similar cases seen in neighbouring herd.,False,True,False,False,False,False,False,True,False,False,False,False,0.167,LOW
1694,2026-06-13,Kolhapur,Kolhapur Block-1,Kolhapur Block-1 Village-1,cattle,1,0,7,37.8,,False,True,False,True,False,False,True,True,True,False,False,False,0.0,LOW
1695,2026-06-13,Amravati,Amravati Block-3,Amravati Block-3 Village-4,sheep,2,0,7,40.7,Similar cases seen in neighbouring herd.,True,False,True,False,True,True,False,False,False,False,False,False,0.0,LOW
1696,2026-06-13,Pune,Pune Block-1,Pune Block-1 Village-5,sheep,4,0,5,37.8,Reported by local field worker.,False,True,True,False,True,False,False,False,True,False,False,False,0.0,LOW
1697,2026-06-13,Sambhajinagar,Sambhajinagar Block-3,Sambhajinagar Block-3 Village-3,sheep,2,0,6,,,False,False,True,False,False,False,False,True,False,False,False,False,0.0,LOW
1698,2026-06-13,Nagpur,Nagpur Block-3,Nagpur Block-3 Village-3,goat,2,0,5,38.8,,False,True,True,False,True,False,False,False,False,False,False,False,0.0,LOW
1699,2026-06-13,Pune,Pune Block-3,Pune Block-3 Village-4,buffalo,2,0,3,37.7,Farmer requested urgent visit.,False,False,False,False,False,True,False,True,False,False,False,False,0.0,LOW
1700,2026-06-13,Nagpur,Nagpur Block-3,Nagpur Block-3 Village-3,buffalo,9,2,2,,Farmer requested urgent visit.,False,True,True,True,True,False,True,False,False,True,False,False,0.222,MEDIUM
1701,2026-06-13,Nagpur,Nagpur Block-1,Nagpur Block-1 Village-5,goat,2,0,9,39.1,,False,False,False,False,False,True,False,False,False,False,False,False,0.0,LOW
1702,2026-06-13,Amravati,Amravati Block-2,Amravati Block-2 Village-2,cattle,1,0,3,38.7,Farmer requested urgent visit.,False,False,False,True,False,False,True,False,False,False,False,False,0.0,LOW
1703,2026-06-13,Nagpur,Nagpur Block-3,Nagpur Block-3 Village-4,cattle,4,0,1,,Reported by local field worker.,False,True,True,False,False,False,False,True,False,False,False,False,0.0,LOW
1704,2026-06-13,Sambhajinagar,Sambhajinagar Block-1,Sambhajinagar Block-1 Village-1,cattle,4,0,9,38.3,,False,False,False,False,False,True,False,False,False,True,False,False,0.0,LOW
1705,2026-06-13,Amravati,Amravati Block-2,Amravati Block-2 Village-4,cattle,3,0,4,40.3,,True,False,False,False,False,False,True,False,False,False,False,False,0.0,LOW
1706,2026-06-13,Pune,Pune Block-1,Pune Block-1 Village-4,sheep,3,0,2,,,True,False,False,False,True,False,False,False,False,False,False,False,0.0,LOW
1707,2026-06-13,Amravati,Amravati Block-2,Amravati Block-2 Village-1,poultry,4,0,8,39.2,Animals isolated as precaution.,False,False,False,True,False,False,True,False,False,False,False,False,0.0,LOW
1708,2026-06-13,Amravati,Amravati Block-1,Amravati Block-1 Village-3,goat,3,0,6,37.6,Farmer requested urgent visit.,False,False,False,True,False,False,False,False,False,False,False,False,0.0,LOW
1709,2026-06-13,Sambhajinagar,Sambhajinagar Block-2,Sambhajinagar Block-2 Village-2,cattle,1,0,3,38.8,,False,False,True,True,False,False,False,False,False,False,False,False,0.0,LOW
1710,2026-06-13,Sambhajinagar,Sambhajinagar Block-3,Sambhajinagar Block-3 Village-5,goat,4,0,5,38.5,Reported by local field worker.,False,True,False,False,True,False,False,False,True,False,False,False,0.0,LOW
1711,2026-06-13,Nagpur,Nagpur Block-1,Nagpur Block-1 Village-3,cattle,3,0,7,,Farmer requested urgent visit.,True,False,False,False,False,False,False,False,True,True,False,False,0.0,LOW
1712,2026-06-13,Nagpur,Nagpur Block-1,Nagpur Block-1 Village-1,buffalo,3,0,6,37.8,Similar cases seen in neighbouring herd.,False,False,True,False,False,False,False,False,False,False,False,False,0.0,LOW
1713,2026-06-13,Sambhajinagar,Sambhajinagar Block-1,Sambhajinagar Block-1 Village-2,cattle,4,0,5,37.6,,False,True,False,False,False,True,False,True,False,False,False,False,0.0,LOW
1714,2026-06-13,Kolhapur,Kolhapur Block-1,Kolhapur Block-1 Village-3,poultry,4,0,3,38.4,Reported by local field worker.,False,False,False,True,False,True,True,False,False,False,False,False,0.0,LOW
1715,2026-06-13,Nashik,Nashik Block-2,Nashik Block-2 Village-3,goat,2,0,2,38.5,Reported by local field worker.,False,False,True,False,False,True,False,False,False,False,False,False,0.0,LOW
1716,2026-06-13,Amravati,Amravati Block-1,Amravati Block-1 Village-4,buffalo,2,0,3,,Animals isolated as precaution.,False,True,False,False,False,True,True,False,False,False,False,False,0.0,LOW
1717,2026-06-13,Nashik,Nashik Block-3,Nashik Block-3 Village-2,poultry,9,1,4,40.4,,True,True,False,True,False,False,True,False,False,False,False,False,0.111,LOW
1718,2026-06-13,Kolhapur,Kolhapur Block-2,Kolhapur Block-2 Village-1,buffalo,23,12,1,,Animals isolated as precaution.,True,True,True,True,False,True,False,False,False,False,False,False,0.522,HIGH
1719,2026-06-13,Sambhajinagar,Sambhajinagar Block-1,Sambhajinagar Block-1 Village-3,sheep,2,0,9,39.6,Similar cases seen in neighbouring herd.,True,False,False,False,False,False,False,False,False,False,False,False,0.0,LOW
1720,2026-06-13,Sambhajinagar,Sambhajinagar Block-1,Sambhajinagar Block-1 Village-5,goat,3,0,4,37.9,,False,True,False,True,True,False,False,False,False,False,True,False,0.0,LOW
1721,2026-06-13,Pune,Pune Block-1,Pune Block-1 Village-4,poultry,2,0,8,,,True,False,True,True,False,False,True,False,False,False,False,False,0.0,LOW
1722,2026-06-13,Nagpur,Nagpur Block-3,Nagpur Block-3 Village-3,goat,3,0,3,38.8,Reported by local field worker.,False,False,True,False,False,False,True,False,False,False,False,False,0.0,LOW
1723,2026-06-13,Nashik,Nashik Block-2,Nashik Block-2 Village-2,cattle,2,0,6,,Similar cases seen in neighbouring herd.,False,False,False,False,False,False,False,True,False,False,False,False,0.0,LOW
1724,2026-06-13,Amravati,Amravati Block-3,Amravati Block-3 Village-3,goat,2,0,3,38.5,Similar cases seen in neighbouring herd.,False,False,False,False,False,False,True,False,False,False,False,False,0.0,LOW
1725,2026-06-13,Pune,Pune Block-3,Pune Block-3 Village-4,goat,1,0,7,39.3,,True,False,False,False,False,False,False,False,False,False,False,False,0.0,LOW
1726,2026-06-13,Nashik,Nashik Block-3,Nashik Block-3 Village-1,goat,1,0,9,,,False,False,False,False,False,True,False,False,False,False,False,False,0.0,LOW
1727,2026-06-13,Pune,Pune Block-1,Pune Block-1 Village-1,sheep,2,0,9,40.2,Animals isolated as precaution.,True,False,False,False,False,False,False,False,False,False,False,False,0.0,LOW
1728,2026-06-13,Amravati,Amravati Block-2,Amravati Block-2 Village-5,buffalo,8,0,5,,Reported by local field worker.,True,False,False,False,False,False,False,False,False,False,False,False,0.0,LOW
1729,2026-06-13,Sambhajinagar,Sambhajinagar Block-1,Sambhajinagar Block-1 Village-2,cattle,9,0,5,37.6,Farmer requested urgent visit.,False,False,False,False,False,True,False,False,False,False,False,False,0.0,LOW
1730,2026-06-13,Kolhapur,Kolhapur Block-1,Kolhapur Block-1 Village-5,sheep,8,1,7,41.1,Reported by local field worker.,True,False,False,False,False,False,False,False,False,False,True,False,0.125,MEDIUM
1731,2026-06-13,Kolhapur,Kolhapur Block-2,Kolhapur Block-2 Village-2,sheep,1,0,8,40.7,Reported by local field worker.,True,False,False,False,False,True,False,False,False,False,False,False,0.0,LOW
1732,2026-06-13,Pune,Pune Block-2,Pune Block-2 Village-3,cattle,2,0,9,,Farmer requested urgent visit.,True,False,True,False,False,False,False,False,True,False,False,False,0.0,LOW
1733,2026-06-13,Nashik,Nashik Block-2,Nashik Block-2 Village-2,goat,2,0,8,38.1,Farmer requested urgent visit.,False,True,False,False,False,False,False,False,False,False,False,False,0.0,LOW
1734,2026-06-13,Sambhajinagar,Sambhajinagar Block-2,Sambhajinagar Block-2 Village-2,cattle,1,0,2,40.9,Animals isolated as precaution.,True,False,True,False,False,False,False,False,False,False,False,False,0.0,LOW
1735,2026-06-13,Sambhajinagar,Sambhajinagar Block-1,Sambhajinagar Block-1 Village-3,goat,2,0,3,40.7,,True,False,False,False,False,False,False,False,False,False,False,False,0.0,LOW
1736,2026-06-13,Amravati,Amravati Block-3,Amravati Block-3 Village-2,goat,1,0,5,39.1,Animals isolated as precaution.,False,False,False,True,False,False,False,False,False,False,False,False,0.0,LOW
1737,2026-06-13,Amravati,Amravati Block-2,Amravati Block-2 Village-4,buffalo,4,0,8,41.2,,True,False,False,False,False,False,False,False,False,False,False,False,0.0,LOW
1738,2026-06-14,Sambhajinagar,Sambhajinagar Block-3,Sambhajinagar Block-3 Village-1,sheep,7,3,2,38.6,Animals isolated as precaution.,False,False,False,True,False,False,True,True,False,False,False,False,0.429,MEDIUM
1739,2026-06-14,Sambhajinagar,Sambhajinagar Block-3,Sambhajinagar Block-3 Village-1,goat,9,0,2,,,True,True,True,False,False,False,False,True,False,False,False,False,0.0,LOW
1740,2026-06-14,Sambhajinagar,Sambhajinagar Block-3,Sambhajinagar Block-3 Village-1,sheep,15,8,1,,,True,True,True,True,True,True,True,True,False,False,False,False,0.533,MEDIUM
1741,2026-06-14,Sambhajinagar,Sambhajinagar Block-3,Sambhajinagar Block-3 Village-1,sheep,4,0,3,41.0,,True,False,False,True,False,True,False,True,False,False,False,False,0.0,LOW
1742,2026-06-14,Sambhajinagar,Sambhajinagar Block-2,Sambhajinagar Block-2 Village-1,goat,24,6,1,39.3,Farmer requested urgent visit.,True,True,True,True,False,True,False,False,True,True,False,False,0.25,HIGH
1743,2026-06-14,Sambhajinagar,Sambhajinagar Block-2,Sambhajinagar Block-2 Village-1,sheep,7,1,9,39.6,Similar cases seen in neighbouring herd.,True,True,False,True,False,False,False,False,False,False,False,True,0.143,MEDIUM
1744,2026-06-14,Sambhajinagar,Sambhajinagar Block-2,Sambhajinagar Block-2 Village-1,goat,3,0,4,39.1,,False,False,False,False,False,False,True,False,False,False,False,False,0.0,LOW
1745,2026-06-14,Pune,Pune Block-2,Pune Block-2 Village-1,cattle,3,0,4,41.4,,True,True,True,False,False,False,False,False,False,False,False,False,0.0,LOW
1746,2026-06-14,Nashik,Nashik Block-3,Nashik Block-3 Village-1,cattle,1,0,6,,Similar cases seen in neighbouring herd.,False,False,False,False,False,False,False,True,False,False,False,False,0.0,LOW
1747,2026-06-14,Nagpur,Nagpur Block-2,Nagpur Block-2 Village-3,buffalo,2,0,3,38.7,Farmer requested urgent visit.,False,True,False,False,False,True,False,False,False,False,False,False,0.0,LOW
1748,2026-06-14,Amravati,Amravati Block-2,Amravati Block-2 Village-1,goat,2,0,8,38.6,Animals isolated as precaution.,False,False,False,False,False,True,False,False,False,False,False,False,0.0,LOW
1749,2026-06-14,Nagpur,Nagpur Block-2,Nagpur Block-2 Village-4,goat,3,0,3,41.1,,True,False,False,False,False,True,False,False,False,False,False,False,0.0,LOW
1750,2026-06-14,Nashik,Nashik Block-2,Nashik Block-2 Village-4,cattle,4,0,3,39.0,Reported by local field worker.,False,False,True,False,False,False,False,False,False,False,False,False,0.0,LOW
1751,2026-06-14,Amravati,Amravati Block-2,Amravati Block-2 Village-5,buffalo,4,0,1,39.4,,True,False,False,False,False,False,True,False,False,False,False,False,0.0,LOW
1752,2026-06-14,Kolhapur,Kolhapur Block-1,Kolhapur Block-1 Village-5,poultry,2,0,9,38.5,,False,True,True,False,False,False,False,False,False,False,False,False,0.0,LOW
1753,2026-06-14,Kolhapur,Kolhapur Block-3,Kolhapur Block-3 Village-2,goat,3,0,1,39.1,Similar cases seen in neighbouring herd.,False,True,False,False,True,False,False,False,True,False,False,False,0.0,LOW
1754,2026-06-14,Nashik,Nashik Block-3,Nashik Block-3 Village-5,cattle,4,0,9,,Reported by local field worker.,False,False,False,False,False,True,True,False,True,False,False,False,0.0,LOW
1755,2026-06-14,Sambhajinagar,Sambhajinagar Block-2,Sambhajinagar Block-2 Village-3,cattle,2,0,4,40.1,,True,False,True,True,True,False,False,False,False,False,False,False,0.0,LOW
1756,2026-06-14,Nashik,Nashik Block-2,Nashik Block-2 Village-4,cattle,1,0,4,38.2,Animals isolated as precaution.,False,False,False,False,False,False,True,False,False,False,False,False,0.0,LOW
1757,2026-06-14,Nashik,Nashik Block-2,Nashik Block-2 Village-5,cattle,4,0,2,,Farmer requested urgent visit.,False,True,False,True,True,False,False,False,False,False,False,False,0.0,LOW
1758,2026-06-14,Pune,Pune Block-2,Pune Block-2 Village-3,sheep,3,0,6,,Similar cases seen in neighbouring herd.,False,True,False,False,True,True,False,False,False,False,False,False,0.0,LOW
1759,2026-06-14,Sambhajinagar,Sambhajinagar Block-3,Sambhajinagar Block-3 Village-1,cattle,1,0,9,39.8,,True,True,False,False,False,False,False,True,False,False,False,False,0.0,LOW
1760,2026-06-14,Pune,Pune Block-1,Pune Block-1 Village-2,sheep,2,0,2,38.4,,False,False,True,False,False,False,False,False,False,False,False,False,0.0,LOW
1761,2026-06-14,Pune,Pune Block-1,Pune Block-1 Village-2,goat,2,0,6,41.0,,True,True,True,False,False,False,False,False,False,False,False,False,0.0,LOW
1762,2026-06-14,Pune,Pune Block-1,Pune Block-1 Village-1,cattle,4,0,8,,,False,False,False,True,False,False,False,False,False,False,False,False,0.0,LOW
1763,2026-06-14,Sambhajinagar,Sambhajinagar Block-1,Sambhajinagar Block-1 Village-3,buffalo,3,0,5,,Farmer requested urgent visit.,False,False,True,False,False,False,False,False,False,False,False,False,0.0,LOW
1764,2026-06-14,Amravati,Amravati Block-1,Amravati Block-1 Village-1,goat,2,0,5,37.8,,False,False,True,False,True,False,True,False,False,False,False,False,0.0,LOW
1765,2026-06-14,Amravati,Amravati Block-3,Amravati Block-3 Village-5,sheep,1,0,9,,,False,False,False,True,False,False,True,False,False,True,False,False,0.0,LOW
1766,2026-06-14,Nashik,Nashik Block-1,Nashik Block-1 Village-1,cattle,1,0,9,38.3,Animals isolated as precaution.,False,False,False,False,False,False,True,False,False,False,False,False,0.0,LOW
1767,2026-06-14,Pune,Pune Block-3,Pune Block-3 Village-5,sheep,2,0,4,37.7,Farmer requested urgent visit.,False,False,False,False,False,False,False,True,False,False,False,False,0.0,LOW
1768,2026-06-14,Nashik,Nashik Block-3,Nashik Block-3 Village-2,buffalo,4,0,5,41.2,Reported by local field worker.,True,True,False,False,False,False,False,False,False,False,False,False,0.0,LOW
1769,2026-06-14,Pune,Pune Block-2,Pune Block-2 Village-1,cattle,4,0,9,38.4,Farmer requested urgent visit.,False,False,False,False,False,True,False,False,False,False,False,False,0.0,LOW
1770,2026-06-14,Amravati,Amravati Block-1,Amravati Block-1 Village-1,cattle,1,0,2,38.9,Animals isolated as precaution.,False,True,False,False,False,False,False,False,False,False,False,False,0.0,LOW
1771,2026-06-14,Nagpur,Nagpur Block-2,Nagpur Block-2 Village-1,cattle,1,0,4,38.9,Animals isolated as precaution.,False,False,False,False,False,False,False,False,False,False,True,False,0.0,LOW
1772,2026-06-14,Pune,Pune Block-3,Pune Block-3 Village-5,buffalo,2,0,7,38.0,,False,False,False,False,True,False,True,True,True,False,False,False,0.0,LOW
1773,2026-06-14,Amravati,Amravati Block-2,Amravati Block-2 Village-5,goat,4,0,7,40.7,Farmer requested urgent visit.,True,False,True,False,False,False,True,False,False,False,False,False,0.0,LOW
1774,2026-06-14,Nashik,Nashik Block-2,Nashik Block-2 Village-1,cattle,3,0,2,,,True,False,False,True,False,False,False,False,True,False,False,False,0.0,LOW
1775,2026-06-14,Nashik,Nashik Block-1,Nashik Block-1 Village-1,buffalo,2,0,9,,Similar cases seen in neighbouring herd.,True,False,False,False,False,False,False,False,False,False,False,False,0.0,LOW
1776,2026-06-14,Nashik,Nashik Block-1,Nashik Block-1 Village-1,cattle,4,0,3,39.7,,True,False,False,False,False,False,True,False,False,False,False,False,0.0,LOW
1777,2026-06-14,Nagpur,Nagpur Block-1,Nagpur Block-1 Village-2,goat,6,1,3,,,True,False,False,False,True,True,False,False,False,False,False,False,0.167,LOW
1778,2026-06-14,Pune,Pune Block-1,Pune Block-1 Village-2,cattle,4,0,3,38.7,Similar cases seen in neighbouring herd.,False,True,False,False,False,False,False,False,True,False,False,False,0.0,LOW
1779,2026-06-14,Nagpur,Nagpur Block-3,Nagpur Block-3 Village-5,goat,1,0,1,,,True,True,False,True,True,False,False,False,False,False,False,False,0.0,LOW
1780,2026-06-14,Sambhajinagar,Sambhajinagar Block-2,Sambhajinagar Block-2 Village-2,sheep,3,0,8,40.1,,True,True,False,False,False,False,False,False,False,False,False,False,0.0,LOW
1781,2026-06-15,Sambhajinagar,Sambhajinagar Block-2,Sambhajinagar Block-2 Village-1,sheep,19,7,1,40.3,,True,True,False,True,False,True,False,True,True,True,False,False,0.368,HIGH
1782,2026-06-15,Sambhajinagar,Sambhajinagar Block-2,Sambhajinagar Block-2 Village-1,sheep,3,0,8,,Animals isolated as precaution.,True,False,False,False,False,False,False,False,False,False,False,False,0.0,LOW
1783,2026-06-15,Amravati,Amravati Block-1,Amravati Block-1 Village-2,goat,6,1,5,39.6,Similar cases seen in neighbouring herd.,True,True,False,False,True,False,False,False,False,False,False,False,0.167,LOW
1784,2026-06-15,Nashik,Nashik Block-2,Nashik Block-2 Village-1,sheep,3,0,2,,,True,True,False,True,False,True,False,False,False,False,False,False,0.0,LOW
1785,2026-06-15,Pune,Pune Block-1,Pune Block-1 Village-2,sheep,1,0,7,38.8,,False,False,False,True,False,False,False,False,False,False,False,False,0.0,LOW
1786,2026-06-15,Kolhapur,Kolhapur Block-3,Kolhapur Block-3 Village-2,goat,2,0,3,38.9,,False,True,False,False,False,False,False,False,False,False,False,False,0.0,LOW
1787,2026-06-15,Sambhajinagar,Sambhajinagar Block-3,Sambhajinagar Block-3 Village-4,goat,4,0,6,,Reported by local field worker.,True,False,False,True,True,True,False,False,False,False,False,False,0.0,LOW
1788,2026-06-15,Kolhapur,Kolhapur Block-2,Kolhapur Block-2 Village-1,poultry,2,0,8,,Similar cases seen in neighbouring herd.,False,False,True,True,False,False,False,False,False,False,False,False,0.0,LOW
1789,2026-06-15,Amravati,Amravati Block-2,Amravati Block-2 Village-2,cattle,4,0,5,38.8,,False,False,False,False,False,False,False,True,False,True,False,False,0.0,LOW
1790,2026-06-15,Nashik,Nashik Block-1,Nashik Block-1 Village-4,cattle,3,0,4,,Animals isolated as precaution.,False,False,False,False,False,True,False,False,False,False,False,False,0.0,LOW
1791,2026-06-15,Nagpur,Nagpur Block-3,Nagpur Block-3 Village-5,buffalo,4,0,4,40.4,,True,False,False,True,False,False,False,False,False,True,False,False,0.0,LOW
1792,2026-06-15,Nagpur,Nagpur Block-1,Nagpur Block-1 Village-4,poultry,2,0,9,,Animals isolated as precaution.,False,True,False,True,False,False,False,False,False,False,False,False,0.0,LOW
1793,2026-06-15,Amravati,Amravati Block-3,Amravati Block-3 Village-2,cattle,2,0,9,,,False,False,False,False,True,True,False,False,False,False,False,False,0.0,LOW
1794,2026-06-15,Pune,Pune Block-3,Pune Block-3 Village-5,buffalo,1,0,7,39.2,,False,False,False,False,True,False,False,False,False,False,False,False,0.0,LOW
1795,2026-06-15,Nashik,Nashik Block-2,Nashik Block-2 Village-1,goat,4,0,1,,Farmer requested urgent visit.,False,True,False,False,False,False,False,True,False,False,False,False,0.0,LOW
1796,2026-06-15,Pune,Pune Block-2,Pune Block-2 Village-1,goat,2,0,2,,,False,True,True,True,False,False,False,True,False,False,False,False,0.0,LOW
1797,2026-06-15,Amravati,Amravati Block-3,Amravati Block-3 Village-2,cattle,4,0,4,39.2,Animals isolated as precaution.,False,False,False,False,False,False,False,True,False,False,False,False,0.0,LOW
1798,2026-06-15,Sambhajinagar,Sambhajinagar Block-3,Sambhajinagar Block-3 Village-1,goat,3,0,2,38.2,Farmer requested urgent visit.,False,False,True,False,False,True,False,False,False,False,False,False,0.0,LOW
1799,2026-06-15,Nashik,Nashik Block-2,Nashik Block-2 Village-1,poultry,2,0,8,37.9,,False,False,False,False,True,False,False,False,False,False,False,False,0.0,LOW
1800,2026-06-15,Amravati,Amravati Block-3,Amravati Block-3 Village-1,cattle,19,5,1,40.2,,True,True,False,True,False,False,False,False,False,False,False,False,0.263,MEDIUM
1801,2026-06-15,Pune,Pune Block-1,Pune Block-1 Village-4,cattle,3,0,9,,Animals isolated as precaution.,False,False,False,True,False,True,False,False,False,False,False,False,0.0,LOW
1802,2026-06-15,Nashik,Nashik Block-1,Nashik Block-1 Village-3,cattle,1,0,8,39.6,,True,False,False,False,False,True,False,False,False,False,False,False,0.0,LOW
1803,2026-06-15,Nashik,Nashik Block-3,Nashik Block-3 Village-1,goat,3,0,2,40.4,,True,False,False,True,False,True,True,True,False,False,False,False,0.0,LOW
1804,2026-06-15,Nagpur,Nagpur Block-2,Nagpur Block-2 Village-5,buffalo,4,0,7,39.3,,True,False,False,True,False,False,False,False,False,False,False,False,0.0,LOW
1805,2026-06-15,Nashik,Nashik Block-3,Nashik Block-3 Village-2,buffalo,2,0,9,38.5,Animals isolated as precaution.,False,False,True,False,False,False,True,False,False,False,False,False,0.0,LOW
1806,2026-06-15,Pune,Pune Block-2,Pune Block-2 Village-2,goat,2,0,9,,,True,True,True,False,False,False,False,False,True,False,False,False,0.0,LOW
1807,2026-06-15,Nagpur,Nagpur Block-2,Nagpur Block-2 Village-4,buffalo,3,0,7,,Animals isolated as precaution.,False,True,False,False,False,False,False,False,False,False,False,False,0.0,LOW
1808,2026-06-15,Kolhapur,Kolhapur Block-2,Kolhapur Block-2 Village-5,cattle,1,0,1,,Similar cases seen in neighbouring herd.,True,True,False,False,False,True,False,False,False,False,False,False,0.0,LOW
1809,2026-06-15,Pune,Pune Block-1,Pune Block-1 Village-5,buffalo,4,2,1,39.9,Similar cases seen in neighbouring herd.,True,True,False,True,False,False,False,False,False,False,False,False,0.5,MEDIUM
1810,2026-06-15,Kolhapur,Kolhapur Block-1,Kolhapur Block-1 Village-1,cattle,2,0,2,39.0,Reported by local field worker.,False,False,False,False,True,False,False,False,False,False,False,False,0.0,LOW
1811,2026-06-15,Pune,Pune Block-3,Pune Block-3 Village-3,cattle,4,0,2,39.6,Similar cases seen in neighbouring herd.,True,False,False,False,True,True,True,False,False,False,False,False,0.0,LOW
1812,2026-06-15,Kolhapur,Kolhapur Block-3,Kolhapur Block-3 Village-1,buffalo,7,1,4,40.6,Farmer requested urgent visit.,True,False,True,True,False,True,False,False,False,False,False,True,0.143,MEDIUM
1813,2026-06-15,Pune,Pune Block-1,Pune Block-1 Village-2,goat,6,1,1,39.7,Animals isolated as precaution.,True,False,False,True,False,False,False,False,False,False,False,False,0.167,LOW
1814,2026-06-15,Nagpur,Nagpur Block-1,Nagpur Block-1 Village-5,goat,4,0,7,,Reported by local field worker.,False,True,False,True,False,True,False,False,False,True,False,False,0.0,LOW
1815,2026-06-15,Kolhapur,Kolhapur Block-3,Kolhapur Block-3 Village-2,buffalo,2,0,2,38.0,,False,False,False,False,False,True,False,False,False,False,False,False,0.0,LOW
1816,2026-06-15,Amravati,Amravati Block-3,Amravati Block-3 Village-4,goat,3,0,7,,Animals isolated as precaution.,True,True,False,False,False,True,False,False,False,False,False,False,0.0,LOW
1817,2026-06-15,Sambhajinagar,Sambhajinagar Block-2,Sambhajinagar Block-2 Village-2,poultry,3,0,2,40.0,,True,False,False,False,False,False,True,True,False,False,False,False,0.0,LOW
1818,2026-06-15,Nashik,Nashik Block-2,Nashik Block-2 Village-3,goat,2,0,7,38.3,Reported by local field worker.,False,True,False,False,False,False,True,False,False,False,False,False,0.0,LOW
1819,2026-06-15,Sambhajinagar,Sambhajinagar Block-3,Sambhajinagar Block-3 Village-3,goat,3,0,7,41.4,Animals isolated as precaution.,True,False,False,True,False,False,True,False,False,False,False,False,0.0,LOW
1820,2026-06-15,Pune,Pune Block-2,Pune Block-2 Village-1,goat,3,0,1,39.0,,False,False,True,False,False,False,False,False,False,False,False,False,0.0,LOW
1821,2026-06-15,Amravati,Amravati Block-2,Amravati Block-2 Village-2,cattle,1,0,2,38.8,,False,False,False,False,True,True,False,False,False,False,False,False,0.0,LOW
1822,2026-06-15,Nagpur,Nagpur Block-2,Nagpur Block-2 Village-1,sheep,2,0,6,37.7,Reported by local field worker.,False,False,False,True,False,False,False,False,False,False,False,False,0.0,LOW
1823,2026-06-16,Sambhajinagar,Sambhajinagar Block-3,Sambhajinagar Block-3 Village-1,cattle,5,1,6,,Animals isolated as precaution.,False,False,False,True,False,False,False,False,False,True,True,False,0.2,MEDIUM
1824,2026-06-16,Nagpur,Nagpur Block-1,Nagpur Block-1 Village-5,buffalo,6,0,1,38.6,Farmer requested urgent visit.,False,True,False,True,False,True,False,False,False,False,False,False,0.0,LOW
1825,2026-06-16,Nagpur,Nagpur Block-3,Nagpur Block-3 Village-3,buffalo,2,0,2,38.6,,False,False,False,True,False,False,True,False,False,False,False,False,0.0,LOW
1826,2026-06-16,Nagpur,Nagpur Block-1,Nagpur Block-1 Village-3,goat,3,0,9,39.0,,False,False,False,False,True,True,False,False,False,False,False,False,0.0,LOW
1827,2026-06-16,Nagpur,Nagpur Block-2,Nagpur Block-2 Village-2,cattle,4,0,8,38.4,,False,True,False,True,False,False,False,False,False,False,False,False,0.0,LOW
1828,2026-06-16,Nagpur,Nagpur Block-2,Nagpur Block-2 Village-5,buffalo,1,0,8,39.3,,True,False,True,True,False,False,False,False,False,False,False,False,0.0,LOW
1829,2026-06-16,Sambhajinagar,Sambhajinagar Block-1,Sambhajinagar Block-1 Village-3,goat,3,0,4,41.2,Animals isolated as precaution.,True,False,False,False,True,False,False,False,False,False,False,False,0.0,LOW
1830,2026-06-16,Amravati,Amravati Block-2,Amravati Block-2 Village-2,poultry,3,0,6,40.9,,True,True,False,False,False,False,True,False,False,False,False,False,0.0,LOW
1831,2026-06-16,Amravati,Amravati Block-2,Amravati Block-2 Village-4,cattle,3,0,6,38.1,Farmer requested urgent visit.,False,True,True,False,False,False,False,False,False,False,False,False,0.0,LOW
1832,2026-06-16,Nashik,Nashik Block-3,Nashik Block-3 Village-3,cattle,3,0,5,39.0,Reported by local field worker.,False,False,False,False,False,False,False,False,True,False,False,False,0.0,LOW
1833,2026-06-16,Pune,Pune Block-1,Pune Block-1 Village-5,sheep,1,0,8,,,True,False,False,False,True,False,False,False,False,False,False,False,0.0,LOW
1834,2026-06-16,Amravati,Amravati Block-3,Amravati Block-3 Village-4,buffalo,2,0,8,39.2,Animals isolated as precaution.,False,False,False,False,True,True,False,False,False,False,False,False,0.0,LOW
1835,2026-06-16,Kolhapur,Kolhapur Block-2,Kolhapur Block-2 Village-3,cattle,1,0,1,38.5,Similar cases seen in neighbouring herd.,False,True,False,False,False,False,False,True,False,False,False,False,0.0,LOW
1836,2026-06-16,Nagpur,Nagpur Block-1,Nagpur Block-1 Village-3,cattle,2,0,8,38.6,,False,False,False,False,False,True,False,False,False,False,False,False,0.0,LOW
1837,2026-06-16,Nagpur,Nagpur Block-2,Nagpur Block-2 Village-4,goat,2,0,4,,Similar cases seen in neighbouring herd.,False,False,False,False,False,False,False,False,False,False,False,True,0.0,LOW
1838,2026-06-16,Sambhajinagar,Sambhajinagar Block-3,Sambhajinagar Block-3 Village-1,cattle,1,0,1,,,False,False,False,True,False,False,True,False,False,False,False,False,0.0,LOW
1839,2026-06-16,Pune,Pune Block-3,Pune Block-3 Village-2,cattle,1,0,5,40.3,Reported by local field worker.,True,False,False,True,True,False,False,False,False,False,False,False,0.0,LOW
1840,2026-06-16,Nashik,Nashik Block-3,Nashik Block-3 Village-4,cattle,4,0,6,38.2,,False,False,False,False,False,False,False,True,False,False,False,False,0.0,LOW
1841,2026-06-16,Sambhajinagar,Sambhajinagar Block-3,Sambhajinagar Block-3 Village-5,cattle,3,0,1,39.1,Farmer requested urgent visit.,False,False,True,True,False,False,False,False,False,False,False,False,0.0,LOW
1842,2026-06-16,Nashik,Nashik Block-3,Nashik Block-3 Village-5,cattle,4,0,7,38.8,,False,False,False,True,False,True,True,False,False,False,False,False,0.0,LOW
1843,2026-06-16,Pune,Pune Block-3,Pune Block-3 Village-4,sheep,3,0,4,38.4,Reported by local field worker.,False,False,False,True,False,False,False,False,False,False,False,False,0.0,LOW
1844,2026-06-16,Sambhajinagar,Sambhajinagar Block-2,Sambhajinagar Block-2 Village-5,cattle,6,1,1,,,True,True,False,False,True,True,False,False,False,False,False,False,0.167,LOW
1845,2026-06-16,Nagpur,Nagpur Block-2,Nagpur Block-2 Village-2,buffalo,2,0,8,38.4,,False,False,False,True,False,False,False,False,False,False,False,False,0.0,LOW
1846,2026-06-16,Sambhajinagar,Sambhajinagar Block-2,Sambhajinagar Block-2 Village-4,goat,1,0,8,38.8,Animals isolated as precaution.,False,False,False,False,False,True,False,True,False,False,False,False,0.0,LOW
1847,2026-06-16,Kolhapur,Kolhapur Block-1,Kolhapur Block-1 Village-5,cattle,2,0,9,38.8,Animals isolated as precaution.,False,False,True,False,False,False,False,False,False,False,False,False,0.0,LOW
1848,2026-06-16,Kolhapur,Kolhapur Block-3,Kolhapur Block-3 Village-3,buffalo,8,1,4,38.8,Similar cases seen in neighbouring herd.,False,True,False,False,False,False,True,False,False,False,False,False,0.125,LOW
1849,2026-06-16,Nashik,Nashik Block-3,Nashik Block-3 Village-4,goat,1,0,7,38.0,,False,False,True,False,False,False,False,False,False,False,False,False,0.0,LOW
1850,2026-06-16,Amravati,Amravati Block-1,Amravati Block-1 Village-4,cattle,1,0,6,38.2,,False,False,True,False,False,False,False,False,False,False,False,False,0.0,LOW
1851,2026-06-16,Pune,Pune Block-1,Pune Block-1 Village-3,sheep,3,0,2,39.9,,True,False,True,True,False,False,False,False,True,False,False,False,0.0,LOW
1852,2026-06-16,Nagpur,Nagpur Block-3,Nagpur Block-3 Village-2,cattle,4,0,4,40.5,Similar cases seen in neighbouring herd.,True,True,True,False,False,False,False,False,False,False,False,False,0.0,LOW
1853,2026-06-16,Kolhapur,Kolhapur Block-1,Kolhapur Block-1 Village-1,poultry,3,0,2,41.1,,True,True,False,False,False,False,False,False,False,False,False,False,0.0,LOW
1854,2026-06-16,Kolhapur,Kolhapur Block-1,Kolhapur Block-1 Village-3,buffalo,3,0,8,38.4,Farmer requested urgent visit.,False,False,True,False,True,True,False,False,False,False,False,False,0.0,LOW
1855,2026-06-16,Nashik,Nashik Block-3,Nashik Block-3 Village-4,sheep,4,0,4,41.1,Reported by local field worker.,True,False,False,False,False,False,False,False,False,False,False,False,0.0,LOW
1856,2026-06-16,Nagpur,Nagpur Block-2,Nagpur Block-2 Village-1,sheep,2,0,9,39.6,Reported by local field worker.,True,False,False,False,False,False,True,False,False,False,False,False,0.0,LOW
1857,2026-06-16,Sambhajinagar,Sambhajinagar Block-1,Sambhajinagar Block-1 Village-1,buffalo,3,0,4,38.7,Reported by local field worker.,False,True,False,False,False,False,False,True,False,False,False,False,0.0,LOW
1858,2026-06-16,Pune,Pune Block-2,Pune Block-2 Village-3,cattle,4,0,7,38.0,Similar cases seen in neighbouring herd.,False,False,False,True,False,False,False,False,False,False,False,False,0.0,LOW
1859,2026-06-16,Amravati,Amravati Block-2,Amravati Block-2 Village-5,cattle,9,0,6,,Similar cases seen in neighbouring herd.,True,False,False,False,False,False,False,False,False,False,False,False,0.0,LOW
1860,2026-06-16,Nashik,Nashik Block-1,Nashik Block-1 Village-4,goat,1,0,3,37.9,Similar cases seen in neighbouring herd.,False,False,False,False,True,False,False,False,False,False,False,False,0.0,LOW
1861,2026-06-16,Kolhapur,Kolhapur Block-3,Kolhapur Block-3 Village-3,buffalo,1,0,2,38.0,,False,False,False,False,False,False,False,False,False,False,False,True,0.0,LOW
1862,2026-06-16,Nashik,Nashik Block-2,Nashik Block-2 Village-5,cattle,4,0,1,,,False,False,False,False,False,False,False,True,False,False,False,False,0.0,LOW
1863,2026-06-16,Pune,Pune Block-3,Pune Block-3 Village-1,cattle,1,0,2,,,True,False,False,True,False,False,False,False,False,False,False,False,0.0,LOW
1864,2026-06-16,Nashik,Nashik Block-2,Nashik Block-2 Village-5,cattle,12,6,3,,,True,False,True,True,True,False,False,True,False,True,False,False,0.5,HIGH
1865,2026-06-16,Nagpur,Nagpur Block-1,Nagpur Block-1 Village-2,goat,2,0,7,,,True,False,False,False,True,False,False,False,False,False,False,False,0.0,LOW
1866,2026-06-16,Pune,Pune Block-2,Pune Block-2 Village-4,cattle,1,0,5,,,True,False,False,False,False,False,True,False,False,False,False,False,0.0,LOW
1867,2026-06-16,Pune,Pune Block-1,Pune Block-1 Village-2,poultry,4,0,2,39.9,Similar cases seen in neighbouring herd.,True,True,False,False,True,False,False,False,False,False,False,False,0.0,LOW
1868,2026-06-16,Kolhapur,Kolhapur Block-3,Kolhapur Block-3 Village-5,cattle,2,0,8,40.1,,True,False,False,False,False,False,False,False,False,False,False,False,0.0,LOW
1869,2026-06-16,Nashik,Nashik Block-2,Nashik Block-2 Village-2,goat,2,0,1,40.3,,True,False,False,False,False,False,False,False,False,False,False,False,0.0,LOW
1870,2026-06-17,Sambhajinagar,Sambhajinagar Block-3,Sambhajinagar Block-3 Village-1,poultry,8,0,2,39.4,,True,False,False,True,False,False,False,False,True,False,False,False,0.0,LOW
1871,2026-06-17,Sambhajinagar,Sambhajinagar Block-3,Sambhajinagar Block-3 Village-1,cattle,3,1,8,,Farmer requested urgent visit.,False,False,False,True,False,True,False,False,False,False,False,False,0.333,LOW
1872,2026-06-17,Sambhajinagar,Sambhajinagar Block-3,Sambhajinagar Block-3 Village-1,cattle,4,0,2,38.3,Reported by local field worker.,False,True,False,False,True,True,False,False,False,False,False,False,0.0,LOW
1873,2026-06-17,Pune,Pune Block-2,Pune Block-2 Village-1,sheep,2,0,2,38.8,Reported by local field worker.,False,True,False,True,False,True,False,False,False,False,False,True,0.0,MEDIUM
1874,2026-06-17,Amravati,Amravati Block-1,Amravati Block-1 Village-1,cattle,8,1,3,,,False,False,True,True,False,False,False,False,False,False,False,False,0.125,LOW
1875,2026-06-17,Pune,Pune Block-3,Pune Block-3 Village-5,cattle,3,0,2,40.8,,True,False,False,True,True,False,False,False,False,False,False,False,0.0,LOW
1876,2026-06-17,Sambhajinagar,Sambhajinagar Block-3,Sambhajinagar Block-3 Village-2,buffalo,1,0,7,38.7,Farmer requested urgent visit.,False,False,False,False,False,True,False,False,False,False,False,False,0.0,LOW
1877,2026-06-17,Pune,Pune Block-1,Pune Block-1 Village-5,cattle,2,0,7,40.4,Similar cases seen in neighbouring herd.,True,False,False,False,False,False,False,False,True,False,False,False,0.0,LOW
1878,2026-06-17,Kolhapur,Kolhapur Block-2,Kolhapur Block-2 Village-3,poultry,4,0,3,39.2,Reported by local field worker.,False,False,False,True,False,False,False,False,False,False,False,False,0.0,LOW
1879,2026-06-17,Kolhapur,Kolhapur Block-2,Kolhapur Block-2 Village-1,cattle,5,1,3,,Reported by local field worker.,True,False,False,True,False,True,False,False,False,False,False,False,0.2,LOW
1880,2026-06-17,Kolhapur,Kolhapur Block-3,Kolhapur Block-3 Village-2,goat,2,0,1,37.7,,False,True,False,False,False,False,False,False,False,False,False,False,0.0,LOW
1881,2026-06-17,Pune,Pune Block-2,Pune Block-2 Village-1,poultry,2,0,1,,Similar cases seen in neighbouring herd.,False,True,False,False,False,False,False,False,False,False,False,False,0.0,LOW
1882,2026-06-17,Nashik,Nashik Block-1,Nashik Block-1 Village-4,buffalo,2,0,5,38.2,Reported by local field worker.,False,False,True,True,False,True,False,False,False,False,True,False,0.0,MEDIUM
1883,2026-06-17,Nashik,Nashik Block-1,Nashik Block-1 Village-2,cattle,3,0,7,,Animals isolated as precaution.,False,False,False,True,False,False,False,False,False,False,False,False,0.0,LOW
1884,2026-06-17,Nagpur,Nagpur Block-3,Nagpur Block-3 Village-3,cattle,4,0,7,40.2,Farmer requested urgent visit.,True,True,False,True,False,False,False,False,False,False,False,False,0.0,LOW
1885,2026-06-17,Nashik,Nashik Block-1,Nashik Block-1 Village-5,buffalo,1,0,8,,Animals isolated as precaution.,False,False,False,False,False,False,True,False,False,False,False,False,0.0,LOW
1886,2026-06-17,Nashik,Nashik Block-1,Nashik Block-1 Village-3,cattle,1,0,3,39.2,Reported by local field worker.,False,True,False,False,False,False,False,False,False,False,False,False,0.0,LOW
1887,2026-06-17,Amravati,Amravati Block-1,Amravati Block-1 Village-3,cattle,4,0,9,,Farmer requested urgent visit.,True,False,False,False,False,False,False,False,False,False,True,False,0.0,LOW
1888,2026-06-17,Nashik,Nashik Block-3,Nashik Block-3 Village-2,goat,4,0,4,38.6,,False,True,False,False,True,False,False,False,False,False,False,False,0.0,LOW
1889,2026-06-17,Nagpur,Nagpur Block-2,Nagpur Block-2 Village-5,sheep,7,1,6,,Similar cases seen in neighbouring herd.,True,True,True,False,True,True,False,False,False,False,False,False,0.143,MEDIUM
1890,2026-06-17,Amravati,Amravati Block-3,Amravati Block-3 Village-1,cattle,8,1,3,,,True,False,True,False,False,False,False,True,True,False,False,False,0.125,LOW
1891,2026-06-17,Kolhapur,Kolhapur Block-1,Kolhapur Block-1 Village-1,poultry,1,0,9,39.1,Similar cases seen in neighbouring herd.,False,False,False,True,False,False,False,False,True,True,False,False,0.0,LOW
1892,2026-06-17,Pune,Pune Block-2,Pune Block-2 Village-3,poultry,2,0,2,,,False,False,False,False,False,False,True,False,False,True,False,False,0.0,LOW
1893,2026-06-17,Amravati,Amravati Block-2,Amravati Block-2 Village-3,cattle,4,0,2,39.5,Reported by local field worker.,True,False,False,False,False,False,False,False,False,False,False,False,0.0,LOW
1894,2026-06-17,Nagpur,Nagpur Block-3,Nagpur Block-3 Village-1,cattle,8,1,3,,Similar cases seen in neighbouring herd.,False,False,True,True,True,False,False,False,False,False,False,False,0.125,LOW
1895,2026-06-17,Amravati,Amravati Block-1,Amravati Block-1 Village-2,poultry,4,0,6,40.2,Reported by local field worker.,True,False,False,True,False,True,True,False,False,True,False,False,0.0,LOW
1896,2026-06-17,Pune,Pune Block-2,Pune Block-2 Village-2,buffalo,1,0,5,40.3,Similar cases seen in neighbouring herd.,True,False,False,False,False,True,False,False,False,False,False,False,0.0,LOW
1897,2026-06-17,Amravati,Amravati Block-3,Amravati Block-3 Village-2,buffalo,3,0,8,37.7,Farmer requested urgent visit.,False,True,False,False,False,False,False,False,False,False,False,False,0.0,LOW
1898,2026-06-17,Sambhajinagar,Sambhajinagar Block-2,Sambhajinagar Block-2 Village-3,buffalo,8,1,8,39.8,,True,False,True,False,False,True,False,False,False,False,False,False,0.125,LOW
1899,2026-06-17,Nashik,Nashik Block-2,Nashik Block-2 Village-4,goat,1,0,3,40.9,,True,False,False,False,False,True,False,False,False,False,False,False,0.0,LOW
1900,2026-06-17,Pune,Pune Block-1,Pune Block-1 Village-2,poultry,1,0,9,41.5,Animals isolated as precaution.,True,False,True,False,False,False,False,True,False,False,False,False,0.0,LOW
1901,2026-06-17,Kolhapur,Kolhapur Block-2,Kolhapur Block-2 Village-2,goat,1,0,5,,Animals isolated as precaution.,False,False,False,False,False,True,False,False,False,False,False,True,0.0,LOW
1902,2026-06-17,Nagpur,Nagpur Block-3,Nagpur Block-3 Village-1,poultry,3,0,7,39.1,,False,False,False,False,False,False,False,False,False,False,False,True,0.0,LOW
1903,2026-06-17,Kolhapur,Kolhapur Block-1,Kolhapur Block-1 Village-2,poultry,24,11,2,,,True,False,False,True,True,True,False,False,False,False,False,False,0.458,HIGH
1904,2026-06-17,Kolhapur,Kolhapur Block-1,Kolhapur Block-1 Village-3,cattle,1,0,8,38.6,Reported by local field worker.,False,False,False,False,False,False,False,False,False,False,False,True,0.0,MEDIUM
1905,2026-06-17,Kolhapur,Kolhapur Block-3,Kolhapur Block-3 Village-4,buffalo,1,0,5,39.7,Animals isolated as precaution.,True,False,True,False,False,True,True,True,False,False,False,False,0.0,LOW
1906,2026-06-17,Nagpur,Nagpur Block-2,Nagpur Block-2 Village-5,goat,2,0,9,41.3,,True,False,False,True,False,False,False,False,False,False,False,False,0.0,LOW
1907,2026-06-17,Nashik,Nashik Block-1,Nashik Block-1 Village-3,cattle,3,0,1,,,False,False,False,False,True,True,False,False,True,False,False,False,0.0,LOW
1908,2026-06-17,Amravati,Amravati Block-2,Amravati Block-2 Village-5,goat,6,1,5,41.3,Animals isolated as precaution.,True,False,False,True,False,False,False,False,False,False,False,False,0.167,LOW
1909,2026-06-17,Pune,Pune Block-2,Pune Block-2 Village-3,buffalo,4,0,6,38.2,Reported by local field worker.,False,False,False,False,False,False,False,True,False,False,False,False,0.0,LOW
1910,2026-06-17,Nashik,Nashik Block-1,Nashik Block-1 Village-4,sheep,1,0,3,38.1,Farmer requested urgent visit.,False,False,False,True,False,False,False,True,False,False,False,False,0.0,LOW
1911,2026-06-17,Nagpur,Nagpur Block-2,Nagpur Block-2 Village-4,buffalo,2,0,9,,,False,False,True,False,False,False,False,False,False,False,False,False,0.0,LOW
1912,2026-06-17,Sambhajinagar,Sambhajinagar Block-2,Sambhajinagar Block-2 Village-1,cattle,3,0,4,39.0,Animals isolated as precaution.,False,False,False,False,False,True,False,False,False,False,False,False,0.0,LOW
1913,2026-06-18,Amravati,Amravati Block-2,Amravati Block-2 Village-3,cattle,4,0,3,,,False,False,False,False,False,False,False,False,False,False,False,True,0.0,MEDIUM
1914,2026-06-18,Nagpur,Nagpur Block-1,Nagpur Block-1 Village-4,goat,1,0,7,37.9,,False,False,False,True,False,False,False,False,False,False,False,False,0.0,LOW
1915,2026-06-18,Kolhapur,Kolhapur Block-3,Kolhapur Block-3 Village-2,buffalo,4,0,8,39.6,Similar cases seen in neighbouring herd.,True,False,True,False,False,False,False,False,False,False,False,False,0.0,LOW
1916,2026-06-18,Kolhapur,Kolhapur Block-2,Kolhapur Block-2 Village-4,poultry,4,1,6,,,True,True,False,False,True,False,False,False,False,False,False,False,0.25,LOW
1917,2026-06-18,Nagpur,Nagpur Block-1,Nagpur Block-1 Village-4,goat,2,0,5,,Farmer requested urgent visit.,False,False,True,True,False,False,False,False,False,False,False,False,0.0,LOW
1918,2026-06-18,Kolhapur,Kolhapur Block-2,Kolhapur Block-2 Village-3,cattle,4,0,6,40.0,Farmer requested urgent visit.,True,False,True,True,False,False,False,False,True,False,False,True,0.0,MEDIUM
1919,2026-06-18,Sambhajinagar,Sambhajinagar Block-2,Sambhajinagar Block-2 Village-5,cattle,5,1,5,40.6,,True,False,False,False,False,False,False,False,False,False,False,False,0.2,LOW
1920,2026-06-18,Pune,Pune Block-3,Pune Block-3 Village-2,buffalo,2,0,3,38.9,Animals isolated as precaution.,False,True,False,False,True,True,True,True,True,False,False,False,0.0,LOW
1921,2026-06-18,Sambhajinagar,Sambhajinagar Block-2,Sambhajinagar Block-2 Village-4,goat,2,0,1,,Farmer requested urgent visit.,False,False,False,False,False,False,False,False,True,False,False,False,0.0,LOW
1922,2026-06-18,Amravati,Amravati Block-3,Amravati Block-3 Village-3,sheep,4,0,7,,Similar cases seen in neighbouring herd.,True,True,True,True,False,False,False,False,False,False,False,False,0.0,LOW
1923,2026-06-18,Nagpur,Nagpur Block-2,Nagpur Block-2 Village-2,buffalo,3,0,9,,,True,False,False,False,False,True,False,False,False,True,False,False,0.0,LOW
1924,2026-06-18,Nashik,Nashik Block-3,Nashik Block-3 Village-2,cattle,2,0,9,41.5,Similar cases seen in neighbouring herd.,True,True,False,True,False,True,False,False,True,False,False,False,0.0,LOW
1925,2026-06-18,Amravati,Amravati Block-1,Amravati Block-1 Village-4,cattle,1,0,4,38.7,,False,False,False,False,False,False,True,True,False,False,False,False,0.0,LOW
1926,2026-06-18,Pune,Pune Block-3,Pune Block-3 Village-3,goat,4,0,7,,Farmer requested urgent visit.,False,False,True,False,False,False,False,False,True,False,False,False,0.0,LOW
1927,2026-06-18,Nashik,Nashik Block-2,Nashik Block-2 Village-3,goat,4,0,7,37.9,Similar cases seen in neighbouring herd.,False,False,True,True,False,False,False,True,False,False,False,False,0.0,LOW
1928,2026-06-18,Kolhapur,Kolhapur Block-3,Kolhapur Block-3 Village-2,sheep,2,0,5,,Farmer requested urgent visit.,True,False,False,False,False,False,True,True,False,False,False,False,0.0,LOW
1929,2026-06-18,Kolhapur,Kolhapur Block-2,Kolhapur Block-2 Village-3,sheep,2,0,1,,,False,False,True,True,False,False,False,True,False,False,False,False,0.0,LOW
1930,2026-06-18,Pune,Pune Block-3,Pune Block-3 Village-1,poultry,3,0,5,40.3,,True,True,False,False,False,False,True,False,True,True,False,False,0.0,LOW
1931,2026-06-18,Amravati,Amravati Block-2,Amravati Block-2 Village-1,cattle,1,0,9,,Farmer requested urgent visit.,False,False,False,False,False,False,True,False,False,False,False,False,0.0,LOW
1932,2026-06-18,Nashik,Nashik Block-3,Nashik Block-3 Village-5,goat,1,0,9,,Reported by local field worker.,False,True,False,False,False,True,False,False,False,False,False,False,0.0,LOW
1933,2026-06-18,Pune,Pune Block-3,Pune Block-3 Village-2,poultry,4,0,2,37.8,,False,False,False,False,False,False,True,False,False,True,False,False,0.0,LOW
1934,2026-06-18,Amravati,Amravati Block-3,Amravati Block-3 Village-1,goat,3,0,6,,Animals isolated as precaution.,False,False,False,False,False,False,False,False,False,True,False,False,0.0,LOW
1935,2026-06-18,Sambhajinagar,Sambhajinagar Block-2,Sambhajinagar Block-2 Village-1,goat,21,6,2,39.4,Reported by local field worker.,True,True,False,True,True,False,False,False,False,False,False,False,0.286,MEDIUM
1936,2026-06-18,Amravati,Amravati Block-3,Amravati Block-3 Village-3,cattle,8,0,5,,Similar cases seen in neighbouring herd.,True,True,False,False,True,False,False,False,False,False,False,False,0.0,LOW
1937,2026-06-18,Sambhajinagar,Sambhajinagar Block-1,Sambhajinagar Block-1 Village-1,sheep,1,0,4,40.9,Similar cases seen in neighbouring herd.,True,True,True,False,False,False,False,False,False,False,False,False,0.0,LOW
1938,2026-06-18,Kolhapur,Kolhapur Block-3,Kolhapur Block-3 Village-4,sheep,13,4,1,41.2,,True,False,True,True,False,False,False,False,True,False,False,False,0.308,MEDIUM
1939,2026-06-18,Nashik,Nashik Block-1,Nashik Block-1 Village-3,goat,2,0,2,38.7,Animals isolated as precaution.,False,False,True,False,False,True,False,False,False,False,False,False,0.0,LOW
1940,2026-06-18,Nagpur,Nagpur Block-3,Nagpur Block-3 Village-2,sheep,1,0,6,37.9,,False,False,True,False,True,True,False,False,False,False,False,False,0.0,LOW
1941,2026-06-18,Amravati,Amravati Block-1,Amravati Block-1 Village-3,sheep,4,0,9,38.2,Similar cases seen in neighbouring herd.,False,False,False,False,False,True,True,False,False,False,True,False,0.0,LOW
1942,2026-06-18,Nashik,Nashik Block-2,Nashik Block-2 Village-4,sheep,3,0,3,39.8,Farmer requested urgent visit.,True,True,False,False,False,False,True,False,False,False,False,False,0.0,LOW
1943,2026-06-18,Pune,Pune Block-2,Pune Block-2 Village-3,goat,5,0,2,41.0,Reported by local field worker.,True,True,False,False,True,False,False,False,False,False,False,False,0.0,LOW
1944,2026-06-18,Nashik,Nashik Block-3,Nashik Block-3 Village-5,poultry,9,2,3,40.8,,True,False,True,False,False,False,False,False,True,False,False,False,0.222,MEDIUM
1945,2026-06-18,Kolhapur,Kolhapur Block-1,Kolhapur Block-1 Village-1,goat,3,0,1,,,False,False,False,False,True,False,False,False,False,False,False,False,0.0,LOW
1946,2026-06-18,Kolhapur,Kolhapur Block-1,Kolhapur Block-1 Village-4,sheep,2,0,4,38.6,Animals isolated as precaution.,False,False,False,True,False,False,False,False,False,False,False,False,0.0,LOW
1947,2026-06-18,Nagpur,Nagpur Block-3,Nagpur Block-3 Village-3,goat,2,0,1,38.4,,False,False,False,True,False,False,False,False,False,False,False,False,0.0,LOW
1948,2026-06-18,Pune,Pune Block-3,Pune Block-3 Village-4,buffalo,1,0,3,38.8,Similar cases seen in neighbouring herd.,False,False,True,False,False,False,True,False,False,False,False,False,0.0,LOW
1949,2026-06-18,Kolhapur,Kolhapur Block-2,Kolhapur Block-2 Village-5,sheep,9,4,1,40.0,,True,False,True,True,True,False,False,False,False,False,False,False,0.444,MEDIUM
1950,2026-06-18,Nagpur,Nagpur Block-2,Nagpur Block-2 Village-2,goat,3,0,9,,,True,False,False,False,False,True,False,False,False,False,False,False,0.0,LOW
1951,2026-06-18,Pune,Pune Block-3,Pune Block-3 Village-4,buffalo,3,0,4,,Reported by local field worker.,False,False,False,False,False,False,False,False,False,False,False,True,0.0,MEDIUM
1952,2026-06-18,Amravati,Amravati Block-1,Amravati Block-1 Village-2,cattle,2,0,1,,Farmer requested urgent visit.,False,True,False,False,False,False,False,False,False,False,False,False,0.0,LOW
1953,2026-06-18,Nashik,Nashik Block-3,Nashik Block-3 Village-2,cattle,2,0,7,38.0,Similar cases seen in neighbouring herd.,False,False,False,True,True,True,False,False,False,False,False,True,0.0,LOW
1954,2026-06-18,Kolhapur,Kolhapur Block-2,Kolhapur Block-2 Village-5,goat,3,0,9,40.0,,True,False,False,False,False,False,False,True,False,False,False,False,0.0,LOW
1955,2026-06-18,Nashik,Nashik Block-3,Nashik Block-3 Village-1,cattle,6,0,2,,,False,False,True,False,True,False,False,False,False,False,False,False,0.0,LOW
1956,2026-06-18,Nashik,Nashik Block-2,Nashik Block-2 Village-4,sheep,4,0,3,38.0,Animals isolated as precaution.,False,False,False,False,True,False,False,False,True,False,False,False,0.0,LOW
1957,2026-06-18,Nagpur,Nagpur Block-1,Nagpur Block-1 Village-2,cattle,2,0,1,,Similar cases seen in neighbouring herd.,True,True,False,False,False,False,False,False,False,False,False,False,0.0,LOW
1958,2026-06-18,Kolhapur,Kolhapur Block-3,Kolhapur Block-3 Village-2,sheep,3,0,5,39.0,Reported by local field worker.,False,True,True,False,False,False,False,False,False,True,False,False,0.0,LOW
1959,2026-06-18,Nagpur,Nagpur Block-3,Nagpur Block-3 Village-4,buffalo,19,6,3,40.4,Farmer requested urgent visit.,True,True,True,True,False,True,True,False,False,False,False,False,0.316,MEDIUM
1960,2026-06-19,Nashik,Nashik Block-2,Nashik Block-2 Village-2,goat,1,0,9,,,True,True,False,False,False,False,False,False,True,False,False,False,0.0,LOW
1961,2026-06-19,Nashik,Nashik Block-2,Nashik Block-2 Village-1,sheep,3,0,9,,,False,True,True,False,False,False,False,False,False,False,False,False,0.0,LOW
1962,2026-06-19,Sambhajinagar,Sambhajinagar Block-2,Sambhajinagar Block-2 Village-3,cattle,4,0,9,,Farmer requested urgent visit.,False,False,False,False,False,True,False,True,False,False,False,False,0.0,LOW
1963,2026-06-19,Nagpur,Nagpur Block-3,Nagpur Block-3 Village-5,goat,4,0,3,39.5,Animals isolated as precaution.,True,True,False,True,False,False,False,False,False,False,False,False,0.0,LOW
1964,2026-06-19,Nashik,Nashik Block-3,Nashik Block-3 Village-1,goat,2,0,6,40.4,,True,True,True,True,True,False,False,False,False,True,False,False,0.0,LOW
1965,2026-06-19,Kolhapur,Kolhapur Block-2,Kolhapur Block-2 Village-5,poultry,3,0,1,39.4,,True,False,True,False,False,True,False,False,True,False,False,False,0.0,LOW
1966,2026-06-19,Pune,Pune Block-1,Pune Block-1 Village-5,poultry,5,2,3,40.6,,True,True,False,True,True,False,True,False,True,True,False,False,0.4,HIGH
1967,2026-06-19,Pune,Pune Block-1,Pune Block-1 Village-4,poultry,2,0,2,38.3,Farmer requested urgent visit.,False,False,True,False,True,True,True,False,False,False,False,False,0.0,LOW
1968,2026-06-19,Sambhajinagar,Sambhajinagar Block-1,Sambhajinagar Block-1 Village-2,cattle,3,0,6,38.4,,False,False,False,False,False,False,True,False,False,False,False,False,0.0,LOW
1969,2026-06-19,Amravati,Amravati Block-3,Amravati Block-3 Village-4,poultry,6,1,9,39.4,Reported by local field worker.,True,True,False,False,False,True,False,False,False,False,False,False,0.167,LOW
1970,2026-06-19,Kolhapur,Kolhapur Block-3,Kolhapur Block-3 Village-2,buffalo,3,0,1,,,False,False,False,False,False,True,False,False,False,False,False,False,0.0,LOW
1971,2026-06-19,Kolhapur,Kolhapur Block-1,Kolhapur Block-1 Village-5,buffalo,15,3,2,41.0,Animals isolated as precaution.,True,False,False,False,True,False,True,False,False,False,False,False,0.2,MEDIUM
1972,2026-06-19,Amravati,Amravati Block-3,Amravati Block-3 Village-3,cattle,5,1,6,,Farmer requested urgent visit.,True,False,False,False,False,False,False,False,False,False,False,False,0.2,LOW
1973,2026-06-19,Sambhajinagar,Sambhajinagar Block-3,Sambhajinagar Block-3 Village-5,poultry,2,0,5,38.3,Animals isolated as precaution.,False,False,False,False,False,False,True,False,False,False,False,False,0.0,LOW
1974,2026-06-19,Pune,Pune Block-1,Pune Block-1 Village-3,sheep,3,0,3,38.4,Reported by local field worker.,False,True,False,False,False,False,False,True,False,False,False,False,0.0,LOW
1975,2026-06-19,Sambhajinagar,Sambhajinagar Block-2,Sambhajinagar Block-2 Village-5,poultry,3,0,7,41.5,Reported by local field worker.,True,False,True,False,False,True,False,False,False,False,False,False,0.0,LOW
1976,2026-06-19,Nagpur,Nagpur Block-3,Nagpur Block-3 Village-3,poultry,7,0,5,39.9,Reported by local field worker.,True,False,False,False,True,True,True,False,False,False,False,False,0.0,LOW
1977,2026-06-19,Kolhapur,Kolhapur Block-1,Kolhapur Block-1 Village-2,sheep,3,0,2,38.3,,False,False,False,False,True,False,False,False,False,False,False,False,0.0,LOW
1978,2026-06-19,Amravati,Amravati Block-2,Amravati Block-2 Village-4,sheep,3,0,4,37.9,,False,True,False,False,True,False,True,True,False,False,False,False,0.0,LOW
1979,2026-06-19,Nagpur,Nagpur Block-3,Nagpur Block-3 Village-3,buffalo,4,0,3,39.6,Similar cases seen in neighbouring herd.,True,True,True,True,False,False,False,False,False,False,False,False,0.0,LOW
1980,2026-06-19,Nagpur,Nagpur Block-2,Nagpur Block-2 Village-4,buffalo,2,0,2,39.9,Similar cases seen in neighbouring herd.,True,True,False,False,False,True,False,False,False,False,False,False,0.0,LOW
1981,2026-06-19,Sambhajinagar,Sambhajinagar Block-1,Sambhajinagar Block-1 Village-1,goat,2,0,7,,Similar cases seen in neighbouring herd.,True,False,False,False,False,False,False,False,False,False,False,False,0.0,LOW
1982,2026-06-19,Amravati,Amravati Block-3,Amravati Block-3 Village-1,cattle,2,0,2,,Similar cases seen in neighbouring herd.,True,False,False,True,False,True,False,False,False,False,False,False,0.0,LOW
1983,2026-06-19,Kolhapur,Kolhapur Block-1,Kolhapur Block-1 Village-2,poultry,7,0,5,37.7,Reported by local field worker.,False,False,True,False,True,False,False,False,False,False,False,False,0.0,LOW
1984,2026-06-19,Kolhapur,Kolhapur Block-2,Kolhapur Block-2 Village-5,goat,8,1,3,39.9,,True,True,False,False,False,True,False,False,False,False,False,False,0.125,LOW
1985,2026-06-19,Kolhapur,Kolhapur Block-2,Kolhapur Block-2 Village-3,goat,4,0,8,38.6,Similar cases seen in neighbouring herd.,False,False,False,True,False,False,False,False,False,False,False,False,0.0,LOW
1986,2026-06-19,Amravati,Amravati Block-2,Amravati Block-2 Village-3,goat,3,0,3,,,True,False,True,False,False,True,False,False,False,True,False,False,0.0,LOW
1987,2026-06-19,Nashik,Nashik Block-3,Nashik Block-3 Village-1,sheep,2,0,2,39.7,,True,False,False,False,False,False,False,False,False,False,False,False,0.0,LOW
1988,2026-06-19,Nashik,Nashik Block-1,Nashik Block-1 Village-1,cattle,6,0,9,41.0,,True,False,False,True,False,True,True,False,False,False,False,False,0.0,LOW
1989,2026-06-19,Pune,Pune Block-1,Pune Block-1 Village-5,goat,4,0,8,41.3,Reported by local field worker.,True,False,False,True,False,False,False,False,False,False,False,False,0.0,LOW
1990,2026-06-19,Sambhajinagar,Sambhajinagar Block-3,Sambhajinagar Block-3 Village-2,cattle,8,1,4,,Reported by local field worker.,True,True,False,False,False,False,False,False,False,False,False,False,0.125,LOW
1991,2026-06-19,Amravati,Amravati Block-2,Amravati Block-2 Village-4,sheep,1,0,2,39.5,Similar cases seen in neighbouring herd.,True,False,False,False,False,False,False,False,True,False,False,False,0.0,LOW
1992,2026-06-19,Nagpur,Nagpur Block-2,Nagpur Block-2 Village-2,goat,6,1,2,40.4,,True,False,True,False,True,False,False,False,False,False,False,False,0.167,LOW
1993,2026-06-19,Nashik,Nashik Block-3,Nashik Block-3 Village-2,buffalo,3,0,8,39.1,Farmer requested urgent visit.,False,True,False,True,False,False,False,False,False,False,False,False,0.0,LOW
1994,2026-06-19,Nagpur,Nagpur Block-3,Nagpur Block-3 Village-4,sheep,1,0,9,,Farmer requested urgent visit.,False,False,False,False,False,True,False,False,False,False,False,False,0.0,LOW
1995,2026-06-19,Nashik,Nashik Block-3,Nashik Block-3 Village-2,goat,2,0,8,,,False,False,False,False,True,False,False,False,False,False,False,False,0.0,LOW
1996,2026-06-19,Amravati,Amravati Block-3,Amravati Block-3 Village-2,cattle,4,0,7,38.2,Animals isolated as precaution.,False,True,True,False,False,True,False,False,True,False,False,False,0.0,LOW
1997,2026-06-19,Nashik,Nashik Block-1,Nashik Block-1 Village-5,goat,9,2,3,40.5,Animals isolated as precaution.,True,True,False,False,False,True,True,False,False,False,False,False,0.222,MEDIUM
1998,2026-06-19,Nagpur,Nagpur Block-3,Nagpur Block-3 Village-1,goat,1,0,3,38.6,,False,False,False,True,False,True,False,False,False,True,False,False,0.0,LOW
1999,2026-06-19,Nashik,Nashik Block-3,Nashik Block-3 Village-3,cattle,2,0,6,,,False,False,False,False,False,False,False,False,False,False,True,False,0.0,MEDIUM
2000,2026-06-19,Nashik,Nashik Block-2,Nashik Block-2 Village-4,cattle,4,0,7,40.3,Animals isolated as precaution.,True,False,False,True,False,False,True,False,True,False,False,False,0.0,LOW
2001,2026-06-19,Pune,Pune Block-3,Pune Block-3 Village-4,cattle,1,0,6,,,False,False,True,False,False,False,False,False,False,False,False,False,0.0,LOW
2002,2026-06-19,Amravati,Amravati Block-2,Amravati Block-2 Village-4,sheep,1,0,4,,,True,False,False,False,False,True,True,False,False,False,False,False,0.0,LOW
2003,2026-06-19,Amravati,Amravati Block-3,Amravati Block-3 Village-1,buffalo,2,0,6,41.1,Reported by local field worker.,True,False,False,False,True,False,False,False,False,False,False,False,0.0,LOW
2004,2026-06-19,Nashik,Nashik Block-2,Nashik Block-2 Village-5,goat,3,0,9,40.2,,True,False,False,True,False,False,False,False,False,False,False,True,0.0,LOW
2005,2026-06-19,Nagpur,Nagpur Block-2,Nagpur Block-2 Village-1,goat,14,6,1,,,True,True,True,True,True,False,True,True,True,False,False,False,0.429,HIGH
2006,2026-06-19,Nagpur,Nagpur Block-3,Nagpur Block-3 Village-1,goat,3,0,3,,,True,False,True,True,False,False,False,True,False,False,False,False,0.0,LOW
2007,2026-06-19,Sambhajinagar,Sambhajinagar Block-3,Sambhajinagar Block-3 Village-2,cattle,1,0,8,38.8,,False,True,False,False,False,True,False,False,False,False,False,False,0.0,LOW
2008,2026-06-19,Pune,Pune Block-2,Pune Block-2 Village-2,cattle,4,0,9,38.5,,False,True,False,False,False,True,False,False,False,False,False,False,0.0,LOW
2009,2026-06-19,Nashik,Nashik Block-1,Nashik Block-1 Village-2,goat,2,0,8,39.8,,True,True,True,False,False,False,False,True,False,False,False,False,0.0,LOW
2010,2026-06-19,Nashik,Nashik Block-2,Nashik Block-2 Village-1,goat,2,0,2,40.2,,True,False,False,False,False,False,True,False,False,True,False,False,0.0,LOW
2011,2026-06-20,Sambhajinagar,Sambhajinagar Block-3,Sambhajinagar Block-3 Village-4,goat,3,0,7,39.6,Similar cases seen in neighbouring herd.,True,False,False,False,False,False,False,True,False,False,False,False,0.0,LOW
2012,2026-06-20,Amravati,Amravati Block-2,Amravati Block-2 Village-3,goat,3,0,6,38.5,Similar cases seen in neighbouring herd.,False,False,False,True,False,False,False,False,False,False,True,False,0.0,LOW
2013,2026-06-20,Kolhapur,Kolhapur Block-2,Kolhapur Block-2 Village-3,cattle,9,1,3,39.8,Similar cases seen in neighbouring herd.,True,True,False,False,False,False,False,False,False,False,False,False,0.111,LOW
2014,2026-06-20,Amravati,Amravati Block-1,Amravati Block-1 Village-4,cattle,4,0,4,39.1,Similar cases seen in neighbouring herd.,False,False,False,False,False,False,False,False,False,True,False,False,0.0,LOW
2015,2026-06-20,Amravati,Amravati Block-2,Amravati Block-2 Village-4,cattle,2,0,4,39.1,,False,True,False,False,False,True,False,False,False,False,False,False,0.0,LOW
2016,2026-06-20,Nagpur,Nagpur Block-3,Nagpur Block-3 Village-5,cattle,7,1,1,,Reported by local field worker.,True,False,True,True,True,False,False,False,False,False,False,False,0.143,LOW
2017,2026-06-20,Nagpur,Nagpur Block-1,Nagpur Block-1 Village-2,cattle,1,0,1,38.4,Reported by local field worker.,False,False,False,False,False,True,False,False,False,False,False,False,0.0,LOW
2018,2026-06-20,Kolhapur,Kolhapur Block-1,Kolhapur Block-1 Village-5,cattle,8,2,8,39.4,,True,False,True,False,False,False,False,False,False,False,False,False,0.25,MEDIUM
2019,2026-06-20,Amravati,Amravati Block-3,Amravati Block-3 Village-5,goat,4,0,4,40.1,,True,False,False,True,False,True,True,False,True,False,False,False,0.0,LOW
2020,2026-06-20,Sambhajinagar,Sambhajinagar Block-1,Sambhajinagar Block-1 Village-3,poultry,2,0,8,40.9,Farmer requested urgent visit.,True,True,False,False,False,True,False,False,True,False,False,False,0.0,LOW
2021,2026-06-20,Sambhajinagar,Sambhajinagar Block-3,Sambhajinagar Block-3 Village-1,buffalo,4,0,9,39.5,Animals isolated as precaution.,True,False,False,False,False,False,False,False,False,False,False,False,0.0,LOW
2022,2026-06-20,Nashik,Nashik Block-2,Nashik Block-2 Village-5,cattle,6,1,1,38.2,Similar cases seen in neighbouring herd.,False,True,False,False,False,False,False,False,False,False,False,False,0.167,LOW
2023,2026-06-20,Kolhapur,Kolhapur Block-3,Kolhapur Block-3 Village-3,buffalo,1,0,6,39.0,Reported by local field worker.,False,False,False,True,False,False,False,False,False,False,True,False,0.0,MEDIUM
2024,2026-06-20,Nagpur,Nagpur Block-2,Nagpur Block-2 Village-2,cattle,1,0,5,,,False,False,True,False,False,False,False,False,False,False,False,False,0.0,LOW
2025,2026-06-20,Kolhapur,Kolhapur Block-3,Kolhapur Block-3 Village-4,goat,2,0,5,41.2,Similar cases seen in neighbouring herd.,True,False,False,False,False,False,False,False,False,False,False,False,0.0,LOW
2026,2026-06-20,Amravati,Amravati Block-1,Amravati Block-1 Village-5,goat,8,2,5,40.6,Farmer requested urgent visit.,True,True,False,True,False,False,False,False,False,False,False,False,0.25,LOW
2027,2026-06-20,Kolhapur,Kolhapur Block-1,Kolhapur Block-1 Village-5,cattle,4,0,9,,Animals isolated as precaution.,False,True,False,False,True,True,False,False,False,False,False,False,0.0,LOW
2028,2026-06-20,Kolhapur,Kolhapur Block-2,Kolhapur Block-2 Village-4,cattle,16,7,1,40.2,,True,True,True,True,False,True,True,True,True,False,True,False,0.438,HIGH
2029,2026-06-20,Amravati,Amravati Block-3,Amravati Block-3 Village-4,sheep,3,0,4,,Farmer requested urgent visit.,False,True,True,True,False,True,False,False,False,False,False,False,0.0,LOW
2030,2026-06-20,Pune,Pune Block-1,Pune Block-1 Village-2,buffalo,1,0,1,,,False,False,False,False,False,True,False,False,False,False,False,False,0.0,LOW
2031,2026-06-20,Nagpur,Nagpur Block-1,Nagpur Block-1 Village-3,cattle,1,0,1,,,False,False,False,False,False,False,False,False,False,False,False,True,0.0,MEDIUM
2032,2026-06-20,Nagpur,Nagpur Block-1,Nagpur Block-1 Village-4,goat,1,0,5,38.1,Reported by local field worker.,False,False,False,False,False,True,False,False,False,False,False,False,0.0,LOW
2033,2026-06-20,Amravati,Amravati Block-1,Amravati Block-1 Village-2,sheep,4,0,4,,,False,False,False,False,False,False,False,False,False,False,True,False,0.0,MEDIUM
2034,2026-06-20,Nagpur,Nagpur Block-1,Nagpur Block-1 Village-3,poultry,3,0,7,37.9,,False,True,False,False,False,False,False,False,False,False,False,False,0.0,LOW
2035,2026-06-20,Kolhapur,Kolhapur Block-3,Kolhapur Block-3 Village-2,cattle,2,0,4,,Reported by local field worker.,False,False,False,False,False,False,False,False,True,False,False,False,0.0,LOW
2036,2026-06-20,Sambhajinagar,Sambhajinagar Block-2,Sambhajinagar Block-2 Village-1,buffalo,5,1,2,37.9,,False,True,True,True,False,False,False,False,True,False,False,False,0.2,LOW
2037,2026-06-20,Pune,Pune Block-1,Pune Block-1 Village-3,cattle,2,0,6,,,True,False,False,False,False,True,False,False,False,False,True,False,0.0,LOW
2038,2026-06-20,Nashik,Nashik Block-1,Nashik Block-1 Village-1,sheep,8,2,8,40.9,Reported by local field worker.,True,False,False,False,True,False,True,False,False,False,False,True,0.25,HIGH
2039,2026-06-20,Pune,Pune Block-1,Pune Block-1 Village-4,cattle,4,0,4,38.9,Reported by local field worker.,False,True,False,False,False,False,False,False,True,False,False,False,0.0,LOW
2040,2026-06-20,Nagpur,Nagpur Block-2,Nagpur Block-2 Village-2,buffalo,1,0,5,39.4,,True,False,False,True,False,True,False,False,False,False,False,False,0.0,LOW
2041,2026-06-20,Kolhapur,Kolhapur Block-1,Kolhapur Block-1 Village-2,goat,1,0,9,38.4,,False,False,False,False,False,False,False,True,False,False,False,False,0.0,LOW
2042,2026-06-20,Amravati,Amravati Block-1,Amravati Block-1 Village-2,goat,12,3,2,,,True,True,False,True,False,True,False,False,False,False,False,False,0.25,LOW
2043,2026-06-20,Kolhapur,Kolhapur Block-3,Kolhapur Block-3 Village-1,goat,1,0,8,38.5,,False,True,False,False,False,True,False,False,False,False,False,False,0.0,LOW
2044,2026-06-20,Pune,Pune Block-2,Pune Block-2 Village-1,sheep,3,0,3,,,False,False,True,False,False,False,False,False,False,False,False,False,0.0,LOW
2045,2026-06-20,Sambhajinagar,Sambhajinagar Block-1,Sambhajinagar Block-1 Village-5,goat,2,0,7,38.6,Similar cases seen in neighbouring herd.,False,True,False,False,True,False,True,True,False,False,False,False,0.0,LOW
2046,2026-06-20,Kolhapur,Kolhapur Block-1,Kolhapur Block-1 Village-3,cattle,3,0,3,38.2,Farmer requested urgent visit.,False,False,False,False,False,False,False,False,True,False,False,False,0.0,LOW
2047,2026-06-20,Nashik,Nashik Block-3,Nashik Block-3 Village-5,goat,9,1,6,,Animals isolated as precaution.,False,False,False,True,False,False,False,False,False,False,False,False,0.111,LOW
2048,2026-06-20,Nagpur,Nagpur Block-2,Nagpur Block-2 Village-3,buffalo,4,0,3,38.9,Similar cases seen in neighbouring herd.,False,False,False,True,True,False,False,False,False,True,False,False,0.0,LOW
2049,2026-06-20,Nashik,Nashik Block-3,Nashik Block-3 Village-3,cattle,1,0,8,39.4,Reported by local field worker.,True,False,True,True,True,False,True,False,False,False,False,False,0.0,LOW
2050,2026-06-20,Nagpur,Nagpur Block-1,Nagpur Block-1 Village-3,buffalo,4,0,4,,Farmer requested urgent visit.,False,True,False,True,False,False,False,False,False,False,False,False,0.0,LOW
2051,2026-06-21,Nagpur,Nagpur Block-3,Nagpur Block-3 Village-5,goat,15,7,3,40.2,Animals isolated as precaution.,True,True,True,True,False,True,False,False,True,False,False,False,0.467,HIGH
2052,2026-06-21,Kolhapur,Kolhapur Block-3,Kolhapur Block-3 Village-1,buffalo,3,0,2,39.0,Reported by local field worker.,False,False,False,False,False,False,False,False,False,False,False,True,0.0,MEDIUM
2053,2026-06-21,Pune,Pune Block-3,Pune Block-3 Village-5,buffalo,3,0,4,,Similar cases seen in neighbouring herd.,False,False,False,False,False,True,False,False,False,False,False,False,0.0,LOW
2054,2026-06-21,Sambhajinagar,Sambhajinagar Block-2,Sambhajinagar Block-2 Village-2,goat,1,0,5,,Similar cases seen in neighbouring herd.,False,True,False,False,False,False,True,False,False,False,False,False,0.0,LOW
2055,2026-06-21,Sambhajinagar,Sambhajinagar Block-3,Sambhajinagar Block-3 Village-2,poultry,2,0,2,,Farmer requested urgent visit.,False,True,False,False,False,False,False,False,False,True,False,False,0.0,LOW
2056,2026-06-21,Kolhapur,Kolhapur Block-2,Kolhapur Block-2 Village-3,sheep,4,0,4,,Farmer requested urgent visit.,False,False,True,False,False,False,False,False,False,False,False,False,0.0,LOW
2057,2026-06-21,Kolhapur,Kolhapur Block-2,Kolhapur Block-2 Village-2,cattle,1,0,8,38.0,,False,False,False,False,False,True,False,False,False,False,False,False,0.0,LOW
2058,2026-06-21,Nashik,Nashik Block-2,Nashik Block-2 Village-5,cattle,3,0,7,,Similar cases seen in neighbouring herd.,True,False,False,False,False,False,False,False,False,False,False,False,0.0,LOW
2059,2026-06-21,Kolhapur,Kolhapur Block-2,Kolhapur Block-2 Village-1,sheep,4,0,4,38.8,,False,False,False,False,False,False,False,False,True,False,False,False,0.0,LOW
2060,2026-06-21,Nashik,Nashik Block-1,Nashik Block-1 Village-2,poultry,2,0,2,,,False,False,False,False,True,True,False,False,True,False,False,False,0.0,LOW
2061,2026-06-21,Pune,Pune Block-1,Pune Block-1 Village-5,cattle,3,0,5,40.9,Animals isolated as precaution.,True,False,False,True,False,False,True,False,False,False,False,False,0.0,LOW
2062,2026-06-21,Kolhapur,Kolhapur Block-2,Kolhapur Block-2 Village-3,cattle,4,0,2,40.4,Similar cases seen in neighbouring herd.,True,True,False,True,False,False,False,False,False,False,False,False,0.0,LOW
2063,2026-06-21,Sambhajinagar,Sambhajinagar Block-3,Sambhajinagar Block-3 Village-3,cattle,3,0,1,39.1,,False,True,False,False,False,False,False,False,False,False,False,False,0.0,LOW
2064,2026-06-21,Nashik,Nashik Block-1,Nashik Block-1 Village-5,sheep,3,0,2,38.0,,False,False,True,False,False,False,False,False,False,False,False,False,0.0,LOW
2065,2026-06-21,Nagpur,Nagpur Block-1,Nagpur Block-1 Village-4,goat,2,0,5,40.8,Farmer requested urgent visit.,True,False,False,False,False,True,False,False,False,False,False,False,0.0,LOW
2066,2026-06-21,Sambhajinagar,Sambhajinagar Block-2,Sambhajinagar Block-2 Village-5,cattle,2,0,9,38.7,Farmer requested urgent visit.,False,False,False,True,True,False,False,False,False,False,False,False,0.0,LOW
2067,2026-06-21,Nashik,Nashik Block-2,Nashik Block-2 Village-2,cattle,1,0,8,40.9,,True,False,False,True,False,True,False,False,False,False,False,False,0.0,LOW
2068,2026-06-21,Nashik,Nashik Block-2,Nashik Block-2 Village-3,goat,4,0,7,37.8,,False,False,False,False,False,False,False,False,False,False,True,False,0.0,LOW
2069,2026-06-21,Nagpur,Nagpur Block-1,Nagpur Block-1 Village-4,buffalo,4,1,2,,Animals isolated as precaution.,True,True,True,False,False,True,False,False,False,False,False,False,0.25,LOW
2070,2026-06-21,Amravati,Amravati Block-2,Amravati Block-2 Village-2,cattle,1,0,7,38.3,Similar cases seen in neighbouring herd.,False,False,False,False,False,False,False,True,False,False,False,False,0.0,LOW
2071,2026-06-21,Amravati,Amravati Block-2,Amravati Block-2 Village-3,buffalo,3,0,7,40.8,,True,True,False,False,False,False,False,False,False,False,False,False,0.0,LOW
2072,2026-06-21,Amravati,Amravati Block-3,Amravati Block-3 Village-2,sheep,9,2,9,40.0,Farmer requested urgent visit.,True,False,False,False,False,True,False,False,False,False,False,False,0.222,LOW
2073,2026-06-21,Amravati,Amravati Block-3,Amravati Block-3 Village-4,goat,2,0,7,,,False,False,False,True,False,False,False,False,False,False,False,False,0.0,LOW
2074,2026-06-21,Nagpur,Nagpur Block-2,Nagpur Block-2 Village-4,goat,23,7,3,,,True,True,True,True,False,False,False,False,True,False,False,False,0.304,MEDIUM
2075,2026-06-21,Pune,Pune Block-1,Pune Block-1 Village-4,goat,3,0,3,38.7,Animals isolated as precaution.,False,False,True,False,False,False,False,False,False,False,False,False,0.0,LOW
2076,2026-06-21,Kolhapur,Kolhapur Block-2,Kolhapur Block-2 Village-4,cattle,4,0,6,,,False,False,False,False,False,True,False,False,False,False,False,False,0.0,LOW
2077,2026-06-21,Nashik,Nashik Block-1,Nashik Block-1 Village-1,goat,4,0,8,,Farmer requested urgent visit.,True,False,False,False,False,False,True,False,False,False,False,False,0.0,LOW
2078,2026-06-21,Nashik,Nashik Block-2,Nashik Block-2 Village-5,cattle,6,1,3,38.6,,False,False,False,False,True,False,False,False,False,False,False,False,0.167,LOW
2079,2026-06-21,Nashik,Nashik Block-1,Nashik Block-1 Village-3,cattle,2,0,1,38.7,Farmer requested urgent visit.,False,False,False,False,False,False,True,False,False,False,False,False,0.0,LOW
2080,2026-06-21,Nagpur,Nagpur Block-3,Nagpur Block-3 Village-5,cattle,5,1,5,39.6,Animals isolated as precaution.,True,True,True,False,True,True,True,False,False,False,False,False,0.2,LOW
2081,2026-06-21,Pune,Pune Block-1,Pune Block-1 Village-4,goat,1,0,6,,,False,False,True,True,True,False,False,False,False,False,False,False,0.0,LOW
2082,2026-06-21,Kolhapur,Kolhapur Block-3,Kolhapur Block-3 Village-1,buffalo,1,0,1,41.1,Animals isolated as precaution.,True,False,True,False,True,False,False,False,False,False,False,False,0.0,LOW
2083,2026-06-21,Nashik,Nashik Block-1,Nashik Block-1 Village-1,cattle,2,0,4,,Animals isolated as precaution.,False,True,False,True,True,False,False,False,False,False,False,False,0.0,LOW
2084,2026-06-21,Kolhapur,Kolhapur Block-2,Kolhapur Block-2 Village-3,cattle,4,0,3,39.1,,False,False,False,True,False,False,False,False,False,False,False,False,0.0,LOW
2085,2026-06-21,Kolhapur,Kolhapur Block-1,Kolhapur Block-1 Village-3,goat,1,0,1,40.3,,True,False,False,False,False,True,False,False,False,False,False,False,0.0,LOW
2086,2026-06-21,Sambhajinagar,Sambhajinagar Block-2,Sambhajinagar Block-2 Village-4,buffalo,3,0,1,,Similar cases seen in neighbouring herd.,True,False,False,True,True,False,False,False,False,False,False,False,0.0,LOW
2087,2026-06-21,Kolhapur,Kolhapur Block-3,Kolhapur Block-3 Village-4,cattle,3,0,5,37.7,,False,False,False,False,True,False,False,False,False,False,False,False,0.0,LOW
2088,2026-06-21,Nashik,Nashik Block-2,Nashik Block-2 Village-1,cattle,4,0,3,38.7,,False,False,False,False,True,False,False,False,False,False,False,False,0.0,LOW
2089,2026-06-21,Pune,Pune Block-2,Pune Block-2 Village-2,cattle,4,0,5,38.3,,False,False,False,False,True,False,False,False,False,False,False,False,0.0,LOW
2090,2026-06-21,Sambhajinagar,Sambhajinagar Block-3,Sambhajinagar Block-3 Village-3,goat,4,0,3,37.8,,False,False,False,True,True,False,False,False,False,False,False,False,0.0,LOW
2091,2026-06-21,Pune,Pune Block-3,Pune Block-3 Village-1,cattle,4,0,4,40.0,Farmer requested urgent visit.,True,False,True,False,False,False,True,False,False,False,False,False,0.0,LOW
2092,2026-06-21,Kolhapur,Kolhapur Block-3,Kolhapur Block-3 Village-4,cattle,2,0,5,,Farmer requested urgent visit.,False,False,False,False,False,True,True,False,False,False,False,False,0.0,LOW
2093,2026-06-22,Nagpur,Nagpur Block-3,Nagpur Block-3 Village-5,buffalo,21,10,1,,,True,True,False,True,True,True,True,False,False,False,False,False,0.476,HIGH
2094,2026-06-22,Nagpur,Nagpur Block-3,Nagpur Block-3 Village-5,cattle,5,0,3,41.3,Similar cases seen in neighbouring herd.,True,False,True,False,False,True,False,False,False,False,False,False,0.0,LOW
2095,2026-06-22,Nagpur,Nagpur Block-3,Nagpur Block-3 Village-5,sheep,15,5,1,40.9,,True,True,True,True,True,True,True,False,False,True,True,False,0.333,HIGH
2096,2026-06-22,Amravati,Amravati Block-2,Amravati Block-2 Village-5,sheep,3,0,5,,,True,False,False,False,False,False,False,False,False,False,False,False,0.0,LOW
2097,2026-06-22,Sambhajinagar,Sambhajinagar Block-3,Sambhajinagar Block-3 Village-5,cattle,2,0,3,,Similar cases seen in neighbouring herd.,True,False,False,False,False,False,False,False,False,False,False,False,0.0,LOW
2098,2026-06-22,Kolhapur,Kolhapur Block-1,Kolhapur Block-1 Village-1,poultry,2,0,7,38.6,,False,False,False,False,False,True,False,False,False,False,False,False,0.0,LOW
2099,2026-06-22,Nagpur,Nagpur Block-1,Nagpur Block-1 Village-3,goat,9,2,6,40.2,,True,False,False,True,False,False,True,False,False,False,False,False,0.222,LOW
2100,2026-06-22,Sambhajinagar,Sambhajinagar Block-3,Sambhajinagar Block-3 Village-2,goat,3,0,8,38.0,,False,False,True,False,False,False,False,False,False,False,False,False,0.0,LOW
2101,2026-06-22,Pune,Pune Block-2,Pune Block-2 Village-5,sheep,3,0,9,,Similar cases seen in neighbouring herd.,True,False,False,False,True,True,False,False,True,False,False,False,0.0,LOW
2102,2026-06-22,Sambhajinagar,Sambhajinagar Block-1,Sambhajinagar Block-1 Village-4,buffalo,6,1,4,41.2,Similar cases seen in neighbouring herd.,True,False,False,False,False,False,True,False,False,False,False,False,0.167,LOW
2103,2026-06-22,Kolhapur,Kolhapur Block-3,Kolhapur Block-3 Village-3,cattle,3,0,3,38.9,,False,False,False,False,False,True,False,False,False,False,False,False,0.0,LOW
2104,2026-06-22,Sambhajinagar,Sambhajinagar Block-3,Sambhajinagar Block-3 Village-4,goat,1,0,3,40.0,Animals isolated as precaution.,True,False,True,False,True,False,False,False,False,False,False,False,0.0,LOW
2105,2026-06-22,Nashik,Nashik Block-1,Nashik Block-1 Village-3,buffalo,2,0,6,38.9,Animals isolated as precaution.,False,True,True,False,False,False,False,False,False,False,False,False,0.0,LOW
2106,2026-06-22,Nagpur,Nagpur Block-2,Nagpur Block-2 Village-3,poultry,1,0,4,40.2,Similar cases seen in neighbouring herd.,True,False,False,True,False,False,False,False,False,False,False,False,0.0,LOW
2107,2026-06-22,Pune,Pune Block-3,Pune Block-3 Village-2,goat,1,0,2,39.1,Farmer requested urgent visit.,False,False,False,False,False,False,False,False,False,False,True,False,0.0,LOW
2108,2026-06-22,Nashik,Nashik Block-3,Nashik Block-3 Village-1,goat,9,1,3,,,True,False,True,False,False,True,False,False,False,False,False,False,0.111,LOW
2109,2026-06-22,Kolhapur,Kolhapur Block-3,Kolhapur Block-3 Village-3,cattle,1,0,6,,,False,False,False,False,False,False,False,True,False,False,False,False,0.0,LOW
2110,2026-06-22,Pune,Pune Block-2,Pune Block-2 Village-4,cattle,3,0,6,39.7,Similar cases seen in neighbouring herd.,True,True,False,False,True,False,False,False,False,False,False,False,0.0,LOW
2111,2026-06-22,Sambhajinagar,Sambhajinagar Block-3,Sambhajinagar Block-3 Village-4,goat,2,0,8,41.3,Reported by local field worker.,True,False,True,False,False,False,False,False,False,False,False,False,0.0,LOW
2112,2026-06-22,Kolhapur,Kolhapur Block-2,Kolhapur Block-2 Village-2,buffalo,3,0,8,41.2,Reported by local field worker.,True,False,False,False,False,False,False,False,False,False,False,False,0.0,LOW
2113,2026-06-22,Pune,Pune Block-2,Pune Block-2 Village-4,goat,3,0,6,40.7,Farmer requested urgent visit.,True,True,True,False,True,False,False,False,False,False,False,False,0.0,LOW
2114,2026-06-22,Nagpur,Nagpur Block-3,Nagpur Block-3 Village-3,buffalo,4,0,2,39.2,Similar cases seen in neighbouring herd.,False,False,False,False,True,False,False,False,False,False,False,False,0.0,LOW
2115,2026-06-22,Nashik,Nashik Block-3,Nashik Block-3 Village-2,buffalo,9,2,6,37.6,,False,False,False,True,False,False,False,False,False,True,False,False,0.222,MEDIUM
2116,2026-06-22,Amravati,Amravati Block-2,Amravati Block-2 Village-3,cattle,3,0,4,41.3,Farmer requested urgent visit.,True,True,False,True,True,False,False,False,False,False,False,False,0.0,LOW
2117,2026-06-22,Kolhapur,Kolhapur Block-2,Kolhapur Block-2 Village-4,goat,5,0,5,,,True,False,False,True,False,True,False,False,False,False,False,False,0.0,LOW
2118,2026-06-22,Pune,Pune Block-3,Pune Block-3 Village-4,sheep,3,0,1,37.9,Reported by local field worker.,False,False,False,True,False,False,False,False,False,False,False,False,0.0,LOW
2119,2026-06-22,Sambhajinagar,Sambhajinagar Block-1,Sambhajinagar Block-1 Village-4,buffalo,1,0,5,38.9,,False,False,False,True,False,True,True,False,False,False,False,False,0.0,LOW
2120,2026-06-22,Nashik,Nashik Block-3,Nashik Block-3 Village-5,buffalo,2,0,1,40.6,Animals isolated as precaution.,True,False,False,True,True,False,False,False,False,False,False,False,0.0,LOW
2121,2026-06-22,Sambhajinagar,Sambhajinagar Block-1,Sambhajinagar Block-1 Village-2,buffalo,6,3,2,40.2,,True,True,True,True,False,False,False,False,False,False,False,True,0.5,HIGH
2122,2026-06-22,Pune,Pune Block-1,Pune Block-1 Village-4,cattle,1,0,2,,,True,False,False,False,False,False,False,False,False,False,False,False,0.0,LOW
2123,2026-06-22,Kolhapur,Kolhapur Block-2,Kolhapur Block-2 Village-5,buffalo,3,0,4,40.5,Farmer requested urgent visit.,True,False,True,False,False,True,False,False,False,False,False,False,0.0,LOW
2124,2026-06-22,Nagpur,Nagpur Block-2,Nagpur Block-2 Village-2,cattle,3,0,8,38.0,Reported by local field worker.,False,False,True,True,False,False,False,False,False,False,False,False,0.0,LOW
2125,2026-06-22,Nagpur,Nagpur Block-1,Nagpur Block-1 Village-2,buffalo,1,0,2,,,False,True,False,False,True,False,False,False,False,False,False,False,0.0,LOW
2126,2026-06-22,Nashik,Nashik Block-2,Nashik Block-2 Village-5,buffalo,2,0,5,40.9,,True,False,False,False,True,False,False,False,False,False,False,False,0.0,LOW
2127,2026-06-22,Sambhajinagar,Sambhajinagar Block-3,Sambhajinagar Block-3 Village-2,buffalo,5,0,3,,,True,False,False,False,False,True,False,False,False,False,False,False,0.0,LOW
2128,2026-06-22,Pune,Pune Block-1,Pune Block-1 Village-1,goat,3,0,7,39.7,,True,True,False,False,False,False,False,False,False,False,False,False,0.0,LOW
2129,2026-06-22,Kolhapur,Kolhapur Block-2,Kolhapur Block-2 Village-3,goat,6,1,1,,,True,False,False,False,False,True,False,False,False,False,False,False,0.167,LOW
2130,2026-06-22,Pune,Pune Block-2,Pune Block-2 Village-3,goat,3,0,3,40.8,Animals isolated as precaution.,True,False,False,False,True,True,False,False,False,False,False,True,0.0,MEDIUM
2131,2026-06-22,Nagpur,Nagpur Block-1,Nagpur Block-1 Village-2,goat,2,0,3,37.8,Animals isolated as precaution.,False,True,False,False,False,False,False,False,False,False,False,False,0.0,LOW
2132,2026-06-22,Sambhajinagar,Sambhajinagar Block-3,Sambhajinagar Block-3 Village-4,sheep,4,0,6,,,False,False,True,False,True,False,False,False,False,False,False,False,0.0,LOW
2133,2026-06-22,Kolhapur,Kolhapur Block-2,Kolhapur Block-2 Village-1,sheep,3,0,2,39.2,,False,False,False,True,False,False,False,False,False,False,False,False,0.0,LOW
2134,2026-06-22,Kolhapur,Kolhapur Block-3,Kolhapur Block-3 Village-1,buffalo,3,0,9,,,True,False,False,False,True,False,False,False,False,True,False,False,0.0,LOW
2135,2026-06-22,Nagpur,Nagpur Block-3,Nagpur Block-3 Village-1,poultry,1,0,3,,,True,True,False,False,False,False,False,False,False,False,False,False,0.0,LOW
2136,2026-06-22,Amravati,Amravati Block-2,Amravati Block-2 Village-5,cattle,3,0,3,37.7,,False,False,False,False,True,False,True,False,False,True,False,False,0.0,LOW
2137,2026-06-22,Amravati,Amravati Block-2,Amravati Block-2 Village-4,cattle,1,0,7,38.0,,False,True,False,False,False,False,True,True,False,False,False,False,0.0,LOW
2138,2026-06-22,Nashik,Nashik Block-1,Nashik Block-1 Village-4,buffalo,2,0,8,40.5,,True,False,False,False,False,False,False,False,False,False,False,False,0.0,LOW
2139,2026-06-22,Kolhapur,Kolhapur Block-3,Kolhapur Block-3 Village-3,cattle,1,0,2,,Farmer requested urgent visit.,True,False,False,False,False,True,False,False,False,False,False,False,0.0,LOW
2140,2026-06-22,Nagpur,Nagpur Block-3,Nagpur Block-3 Village-2,goat,4,0,9,,Animals isolated as precaution.,True,False,False,True,False,True,False,False,True,False,False,False,0.0,LOW
2141,2026-06-22,Sambhajinagar,Sambhajinagar Block-2,Sambhajinagar Block-2 Village-3,buffalo,2,0,2,38.6,Farmer requested urgent visit.,False,True,False,False,False,False,False,False,False,False,False,False,0.0,LOW
2142,2026-06-22,Kolhapur,Kolhapur Block-3,Kolhapur Block-3 Village-4,goat,2,0,7,38.5,Farmer requested urgent visit.,False,True,False,True,False,True,False,False,False,False,False,False,0.0,LOW
2143,2026-06-22,Sambhajinagar,Sambhajinagar Block-2,Sambhajinagar Block-2 Village-2,cattle,1,0,1,,Reported by local field worker.,False,True,True,False,False,True,True,False,False,False,False,False,0.0,LOW
2144,2026-06-22,Nagpur,Nagpur Block-2,Nagpur Block-2 Village-4,cattle,4,0,2,,,False,True,True,False,False,False,True,False,False,False,False,False,0.0,LOW
2145,2026-06-22,Sambhajinagar,Sambhajinagar Block-2,Sambhajinagar Block-2 Village-4,buffalo,4,0,6,38.8,,False,False,False,False,False,False,False,True,False,False,False,False,0.0,LOW
2146,2026-06-22,Sambhajinagar,Sambhajinagar Block-2,Sambhajinagar Block-2 Village-1,cattle,1,0,6,39.1,Similar cases seen in neighbouring herd.,False,False,False,True,False,False,False,False,False,False,False,False,0.0,LOW
2147,2026-06-22,Amravati,Amravati Block-2,Amravati Block-2 Village-1,buffalo,4,0,4,,Similar cases seen in neighbouring herd.,False,False,False,True,False,False,False,False,False,False,False,False,0.0,LOW
2148,2026-06-23,Sambhajinagar,Sambhajinagar Block-3,Sambhajinagar Block-3 Village-4,goat,4,0,7,37.9,,False,False,False,True,False,False,False,False,False,False,False,False,0.0,LOW
2149,2026-06-23,Sambhajinagar,Sambhajinagar Block-2,Sambhajinagar Block-2 Village-4,cattle,6,1,5,40.4,Farmer requested urgent visit.,True,True,True,True,False,True,True,False,False,False,False,False,0.167,LOW
2150,2026-06-23,Pune,Pune Block-3,Pune Block-3 Village-3,buffalo,2,0,6,38.6,,False,False,True,True,False,False,False,False,False,False,False,False,0.0,LOW
2151,2026-06-23,Kolhapur,Kolhapur Block-1,Kolhapur Block-1 Village-4,sheep,1,0,7,38.8,Farmer requested urgent visit.,False,True,False,False,True,False,True,False,False,False,False,False,0.0,LOW
2152,2026-06-23,Nagpur,Nagpur Block-2,Nagpur Block-2 Village-4,sheep,4,0,4,41.5,Similar cases seen in neighbouring herd.,True,True,False,False,True,False,False,False,True,False,False,False,0.0,LOW
2153,2026-06-23,Nagpur,Nagpur Block-2,Nagpur Block-2 Village-2,cattle,1,0,5,38.0,,False,False,False,False,False,False,False,False,False,False,True,False,0.0,MEDIUM
2154,2026-06-23,Pune,Pune Block-3,Pune Block-3 Village-5,cattle,1,0,6,,,True,False,False,False,False,False,False,False,False,False,False,False,0.0,LOW
2155,2026-06-23,Kolhapur,Kolhapur Block-2,Kolhapur Block-2 Village-2,cattle,1,0,3,39.4,,True,False,False,False,False,False,True,False,False,False,False,False,0.0,LOW
2156,2026-06-23,Amravati,Amravati Block-3,Amravati Block-3 Village-3,goat,2,0,9,38.1,Reported by local field worker.,False,True,False,False,False,False,False,False,False,False,False,False,0.0,LOW
2157,2026-06-23,Amravati,Amravati Block-2,Amravati Block-2 Village-5,buffalo,5,0,2,40.0,Animals isolated as precaution.,True,False,False,False,False,False,True,False,True,False,False,False,0.0,LOW
2158,2026-06-23,Pune,Pune Block-2,Pune Block-2 Village-3,cattle,2,0,4,38.0,Farmer requested urgent visit.,False,False,False,False,False,True,False,False,False,True,False,False,0.0,LOW
2159,2026-06-23,Sambhajinagar,Sambhajinagar Block-2,Sambhajinagar Block-2 Village-5,buffalo,4,0,6,41.0,Reported by local field worker.,True,False,False,False,False,False,False,False,False,False,False,False,0.0,LOW
2160,2026-06-23,Nashik,Nashik Block-1,Nashik Block-1 Village-5,buffalo,8,1,6,,Animals isolated as precaution.,True,True,True,False,False,True,False,False,False,False,False,False,0.125,LOW
2161,2026-06-23,Nagpur,Nagpur Block-3,Nagpur Block-3 Village-2,buffalo,5,1,5,,,True,False,False,False,True,False,False,False,False,False,False,False,0.2,LOW
2162,2026-06-23,Kolhapur,Kolhapur Block-3,Kolhapur Block-3 Village-2,buffalo,2,0,6,37.8,Animals isolated as precaution.,False,False,False,False,False,False,False,True,False,False,False,False,0.0,LOW
2163,2026-06-23,Pune,Pune Block-2,Pune Block-2 Village-3,buffalo,4,0,2,38.6,Animals isolated as precaution.,False,False,False,True,True,False,False,False,False,False,False,False,0.0,LOW
2164,2026-06-23,Nashik,Nashik Block-1,Nashik Block-1 Village-3,cattle,2,0,7,,,True,False,False,True,False,False,False,False,False,True,False,False,0.0,LOW
2165,2026-06-23,Pune,Pune Block-1,Pune Block-1 Village-2,cattle,1,0,2,38.0,Reported by local field worker.,False,False,True,False,False,False,False,False,False,False,False,False,0.0,LOW
2166,2026-06-23,Pune,Pune Block-3,Pune Block-3 Village-1,cattle,3,0,6,37.8,Animals isolated as precaution.,False,True,False,True,False,True,True,False,False,False,False,False,0.0,LOW
2167,2026-06-23,Pune,Pune Block-2,Pune Block-2 Village-3,goat,2,0,5,38.5,Similar cases seen in neighbouring herd.,False,False,True,False,False,False,False,False,False,False,False,False,0.0,LOW
2168,2026-06-23,Amravati,Amravati Block-1,Amravati Block-1 Village-5,goat,4,0,4,40.2,,True,False,False,False,False,False,False,False,True,False,False,False,0.0,LOW
2169,2026-06-23,Nagpur,Nagpur Block-3,Nagpur Block-3 Village-1,goat,2,0,3,,Similar cases seen in neighbouring herd.,False,False,False,False,False,True,False,False,False,False,False,False,0.0,LOW
2170,2026-06-23,Amravati,Amravati Block-3,Amravati Block-3 Village-3,sheep,5,2,3,40.1,,True,True,False,False,False,False,True,True,False,True,False,False,0.4,MEDIUM
2171,2026-06-23,Pune,Pune Block-1,Pune Block-1 Village-3,buffalo,3,0,8,40.5,Similar cases seen in neighbouring herd.,True,True,False,False,True,True,False,False,False,False,False,False,0.0,LOW
2172,2026-06-23,Sambhajinagar,Sambhajinagar Block-2,Sambhajinagar Block-2 Village-4,sheep,2,0,3,38.5,Animals isolated as precaution.,False,False,True,False,False,False,False,False,False,False,False,False,0.0,LOW
2173,2026-06-23,Kolhapur,Kolhapur Block-2,Kolhapur Block-2 Village-1,goat,1,0,6,40.6,Animals isolated as precaution.,True,False,False,False,False,True,False,False,False,False,False,False,0.0,LOW
2174,2026-06-23,Nagpur,Nagpur Block-2,Nagpur Block-2 Village-2,goat,2,0,2,,Animals isolated as precaution.,True,True,True,True,False,False,False,False,False,False,False,False,0.0,LOW
2175,2026-06-23,Nashik,Nashik Block-1,Nashik Block-1 Village-1,cattle,4,0,6,37.9,,False,True,True,False,False,False,False,True,False,False,False,False,0.0,LOW
2176,2026-06-23,Nagpur,Nagpur Block-3,Nagpur Block-3 Village-1,cattle,1,0,9,38.8,,False,False,True,False,False,True,False,False,False,True,False,False,0.0,LOW
2177,2026-06-23,Pune,Pune Block-1,Pune Block-1 Village-4,cattle,5,1,2,39.8,Similar cases seen in neighbouring herd.,True,True,False,True,False,True,False,True,False,True,False,False,0.2,LOW
2178,2026-06-23,Amravati,Amravati Block-2,Amravati Block-2 Village-4,goat,2,0,8,38.2,Reported by local field worker.,False,False,True,False,False,False,False,False,False,False,False,False,0.0,LOW
2179,2026-06-23,Kolhapur,Kolhapur Block-3,Kolhapur Block-3 Village-1,cattle,4,0,5,38.8,Farmer requested urgent visit.,False,False,False,False,False,False,False,False,False,True,False,False,0.0,LOW
2180,2026-06-23,Amravati,Amravati Block-3,Amravati Block-3 Village-4,buffalo,2,0,8,,,True,True,False,True,False,False,False,True,False,False,False,False,0.0,LOW
2181,2026-06-23,Sambhajinagar,Sambhajinagar Block-2,Sambhajinagar Block-2 Village-2,goat,9,4,1,,,True,False,True,True,True,False,True,False,False,False,False,False,0.444,HIGH
2182,2026-06-23,Nagpur,Nagpur Block-2,Nagpur Block-2 Village-3,cattle,1,0,5,38.6,,False,True,False,False,True,True,False,False,False,False,False,False,0.0,LOW
2183,2026-06-23,Sambhajinagar,Sambhajinagar Block-3,Sambhajinagar Block-3 Village-1,cattle,3,0,4,38.8,,False,False,True,False,False,False,False,False,True,False,False,False,0.0,LOW
2184,2026-06-23,Sambhajinagar,Sambhajinagar Block-3,Sambhajinagar Block-3 Village-4,buffalo,2,0,3,39.9,,True,False,False,False,True,False,False,False,False,False,False,False,0.0,LOW
2185,2026-06-23,Kolhapur,Kolhapur Block-2,Kolhapur Block-2 Village-4,cattle,9,1,7,37.7,Farmer requested urgent visit.,False,False,False,True,False,True,True,False,False,False,False,False,0.111,LOW
2186,2026-06-23,Sambhajinagar,Sambhajinagar Block-1,Sambhajinagar Block-1 Village-2,cattle,15,5,2,39.4,Animals isolated as precaution.,True,True,False,True,True,False,False,False,False,False,False,False,0.333,MEDIUM
2187,2026-06-23,Kolhapur,Kolhapur Block-3,Kolhapur Block-3 Village-3,goat,1,0,2,,Similar cases seen in neighbouring herd.,False,False,False,True,False,False,False,False,False,False,False,False,0.0,LOW
2188,2026-06-23,Pune,Pune Block-2,Pune Block-2 Village-1,cattle,1,0,6,38.2,Similar cases seen in neighbouring herd.,False,False,False,True,False,False,False,False,False,False,False,False,0.0,LOW
2189,2026-06-23,Pune,Pune Block-1,Pune Block-1 Village-5,cattle,1,0,5,,,False,False,False,True,False,False,False,False,False,False,False,False,0.0,LOW
2190,2026-06-23,Amravati,Amravati Block-1,Amravati Block-1 Village-1,goat,2,0,8,,,True,True,False,True,False,False,False,False,False,False,False,False,0.0,LOW
2191,2026-06-23,Pune,Pune Block-2,Pune Block-2 Village-5,cattle,3,0,4,40.5,,True,False,True,False,True,True,False,False,False,False,True,False,0.0,MEDIUM
2192,2026-06-23,Nagpur,Nagpur Block-1,Nagpur Block-1 Village-1,poultry,3,0,4,38.6,,False,True,False,False,False,True,False,False,False,True,False,False,0.0,LOW
2193,2026-06-23,Pune,Pune Block-1,Pune Block-1 Village-2,cattle,2,0,3,38.2,Similar cases seen in neighbouring herd.,False,False,False,False,False,False,False,False,False,False,True,False,0.0,MEDIUM
2194,2026-06-23,Amravati,Amravati Block-1,Amravati Block-1 Village-1,goat,1,0,6,38.1,Reported by local field worker.,False,False,True,True,False,True,False,False,False,False,False,False,0.0,LOW
2195,2026-06-23,Pune,Pune Block-3,Pune Block-3 Village-2,goat,4,0,9,37.8,,False,False,False,True,True,False,False,False,False,False,False,False,0.0,LOW
2196,2026-06-23,Sambhajinagar,Sambhajinagar Block-2,Sambhajinagar Block-2 Village-5,goat,2,0,4,40.6,Reported by local field worker.,True,False,False,False,True,False,False,False,False,False,False,False,0.0,LOW
2197,2026-06-23,Nashik,Nashik Block-2,Nashik Block-2 Village-1,poultry,4,1,8,39.8,Farmer requested urgent visit.,True,False,False,False,False,True,False,True,False,False,False,False,0.25,MEDIUM
2198,2026-06-23,Sambhajinagar,Sambhajinagar Block-3,Sambhajinagar Block-3 Village-3,sheep,3,0,9,37.7,Animals isolated as precaution.,False,False,False,True,False,False,True,False,False,False,False,False,0.0,LOW
2199,2026-06-23,Amravati,Amravati Block-3,Amravati Block-3 Village-1,cattle,2,0,6,,,True,False,False,False,False,False,False,False,False,True,False,False,0.0,LOW
2200,2026-06-24,Amravati,Amravati Block-3,Amravati Block-3 Village-5,buffalo,1,0,4,,Farmer requested urgent visit.,True,True,False,False,True,False,True,False,False,False,False,False,0.0,LOW
2201,2026-06-24,Pune,Pune Block-1,Pune Block-1 Village-4,goat,1,0,3,38.2,,False,False,False,False,False,False,False,False,False,True,False,False,0.0,LOW
2202,2026-06-24,Kolhapur,Kolhapur Block-1,Kolhapur Block-1 Village-4,cattle,16,4,1,41.4,,True,True,True,True,False,False,False,False,True,True,False,False,0.25,HIGH
2203,2026-06-24,Nagpur,Nagpur Block-2,Nagpur Block-2 Village-2,cattle,3,0,7,38.9,Farmer requested urgent visit.,False,False,True,False,False,False,False,True,False,False,False,False,0.0,LOW
2204,2026-06-24,Nagpur,Nagpur Block-1,Nagpur Block-1 Village-1,buffalo,8,3,3,,Similar cases seen in neighbouring herd.,True,True,True,True,True,True,True,False,False,False,False,False,0.375,MEDIUM
2205,2026-06-24,Kolhapur,Kolhapur Block-1,Kolhapur Block-1 Village-2,sheep,7,1,9,,Animals isolated as precaution.,True,False,False,False,True,False,False,False,False,False,False,False,0.143,LOW
2206,2026-06-24,Sambhajinagar,Sambhajinagar Block-2,Sambhajinagar Block-2 Village-2,goat,2,0,2,40.8,,True,False,True,True,False,False,False,False,False,False,False,False,0.0,LOW
2207,2026-06-24,Nagpur,Nagpur Block-3,Nagpur Block-3 Village-3,buffalo,1,0,9,38.3,,False,False,True,False,False,False,False,False,False,False,False,False,0.0,LOW
2208,2026-06-24,Sambhajinagar,Sambhajinagar Block-2,Sambhajinagar Block-2 Village-1,sheep,2,0,4,38.2,Farmer requested urgent visit.,False,False,True,False,False,True,True,False,False,False,False,False,0.0,LOW
2209,2026-06-24,Pune,Pune Block-1,Pune Block-1 Village-2,cattle,5,1,9,,Farmer requested urgent visit.,True,True,False,True,True,True,False,False,False,False,False,False,0.2,MEDIUM
2210,2026-06-24,Kolhapur,Kolhapur Block-1,Kolhapur Block-1 Village-2,poultry,3,0,9,41.5,Farmer requested urgent visit.,True,False,True,False,True,True,False,False,False,False,False,False,0.0,LOW
2211,2026-06-24,Nagpur,Nagpur Block-3,Nagpur Block-3 Village-2,poultry,1,0,2,38.8,,False,False,False,False,False,False,True,True,False,False,False,False,0.0,LOW
2212,2026-06-24,Sambhajinagar,Sambhajinagar Block-1,Sambhajinagar Block-1 Village-2,cattle,1,0,1,38.9,Animals isolated as precaution.,False,True,True,False,False,True,False,False,False,False,False,False,0.0,LOW
2213,2026-06-24,Nashik,Nashik Block-3,Nashik Block-3 Village-5,goat,1,0,8,38.0,Similar cases seen in neighbouring herd.,False,False,False,False,True,False,False,False,False,False,False,False,0.0,LOW
2214,2026-06-24,Nashik,Nashik Block-1,Nashik Block-1 Village-3,buffalo,4,0,5,,Reported by local field worker.,True,False,False,False,False,False,False,False,False,False,False,False,0.0,LOW
2215,2026-06-24,Kolhapur,Kolhapur Block-1,Kolhapur Block-1 Village-2,poultry,1,0,7,40.8,Similar cases seen in neighbouring herd.,True,True,True,True,True,False,False,False,False,False,False,False,0.0,LOW
2216,2026-06-24,Amravati,Amravati Block-2,Amravati Block-2 Village-3,goat,9,0,1,37.7,,False,True,True,True,False,False,False,False,False,False,False,False,0.0,LOW
2217,2026-06-24,Nagpur,Nagpur Block-1,Nagpur Block-1 Village-2,buffalo,4,0,1,39.8,,True,False,False,False,False,False,False,False,False,True,False,False,0.0,LOW
2218,2026-06-24,Nashik,Nashik Block-2,Nashik Block-2 Village-4,goat,4,0,8,38.6,Farmer requested urgent visit.,False,True,False,False,False,False,False,False,False,False,False,False,0.0,LOW
2219,2026-06-24,Kolhapur,Kolhapur Block-1,Kolhapur Block-1 Village-4,poultry,1,0,1,37.6,,False,True,False,False,False,True,False,False,False,False,False,False,0.0,LOW
2220,2026-06-24,Pune,Pune Block-2,Pune Block-2 Village-3,goat,2,0,6,38.6,Animals isolated as precaution.,False,False,True,False,False,False,False,False,False,False,False,False,0.0,LOW
2221,2026-06-24,Nashik,Nashik Block-2,Nashik Block-2 Village-5,goat,9,1,9,,Farmer requested urgent visit.,True,True,False,False,True,True,False,False,False,True,False,True,0.111,HIGH
2222,2026-06-24,Nashik,Nashik Block-3,Nashik Block-3 Village-5,poultry,3,0,3,38.3,Reported by local field worker.,False,False,False,False,False,False,True,False,False,False,False,False,0.0,LOW
2223,2026-06-24,Nashik,Nashik Block-3,Nashik Block-3 Village-5,buffalo,1,0,2,39.7,Farmer requested urgent visit.,True,True,True,False,True,False,False,False,False,False,False,False,0.0,LOW
2224,2026-06-24,Pune,Pune Block-1,Pune Block-1 Village-1,cattle,2,0,5,40.3,Farmer requested urgent visit.,True,False,False,False,False,False,False,False,False,False,False,False,0.0,LOW
2225,2026-06-24,Kolhapur,Kolhapur Block-3,Kolhapur Block-3 Village-2,cattle,1,0,7,39.0,Reported by local field worker.,False,False,False,False,False,False,False,False,False,False,True,False,0.0,LOW
2226,2026-06-24,Nagpur,Nagpur Block-3,Nagpur Block-3 Village-3,cattle,2,0,7,38.8,Reported by local field worker.,False,False,False,False,False,True,False,False,False,False,False,False,0.0,LOW
2227,2026-06-24,Nashik,Nashik Block-3,Nashik Block-3 Village-4,goat,3,0,6,38.6,,False,False,False,False,True,False,False,False,False,False,False,False,0.0,LOW
2228,2026-06-24,Sambhajinagar,Sambhajinagar Block-2,Sambhajinagar Block-2 Village-1,cattle,1,0,4,38.0,Animals isolated as precaution.,False,False,True,False,False,False,True,False,False,False,False,False,0.0,LOW
2229,2026-06-24,Nagpur,Nagpur Block-1,Nagpur Block-1 Village-2,sheep,2,0,6,,,True,False,False,False,False,False,False,False,False,False,False,False,0.0,LOW
2230,2026-06-24,Amravati,Amravati Block-3,Amravati Block-3 Village-3,poultry,2,0,2,41.2,Animals isolated as precaution.,True,False,True,True,False,True,False,False,False,False,False,False,0.0,LOW
2231,2026-06-24,Amravati,Amravati Block-2,Amravati Block-2 Village-2,cattle,11,6,3,,Animals isolated as precaution.,True,True,True,True,False,False,True,False,False,True,False,False,0.545,HIGH
2232,2026-06-24,Nashik,Nashik Block-2,Nashik Block-2 Village-4,poultry,1,0,4,,Reported by local field worker.,False,False,True,False,False,False,False,False,False,False,False,False,0.0,LOW
2233,2026-06-24,Amravati,Amravati Block-1,Amravati Block-1 Village-1,goat,2,0,2,38.5,Similar cases seen in neighbouring herd.,False,False,False,False,False,False,False,True,False,False,False,False,0.0,LOW
2234,2026-06-24,Sambhajinagar,Sambhajinagar Block-3,Sambhajinagar Block-3 Village-3,cattle,2,0,1,,Reported by local field worker.,True,True,False,False,False,False,False,False,False,False,False,False,0.0,LOW
2235,2026-06-24,Sambhajinagar,Sambhajinagar Block-2,Sambhajinagar Block-2 Village-3,buffalo,3,0,5,,Similar cases seen in neighbouring herd.,True,True,False,False,False,False,False,False,True,False,False,False,0.0,LOW
2236,2026-06-24,Amravati,Amravati Block-1,Amravati Block-1 Village-4,goat,3,0,4,38.7,,False,False,False,True,False,False,False,False,False,False,False,False,0.0,LOW
2237,2026-06-24,Kolhapur,Kolhapur Block-1,Kolhapur Block-1 Village-4,buffalo,3,0,9,,,True,False,False,False,False,False,False,True,False,False,False,False,0.0,LOW
2238,2026-06-24,Nashik,Nashik Block-3,Nashik Block-3 Village-3,goat,1,0,7,,Reported by local field worker.,True,False,True,False,False,False,True,False,False,False,False,False,0.0,LOW
2239,2026-06-24,Nagpur,Nagpur Block-2,Nagpur Block-2 Village-5,cattle,3,0,9,40.7,Animals isolated as precaution.,True,False,False,False,True,False,False,False,False,False,False,False,0.0,LOW
2240,2026-06-24,Sambhajinagar,Sambhajinagar Block-1,Sambhajinagar Block-1 Village-5,goat,1,0,4,,,False,True,False,False,False,False,False,False,False,False,False,False,0.0,LOW
2241,2026-06-24,Sambhajinagar,Sambhajinagar Block-2,Sambhajinagar Block-2 Village-5,buffalo,1,0,6,41.3,,True,False,True,True,True,False,False,False,False,False,False,False,0.0,LOW
2242,2026-06-24,Nashik,Nashik Block-3,Nashik Block-3 Village-3,cattle,2,0,1,38.3,Similar cases seen in neighbouring herd.,False,False,False,False,False,False,False,False,False,True,False,False,0.0,LOW
2243,2026-06-24,Amravati,Amravati Block-2,Amravati Block-2 Village-4,buffalo,1,0,9,,,False,False,False,False,False,True,False,False,False,False,False,False,0.0,LOW
2244,2026-06-25,Nagpur,Nagpur Block-3,Nagpur Block-3 Village-5,buffalo,7,1,3,,,True,False,True,True,False,True,False,False,False,False,False,False,0.143,LOW
2245,2026-06-25,Nagpur,Nagpur Block-3,Nagpur Block-3 Village-5,goat,6,1,2,40.8,,True,True,False,True,False,True,False,False,False,True,False,False,0.167,LOW
2246,2026-06-25,Nagpur,Nagpur Block-3,Nagpur Block-3 Village-5,goat,8,1,3,40.9,Reported by local field worker.,True,False,False,True,False,False,False,False,False,False,False,False,0.125,LOW
2247,2026-06-25,Kolhapur,Kolhapur Block-1,Kolhapur Block-1 Village-4,goat,9,1,5,40.9,Farmer requested urgent visit.,True,False,False,True,False,True,False,False,False,False,False,False,0.111,LOW
2248,2026-06-25,Amravati,Amravati Block-2,Amravati Block-2 Village-5,poultry,3,0,9,,,False,False,False,True,False,False,False,False,False,True,False,False,0.0,LOW
2249,2026-06-25,Amravati,Amravati Block-3,Amravati Block-3 Village-2,poultry,19,7,1,40.5,,True,True,False,False,False,False,False,False,False,False,False,False,0.368,MEDIUM
2250,2026-06-25,Pune,Pune Block-3,Pune Block-3 Village-4,goat,9,4,3,,Reported by local field worker.,True,True,False,True,False,False,True,True,False,False,False,False,0.444,MEDIUM
2251,2026-06-25,Nashik,Nashik Block-2,Nashik Block-2 Village-2,goat,3,0,9,38.1,Reported by local field worker.,False,False,False,True,False,True,False,True,True,False,False,False,0.0,LOW
2252,2026-06-25,Sambhajinagar,Sambhajinagar Block-2,Sambhajinagar Block-2 Village-1,sheep,18,4,2,39.6,Reported by local field worker.,True,True,True,True,True,True,False,False,False,False,False,False,0.222,MEDIUM
2253,2026-06-25,Kolhapur,Kolhapur Block-1,Kolhapur Block-1 Village-2,cattle,3,0,8,38.3,,False,False,True,False,False,False,False,False,False,False,False,False,0.0,LOW
2254,2026-06-25,Pune,Pune Block-2,Pune Block-2 Village-1,goat,18,9,2,39.4,,True,True,True,True,True,False,True,False,False,False,False,False,0.5,MEDIUM
2255,2026-06-25,Amravati,Amravati Block-1,Amravati Block-1 Village-2,buffalo,15,4,2,,Reported by local field worker.,True,True,True,True,True,True,True,False,False,False,False,False,0.267,MEDIUM
2256,2026-06-25,Amravati,Amravati Block-1,Amravati Block-1 Village-4,buffalo,3,0,2,41.1,,True,False,False,False,False,False,False,False,False,False,False,False,0.0,LOW
2257,2026-06-25,Nagpur,Nagpur Block-3,Nagpur Block-3 Village-2,buffalo,3,0,9,37.9,Similar cases seen in neighbouring herd.,False,False,True,False,False,False,False,False,False,False,False,False,0.0,LOW
2258,2026-06-25,Amravati,Amravati Block-2,Amravati Block-2 Village-5,goat,2,0,6,,Reported by local field worker.,True,False,True,False,False,False,False,False,True,False,False,False,0.0,LOW
2259,2026-06-25,Nashik,Nashik Block-3,Nashik Block-3 Village-2,buffalo,4,0,5,37.6,Similar cases seen in neighbouring herd.,False,False,False,False,False,False,False,True,False,False,False,False,0.0,LOW
2260,2026-06-25,Amravati,Amravati Block-3,Amravati Block-3 Village-3,poultry,4,0,7,37.9,Farmer requested urgent visit.,False,False,True,False,False,False,False,False,False,False,False,False,0.0,LOW
2261,2026-06-25,Amravati,Amravati Block-3,Amravati Block-3 Village-1,sheep,2,0,8,,Animals isolated as precaution.,False,False,False,False,True,False,False,False,False,False,False,False,0.0,LOW
2262,2026-06-25,Nagpur,Nagpur Block-2,Nagpur Block-2 Village-1,sheep,2,0,7,38.8,,False,True,True,False,True,False,True,False,False,False,False,False,0.0,LOW
2263,2026-06-25,Nashik,Nashik Block-2,Nashik Block-2 Village-2,goat,4,0,1,,Reported by local field worker.,True,False,False,False,False,True,False,False,False,False,False,False,0.0,LOW
2264,2026-06-25,Amravati,Amravati Block-2,Amravati Block-2 Village-3,poultry,1,0,9,,,False,False,False,True,False,False,False,False,False,False,False,False,0.0,LOW
2265,2026-06-25,Pune,Pune Block-2,Pune Block-2 Village-2,sheep,2,0,6,,Similar cases seen in neighbouring herd.,False,False,True,False,False,False,False,False,False,False,False,False,0.0,LOW
2266,2026-06-25,Kolhapur,Kolhapur Block-3,Kolhapur Block-3 Village-2,cattle,5,1,9,40.3,,True,False,False,False,True,False,False,False,False,False,False,False,0.2,LOW
2267,2026-06-25,Amravati,Amravati Block-1,Amravati Block-1 Village-1,cattle,4,0,3,,Similar cases seen in neighbouring herd.,False,True,False,False,False,False,False,False,False,False,False,False,0.0,LOW
2268,2026-06-25,Nashik,Nashik Block-3,Nashik Block-3 Village-2,cattle,9,1,2,39.7,,True,True,True,False,False,False,True,False,True,False,False,False,0.111,LOW
2269,2026-06-25,Amravati,Amravati Block-3,Amravati Block-3 Village-4,sheep,3,0,4,38.8,Farmer requested urgent visit.,False,False,True,False,False,False,False,True,False,False,False,False,0.0,LOW
2270,2026-06-25,Pune,Pune Block-1,Pune Block-1 Village-1,cattle,2,0,5,40.2,,True,True,False,False,False,False,False,False,False,False,False,False,0.0,LOW
2271,2026-06-25,Nashik,Nashik Block-1,Nashik Block-1 Village-1,goat,4,0,2,39.9,,True,False,False,False,False,False,False,False,False,False,False,False,0.0,LOW
2272,2026-06-25,Nashik,Nashik Block-2,Nashik Block-2 Village-3,cattle,4,0,5,,,True,False,False,True,True,False,False,False,False,False,False,False,0.0,LOW
2273,2026-06-25,Nashik,Nashik Block-3,Nashik Block-3 Village-2,goat,2,0,7,37.7,Farmer requested urgent visit.,False,True,False,True,True,False,False,False,False,False,False,False,0.0,LOW
2274,2026-06-25,Amravati,Amravati Block-2,Amravati Block-2 Village-2,poultry,2,0,8,37.9,Similar cases seen in neighbouring herd.,False,True,True,True,False,False,False,False,False,False,False,False,0.0,LOW
2275,2026-06-25,Nagpur,Nagpur Block-1,Nagpur Block-1 Village-1,cattle,4,0,2,,Similar cases seen in neighbouring herd.,False,True,False,True,False,False,False,False,False,False,False,False,0.0,LOW
2276,2026-06-25,Kolhapur,Kolhapur Block-2,Kolhapur Block-2 Village-3,cattle,1,0,7,,,False,False,False,False,False,False,False,False,False,False,False,True,0.0,MEDIUM
2277,2026-06-25,Nagpur,Nagpur Block-2,Nagpur Block-2 Village-4,goat,1,0,3,38.3,Farmer requested urgent visit.,False,False,False,False,False,True,False,False,False,True,False,False,0.0,LOW
2278,2026-06-25,Pune,Pune Block-2,Pune Block-2 Village-5,sheep,2,0,5,40.4,,True,False,False,False,False,False,False,False,False,False,False,False,0.0,LOW
2279,2026-06-25,Sambhajinagar,Sambhajinagar Block-2,Sambhajinagar Block-2 Village-5,sheep,9,1,8,39.7,Similar cases seen in neighbouring herd.,True,False,True,True,True,False,False,True,False,False,False,False,0.111,MEDIUM
2280,2026-06-25,Kolhapur,Kolhapur Block-1,Kolhapur Block-1 Village-2,goat,1,0,3,39.5,,True,False,True,False,False,False,False,False,False,False,False,False,0.0,LOW
2281,2026-06-25,Kolhapur,Kolhapur Block-1,Kolhapur Block-1 Village-5,cattle,2,0,8,40.7,Similar cases seen in neighbouring herd.,True,False,False,False,False,False,False,True,False,False,False,False,0.0,LOW
2282,2026-06-25,Nagpur,Nagpur Block-2,Nagpur Block-2 Village-1,sheep,4,0,3,39.8,,True,True,True,False,False,True,False,False,False,False,False,False,0.0,LOW
2283,2026-06-25,Kolhapur,Kolhapur Block-2,Kolhapur Block-2 Village-2,poultry,2,0,7,38.6,Farmer requested urgent visit.,False,False,True,True,False,True,False,False,False,False,False,False,0.0,LOW
2284,2026-06-25,Amravati,Amravati Block-3,Amravati Block-3 Village-5,sheep,3,0,1,40.7,,True,False,False,False,False,True,False,False,False,False,False,False,0.0,LOW
2285,2026-06-25,Kolhapur,Kolhapur Block-2,Kolhapur Block-2 Village-3,buffalo,9,1,3,41.1,Animals isolated as precaution.,True,True,True,False,True,True,False,False,True,False,False,False,0.111,LOW
2286,2026-06-25,Nashik,Nashik Block-1,Nashik Block-1 Village-4,buffalo,2,0,7,40.7,Similar cases seen in neighbouring herd.,True,False,True,False,True,False,False,False,False,False,False,False,0.0,LOW
2287,2026-06-25,Amravati,Amravati Block-3,Amravati Block-3 Village-3,cattle,1,0,9,38.2,Reported by local field worker.,False,False,False,False,False,False,False,False,True,False,False,False,0.0,LOW
2288,2026-06-25,Sambhajinagar,Sambhajinagar Block-3,Sambhajinagar Block-3 Village-3,goat,1,0,7,41.4,Similar cases seen in neighbouring herd.,True,False,False,False,False,False,False,False,False,False,False,False,0.0,LOW
2289,2026-06-25,Kolhapur,Kolhapur Block-2,Kolhapur Block-2 Village-5,sheep,9,1,6,39.4,,True,True,True,False,False,False,True,True,False,False,False,False,0.111,LOW
2290,2026-06-25,Nagpur,Nagpur Block-1,Nagpur Block-1 Village-2,poultry,4,1,1,,Farmer requested urgent visit.,False,False,False,False,False,True,True,False,False,False,False,False,0.25,LOW
2291,2026-06-26,Nagpur,Nagpur Block-3,Nagpur Block-3 Village-5,sheep,4,1,1,,,False,True,False,False,True,False,False,False,True,False,False,False,0.25,MEDIUM
2292,2026-06-26,Amravati,Amravati Block-3,Amravati Block-3 Village-3,goat,2,0,3,,Similar cases seen in neighbouring herd.,False,True,False,False,False,False,False,False,False,False,False,False,0.0,LOW
2293,2026-06-26,Nagpur,Nagpur Block-3,Nagpur Block-3 Village-5,cattle,1,0,7,,,True,False,True,False,False,False,False,False,False,False,False,False,0.0,LOW
2294,2026-06-26,Nashik,Nashik Block-2,Nashik Block-2 Village-1,cattle,4,0,3,,,False,True,False,True,False,False,False,False,False,False,False,False,0.0,LOW
2295,2026-06-26,Pune,Pune Block-2,Pune Block-2 Village-1,cattle,2,0,7,39.2,Animals isolated as precaution.,False,True,True,True,False,False,True,False,False,False,False,False,0.0,LOW
2296,2026-06-26,Nashik,Nashik Block-3,Nashik Block-3 Village-2,sheep,4,0,7,37.8,,False,True,False,False,False,False,False,False,False,False,False,False,0.0,LOW
2297,2026-06-26,Nashik,Nashik Block-2,Nashik Block-2 Village-1,sheep,1,0,2,38.4,Farmer requested urgent visit.,False,False,False,False,False,False,False,False,False,True,False,False,0.0,LOW
2298,2026-06-26,Amravati,Amravati Block-3,Amravati Block-3 Village-4,goat,1,0,6,,Animals isolated as precaution.,False,False,True,False,False,False,True,False,False,False,False,False,0.0,LOW
2299,2026-06-26,Amravati,Amravati Block-1,Amravati Block-1 Village-2,poultry,2,0,3,39.8,,True,False,True,False,False,False,False,False,False,False,False,False,0.0,LOW
2300,2026-06-26,Nashik,Nashik Block-3,Nashik Block-3 Village-4,cattle,2,0,5,,Farmer requested urgent visit.,True,True,False,True,False,False,False,False,False,False,False,False,0.0,LOW
2301,2026-06-26,Sambhajinagar,Sambhajinagar Block-2,Sambhajinagar Block-2 Village-4,goat,4,0,3,,,True,False,False,False,False,False,False,False,False,False,False,False,0.0,LOW
2302,2026-06-26,Amravati,Amravati Block-2,Amravati Block-2 Village-1,goat,2,0,2,40.3,Animals isolated as precaution.,True,False,False,False,True,True,False,False,False,False,False,False,0.0,LOW
2303,2026-06-26,Sambhajinagar,Sambhajinagar Block-3,Sambhajinagar Block-3 Village-4,goat,4,1,5,40.4,,True,True,False,False,False,True,False,False,False,False,False,False,0.25,LOW
2304,2026-06-26,Sambhajinagar,Sambhajinagar Block-3,Sambhajinagar Block-3 Village-1,goat,1,0,4,38.0,Similar cases seen in neighbouring herd.,False,True,True,False,False,True,True,False,False,False,False,False,0.0,LOW
2305,2026-06-26,Kolhapur,Kolhapur Block-3,Kolhapur Block-3 Village-5,sheep,3,0,2,38.0,,False,False,False,False,False,False,True,True,True,False,False,False,0.0,LOW
2306,2026-06-26,Kolhapur,Kolhapur Block-1,Kolhapur Block-1 Village-4,cattle,3,0,8,40.5,Farmer requested urgent visit.,True,True,False,False,False,False,False,False,True,False,False,False,0.0,LOW
2307,2026-06-26,Nashik,Nashik Block-2,Nashik Block-2 Village-1,goat,2,0,6,38.2,Animals isolated as precaution.,False,True,False,True,False,False,False,False,True,False,False,False,0.0,LOW
2308,2026-06-26,Amravati,Amravati Block-3,Amravati Block-3 Village-2,poultry,4,0,4,38.3,,False,False,True,True,False,False,False,False,False,False,False,False,0.0,LOW
2309,2026-06-26,Nashik,Nashik Block-1,Nashik Block-1 Village-4,goat,2,0,9,40.3,Animals isolated as precaution.,True,True,True,False,True,True,True,False,False,False,False,False,0.0,LOW
2310,2026-06-26,Nashik,Nashik Block-1,Nashik Block-1 Village-4,poultry,3,0,9,38.7,Reported by local field worker.,False,False,False,False,False,False,False,True,False,False,False,False,0.0,LOW
2311,2026-06-26,Kolhapur,Kolhapur Block-2,Kolhapur Block-2 Village-4,sheep,2,0,2,,,True,False,False,False,True,False,False,False,False,False,False,False,0.0,LOW
2312,2026-06-26,Nashik,Nashik Block-1,Nashik Block-1 Village-1,goat,2,0,2,,Farmer requested urgent visit.,True,False,False,False,False,False,False,False,False,False,False,False,0.0,LOW
2313,2026-06-26,Amravati,Amravati Block-3,Amravati Block-3 Village-4,buffalo,3,0,1,40.4,Animals isolated as precaution.,True,False,False,False,True,False,False,True,False,False,False,False,0.0,LOW
2314,2026-06-26,Amravati,Amravati Block-3,Amravati Block-3 Village-5,goat,1,0,4,37.7,Similar cases seen in neighbouring herd.,False,True,False,False,False,False,False,False,False,False,False,False,0.0,LOW
2315,2026-06-26,Amravati,Amravati Block-2,Amravati Block-2 Village-4,goat,3,0,5,37.9,Farmer requested urgent visit.,False,False,False,False,False,False,False,True,False,False,False,False,0.0,LOW
2316,2026-06-26,Pune,Pune Block-3,Pune Block-3 Village-2,cattle,4,0,2,41.0,Similar cases seen in neighbouring herd.,True,False,False,True,False,False,False,False,False,False,False,False,0.0,LOW
2317,2026-06-26,Kolhapur,Kolhapur Block-2,Kolhapur Block-2 Village-2,cattle,8,0,8,,,True,True,False,True,False,False,True,False,False,False,False,False,0.0,LOW
2318,2026-06-26,Sambhajinagar,Sambhajinagar Block-1,Sambhajinagar Block-1 Village-3,goat,6,0,1,,,False,False,False,True,False,False,False,False,False,False,False,False,0.0,LOW
2319,2026-06-26,Sambhajinagar,Sambhajinagar Block-1,Sambhajinagar Block-1 Village-3,goat,3,0,3,38.5,Similar cases seen in neighbouring herd.,False,False,True,True,False,False,True,False,False,False,False,False,0.0,LOW
2320,2026-06-26,Pune,Pune Block-2,Pune Block-2 Village-4,buffalo,1,0,4,,,False,True,False,False,False,False,False,False,False,False,False,False,0.0,LOW
2321,2026-06-26,Kolhapur,Kolhapur Block-1,Kolhapur Block-1 Village-5,poultry,4,0,6,39.6,Farmer requested urgent visit.,True,False,False,True,True,False,False,False,False,False,False,False,0.0,LOW
2322,2026-06-26,Pune,Pune Block-2,Pune Block-2 Village-3,goat,2,0,2,38.8,Animals isolated as precaution.,False,False,False,False,True,False,True,False,False,True,False,False,0.0,LOW
2323,2026-06-26,Pune,Pune Block-1,Pune Block-1 Village-2,buffalo,2,0,2,,Farmer requested urgent visit.,False,False,False,False,False,False,False,True,False,False,False,False,0.0,LOW
2324,2026-06-26,Kolhapur,Kolhapur Block-2,Kolhapur Block-2 Village-5,cattle,2,0,1,38.2,Farmer requested urgent visit.,False,True,False,False,False,False,False,False,False,False,False,False,0.0,LOW
2325,2026-06-26,Amravati,Amravati Block-2,Amravati Block-2 Village-4,cattle,1,0,6,38.5,,False,True,False,False,False,False,False,False,False,True,False,False,0.0,LOW
2326,2026-06-26,Pune,Pune Block-1,Pune Block-1 Village-3,sheep,2,0,2,,,False,False,False,False,False,True,False,False,True,False,False,True,0.0,LOW
2327,2026-06-26,Amravati,Amravati Block-3,Amravati Block-3 Village-1,sheep,1,0,5,,Farmer requested urgent visit.,True,False,False,False,False,False,False,False,False,False,False,False,0.0,LOW
2328,2026-06-26,Pune,Pune Block-2,Pune Block-2 Village-3,buffalo,4,0,1,38.0,,False,False,False,False,False,True,True,False,True,False,False,False,0.0,LOW
2329,2026-06-26,Sambhajinagar,Sambhajinagar Block-2,Sambhajinagar Block-2 Village-2,cattle,2,0,2,37.9,Reported by local field worker.,False,True,False,False,False,True,False,False,False,False,False,False,0.0,LOW
2330,2026-06-26,Kolhapur,Kolhapur Block-3,Kolhapur Block-3 Village-2,goat,1,0,5,38.7,,False,False,False,False,False,False,False,True,False,False,False,False,0.0,LOW
2331,2026-06-26,Kolhapur,Kolhapur Block-2,Kolhapur Block-2 Village-4,goat,15,6,1,40.5,Reported by local field worker.,True,True,True,True,False,False,True,False,True,True,True,False,0.4,HIGH
2332,2026-06-26,Sambhajinagar,Sambhajinagar Block-3,Sambhajinagar Block-3 Village-4,goat,3,0,3,38.7,,False,True,False,False,False,False,True,False,False,False,False,False,0.0,LOW
2333,2026-06-27,Nagpur,Nagpur Block-2,Nagpur Block-2 Village-5,poultry,8,1,1,,,True,True,True,True,False,False,False,True,True,False,False,False,0.125,MEDIUM
2334,2026-06-27,Nagpur,Nagpur Block-2,Nagpur Block-2 Village-5,goat,6,1,7,38.8,,False,False,False,False,True,True,False,False,False,True,False,False,0.167,LOW
2335,2026-06-27,Nagpur,Nagpur Block-2,Nagpur Block-2 Village-5,buffalo,8,1,7,39.4,Similar cases seen in neighbouring herd.,True,False,False,True,True,False,False,False,False,False,False,False,0.125,LOW
2336,2026-06-27,Nagpur,Nagpur Block-3,Nagpur Block-3 Village-5,cattle,20,5,3,40.6,Animals isolated as precaution.,True,True,True,True,True,True,True,True,True,False,False,False,0.25,HIGH
2337,2026-06-27,Nagpur,Nagpur Block-3,Nagpur Block-3 Village-5,goat,6,1,7,39.5,Reported by local field worker.,True,False,True,True,False,True,False,True,False,False,False,False,0.167,MEDIUM
2338,2026-06-27,Nagpur,Nagpur Block-3,Nagpur Block-3 Village-5,cattle,7,1,5,38.7,Animals isolated as precaution.,False,False,False,True,True,True,True,False,False,False,False,False,0.143,LOW
2339,2026-06-27,Nagpur,Nagpur Block-3,Nagpur Block-3 Village-5,buffalo,4,1,7,39.3,,True,True,True,False,False,True,False,False,True,False,False,False,0.25,LOW
2340,2026-06-27,Kolhapur,Kolhapur Block-3,Kolhapur Block-3 Village-5,poultry,2,0,5,,Reported by local field worker.,True,True,False,False,False,True,False,False,False,False,False,False,0.0,LOW
2341,2026-06-27,Sambhajinagar,Sambhajinagar Block-3,Sambhajinagar Block-3 Village-1,buffalo,2,0,6,39.6,Farmer requested urgent visit.,True,False,False,False,False,False,False,False,False,False,False,False,0.0,LOW
2342,2026-06-27,Amravati,Amravati Block-2,Amravati Block-2 Village-4,cattle,2,0,1,37.9,Farmer requested urgent visit.,False,False,False,True,False,True,False,True,False,False,False,False,0.0,LOW
2343,2026-06-27,Pune,Pune Block-2,Pune Block-2 Village-1,buffalo,3,0,4,39.0,Reported by local field worker.,False,False,False,False,False,False,False,True,False,False,False,False,0.0,LOW
2344,2026-06-27,Nagpur,Nagpur Block-2,Nagpur Block-2 Village-2,goat,1,0,8,38.9,Similar cases seen in neighbouring herd.,False,False,False,True,False,False,False,False,False,False,False,False,0.0,LOW
2345,2026-06-27,Sambhajinagar,Sambhajinagar Block-3,Sambhajinagar Block-3 Village-1,goat,2,0,4,,Farmer requested urgent visit.,False,True,False,False,False,True,False,False,False,False,False,False,0.0,LOW
2346,2026-06-27,Nagpur,Nagpur Block-2,Nagpur Block-2 Village-3,sheep,2,0,4,37.9,Farmer requested urgent visit.,False,False,False,False,False,True,False,False,False,False,False,False,0.0,LOW
2347,2026-06-27,Sambhajinagar,Sambhajinagar Block-2,Sambhajinagar Block-2 Village-2,cattle,4,0,1,,,True,False,False,False,False,False,False,False,True,True,False,False,0.0,LOW
2348,2026-06-27,Amravati,Amravati Block-2,Amravati Block-2 Village-4,sheep,1,0,5,41.0,,True,False,False,False,True,False,False,False,False,False,False,False,0.0,LOW
2349,2026-06-27,Nagpur,Nagpur Block-1,Nagpur Block-1 Village-4,sheep,3,0,6,39.5,Animals isolated as precaution.,True,False,True,False,False,True,False,True,True,False,False,False,0.0,LOW
2350,2026-06-27,Nagpur,Nagpur Block-3,Nagpur Block-3 Village-1,goat,4,1,3,40.0,Farmer requested urgent visit.,True,False,True,False,True,True,False,False,False,False,False,False,0.25,LOW
2351,2026-06-27,Kolhapur,Kolhapur Block-3,Kolhapur Block-3 Village-3,goat,2,0,1,39.8,Reported by local field worker.,True,False,False,True,True,True,False,False,False,False,False,False,0.0,LOW
2352,2026-06-27,Nagpur,Nagpur Block-3,Nagpur Block-3 Village-2,buffalo,4,0,3,41.1,Similar cases seen in neighbouring herd.,True,False,False,False,False,False,False,False,False,False,False,False,0.0,LOW
2353,2026-06-27,Kolhapur,Kolhapur Block-2,Kolhapur Block-2 Village-3,cattle,4,0,4,,Farmer requested urgent visit.,True,False,True,False,False,False,False,False,False,False,False,False,0.0,LOW
2354,2026-06-27,Kolhapur,Kolhapur Block-3,Kolhapur Block-3 Village-4,sheep,1,0,9,37.6,Similar cases seen in neighbouring herd.,False,False,True,False,True,False,False,True,False,False,False,False,0.0,LOW
2355,2026-06-27,Sambhajinagar,Sambhajinagar Block-2,Sambhajinagar Block-2 Village-3,cattle,1,0,9,,Animals isolated as precaution.,False,False,False,False,False,False,True,False,False,False,False,False,0.0,LOW
2356,2026-06-27,Kolhapur,Kolhapur Block-3,Kolhapur Block-3 Village-3,buffalo,1,0,7,40.4,,True,False,False,False,False,True,False,False,False,False,False,False,0.0,LOW
2357,2026-06-27,Nashik,Nashik Block-3,Nashik Block-3 Village-2,poultry,6,1,8,39.0,Similar cases seen in neighbouring herd.,False,False,False,True,False,True,False,True,False,False,False,False,0.167,MEDIUM
2358,2026-06-27,Nashik,Nashik Block-1,Nashik Block-1 Village-1,poultry,3,0,9,39.0,,False,False,False,True,False,False,False,False,False,False,False,False,0.0,LOW
2359,2026-06-27,Pune,Pune Block-3,Pune Block-3 Village-5,goat,4,0,7,38.2,Animals isolated as precaution.,False,True,False,False,False,False,False,False,False,False,False,False,0.0,LOW
2360,2026-06-27,Amravati,Amravati Block-2,Amravati Block-2 Village-3,poultry,7,0,5,38.1,,False,True,True,False,False,False,True,False,False,False,False,False,0.0,LOW
2361,2026-06-27,Kolhapur,Kolhapur Block-2,Kolhapur Block-2 Village-5,cattle,1,0,5,39.8,Animals isolated as precaution.,True,False,False,False,False,True,False,False,False,False,False,True,0.0,LOW
2362,2026-06-27,Nagpur,Nagpur Block-3,Nagpur Block-3 Village-2,goat,3,0,4,,Farmer requested urgent visit.,True,False,False,False,True,False,False,False,False,False,False,False,0.0,LOW
2363,2026-06-27,Sambhajinagar,Sambhajinagar Block-2,Sambhajinagar Block-2 Village-1,goat,4,0,2,40.4,,True,False,False,False,True,True,False,False,False,False,False,False,0.0,LOW
2364,2026-06-27,Sambhajinagar,Sambhajinagar Block-3,Sambhajinagar Block-3 Village-1,poultry,2,0,5,40.9,Reported by local field worker.,True,True,False,False,False,True,False,False,True,False,False,False,0.0,LOW
2365,2026-06-27,Pune,Pune Block-1,Pune Block-1 Village-5,cattle,2,0,8,37.9,Similar cases seen in neighbouring herd.,False,False,False,False,False,False,False,False,True,False,False,False,0.0,LOW
2366,2026-06-27,Kolhapur,Kolhapur Block-1,Kolhapur Block-1 Village-4,cattle,2,0,2,,Similar cases seen in neighbouring herd.,False,False,False,False,False,True,True,False,False,False,False,False,0.0,LOW
2367,2026-06-27,Sambhajinagar,Sambhajinagar Block-1,Sambhajinagar Block-1 Village-1,sheep,1,0,6,37.9,,False,False,True,True,True,True,True,True,False,False,False,False,0.0,LOW
2368,2026-06-27,Nagpur,Nagpur Block-3,Nagpur Block-3 Village-3,poultry,3,0,4,40.0,,True,False,False,False,False,False,False,False,True,False,False,False,0.0,LOW
2369,2026-06-27,Amravati,Amravati Block-3,Amravati Block-3 Village-2,buffalo,4,0,4,,Similar cases seen in neighbouring herd.,False,True,True,True,False,False,False,False,False,False,False,False,0.0,LOW
2370,2026-06-27,Kolhapur,Kolhapur Block-3,Kolhapur Block-3 Village-4,cattle,4,0,8,39.1,Reported by local field worker.,False,False,False,False,False,True,False,False,False,False,False,False,0.0,LOW
2371,2026-06-27,Kolhapur,Kolhapur Block-3,Kolhapur Block-3 Village-5,cattle,5,1,3,,Animals isolated as precaution.,False,True,False,False,True,True,False,False,False,False,False,False,0.2,MEDIUM
2372,2026-06-27,Nashik,Nashik Block-1,Nashik Block-1 Village-3,cattle,3,0,8,,Similar cases seen in neighbouring herd.,False,False,False,False,False,True,False,False,False,False,False,False,0.0,LOW
2373,2026-06-27,Pune,Pune Block-3,Pune Block-3 Village-5,cattle,4,0,7,41.0,Similar cases seen in neighbouring herd.,True,False,False,False,True,False,True,False,False,False,False,False,0.0,LOW
2374,2026-06-27,Nashik,Nashik Block-3,Nashik Block-3 Village-1,cattle,4,0,5,40.0,,True,False,False,False,False,False,True,False,False,False,False,False,0.0,LOW
2375,2026-06-27,Pune,Pune Block-3,Pune Block-3 Village-4,goat,1,0,9,38.9,Reported by local field worker.,False,False,False,True,False,False,False,False,False,False,False,False,0.0,LOW
2376,2026-06-27,Nagpur,Nagpur Block-1,Nagpur Block-1 Village-3,goat,2,0,7,,Farmer requested urgent visit.,False,False,False,False,True,True,False,False,False,False,False,False,0.0,LOW
2377,2026-06-27,Sambhajinagar,Sambhajinagar Block-1,Sambhajinagar Block-1 Village-5,buffalo,4,0,2,39.4,,True,False,False,False,False,True,False,False,False,False,False,False,0.0,LOW
2378,2026-06-27,Nashik,Nashik Block-1,Nashik Block-1 Village-1,goat,3,0,8,38.5,Farmer requested urgent visit.,False,False,False,False,False,False,False,True,False,False,False,False,0.0,LOW
2379,2026-06-27,Nashik,Nashik Block-2,Nashik Block-2 Village-3,cattle,2,0,9,40.3,,True,False,False,False,True,False,False,False,False,False,False,False,0.0,LOW
2380,2026-06-28,Nagpur,Nagpur Block-2,Nagpur Block-2 Village-5,cattle,12,4,2,40.6,,True,False,True,False,False,False,False,False,False,False,True,False,0.333,HIGH
2381,2026-06-28,Nagpur,Nagpur Block-3,Nagpur Block-3 Village-5,cattle,7,0,6,40.5,,True,False,False,False,True,True,False,False,False,False,False,False,0.0,LOW
2382,2026-06-28,Nagpur,Nagpur Block-3,Nagpur Block-3 Village-5,cattle,3,0,3,40.2,Similar cases seen in neighbouring herd.,True,True,False,True,False,True,False,False,False,False,False,False,0.0,LOW
2383,2026-06-28,Pune,Pune Block-2,Pune Block-2 Village-5,cattle,4,0,9,,,True,False,True,True,False,False,False,False,False,False,False,False,0.0,LOW
2384,2026-06-28,Nashik,Nashik Block-2,Nashik Block-2 Village-4,goat,3,0,6,38.4,Farmer requested urgent visit.,False,False,False,False,False,False,True,False,False,False,False,False,0.0,LOW
2385,2026-06-28,Kolhapur,Kolhapur Block-2,Kolhapur Block-2 Village-2,cattle,2,0,8,40.2,Reported by local field worker.,True,True,False,False,False,False,False,False,False,False,False,False,0.0,LOW
2386,2026-06-28,Amravati,Amravati Block-2,Amravati Block-2 Village-2,sheep,3,0,5,,,True,False,True,False,False,False,False,False,False,False,False,False,0.0,LOW
2387,2026-06-28,Sambhajinagar,Sambhajinagar Block-2,Sambhajinagar Block-2 Village-3,buffalo,8,3,3,,,True,True,True,True,False,True,True,True,True,False,False,False,0.375,MEDIUM
2388,2026-06-28,Sambhajinagar,Sambhajinagar Block-3,Sambhajinagar Block-3 Village-4,poultry,3,0,2,38.5,Animals isolated as precaution.,False,False,True,False,False,False,False,False,False,False,False,False,0.0,LOW
2389,2026-06-28,Kolhapur,Kolhapur Block-3,Kolhapur Block-3 Village-2,cattle,1,0,8,39.9,Reported by local field worker.,True,False,True,True,True,False,False,False,False,False,False,False,0.0,LOW
2390,2026-06-28,Nashik,Nashik Block-3,Nashik Block-3 Village-5,cattle,2,0,7,38.0,Similar cases seen in neighbouring herd.,False,False,False,False,True,False,False,False,False,False,False,False,0.0,LOW
2391,2026-06-28,Kolhapur,Kolhapur Block-1,Kolhapur Block-1 Village-3,goat,4,0,9,41.1,Animals isolated as precaution.,True,False,True,False,False,False,False,False,False,False,False,False,0.0,LOW
2392,2026-06-28,Amravati,Amravati Block-2,Amravati Block-2 Village-3,buffalo,4,0,3,40.9,Reported by local field worker.,True,False,False,False,False,False,False,False,False,True,False,False,0.0,LOW
2393,2026-06-28,Amravati,Amravati Block-3,Amravati Block-3 Village-5,poultry,1,0,1,38.0,,False,True,False,False,False,False,False,False,False,False,False,False,0.0,LOW
2394,2026-06-28,Nagpur,Nagpur Block-2,Nagpur Block-2 Village-1,buffalo,1,0,9,,Animals isolated as precaution.,False,True,True,False,True,False,False,False,False,True,False,False,0.0,LOW
2395,2026-06-28,Amravati,Amravati Block-3,Amravati Block-3 Village-4,poultry,3,0,6,40.2,,True,False,False,True,False,False,False,False,False,False,False,False,0.0,LOW
2396,2026-06-28,Sambhajinagar,Sambhajinagar Block-3,Sambhajinagar Block-3 Village-3,cattle,4,0,1,41.0,Reported by local field worker.,True,False,True,False,False,True,False,False,False,False,False,False,0.0,LOW
2397,2026-06-28,Amravati,Amravati Block-2,Amravati Block-2 Village-4,goat,2,0,3,,,False,True,False,False,False,False,False,False,False,False,False,False,0.0,LOW
2398,2026-06-28,Nagpur,Nagpur Block-1,Nagpur Block-1 Village-2,cattle,7,0,1,38.8,,False,False,True,False,False,True,False,False,False,False,False,False,0.0,LOW
2399,2026-06-28,Nagpur,Nagpur Block-1,Nagpur Block-1 Village-1,goat,1,0,2,,Reported by local field worker.,True,False,False,False,False,False,False,False,False,False,False,False,0.0,LOW
2400,2026-06-28,Pune,Pune Block-1,Pune Block-1 Village-3,cattle,2,0,2,,Animals isolated as precaution.,False,True,False,False,False,False,True,True,False,False,False,False,0.0,LOW
2401,2026-06-28,Nashik,Nashik Block-3,Nashik Block-3 Village-5,goat,2,0,2,41.5,,True,False,True,True,True,False,True,False,False,True,False,True,0.0,MEDIUM
2402,2026-06-28,Nagpur,Nagpur Block-2,Nagpur Block-2 Village-5,poultry,6,0,7,,Reported by local field worker.,True,True,False,True,False,False,False,False,False,False,False,False,0.0,LOW
2403,2026-06-28,Pune,Pune Block-1,Pune Block-1 Village-3,buffalo,2,0,9,40.2,Reported by local field worker.,True,False,True,True,True,False,False,False,False,False,False,False,0.0,LOW
2404,2026-06-28,Nashik,Nashik Block-3,Nashik Block-3 Village-4,poultry,6,1,6,38.7,,False,False,False,True,False,False,False,False,False,False,False,False,0.167,LOW
2405,2026-06-28,Pune,Pune Block-2,Pune Block-2 Village-3,buffalo,3,0,8,,Farmer requested urgent visit.,False,False,False,False,False,False,False,False,True,False,False,False,0.0,LOW
2406,2026-06-28,Nagpur,Nagpur Block-3,Nagpur Block-3 Village-4,cattle,2,0,5,,Similar cases seen in neighbouring herd.,False,False,False,False,False,False,False,False,False,False,False,True,0.0,LOW
2407,2026-06-28,Kolhapur,Kolhapur Block-3,Kolhapur Block-3 Village-1,goat,7,1,9,,Similar cases seen in neighbouring herd.,True,False,True,True,True,True,True,False,False,False,False,False,0.143,LOW
2408,2026-06-28,Pune,Pune Block-3,Pune Block-3 Village-5,cattle,4,0,5,,,True,False,False,False,False,False,False,False,False,False,False,False,0.0,LOW
2409,2026-06-28,Nashik,Nashik Block-2,Nashik Block-2 Village-2,goat,4,0,6,38.3,Farmer requested urgent visit.,False,False,False,False,False,False,False,False,False,True,False,False,0.0,LOW
2410,2026-06-28,Amravati,Amravati Block-1,Amravati Block-1 Village-4,goat,2,0,4,39.0,,False,False,False,True,False,True,False,False,False,False,False,False,0.0,LOW
2411,2026-06-28,Nagpur,Nagpur Block-2,Nagpur Block-2 Village-2,goat,3,0,4,37.6,,False,True,True,True,False,False,False,False,False,False,False,False,0.0,LOW
2412,2026-06-28,Nashik,Nashik Block-1,Nashik Block-1 Village-1,goat,18,6,1,39.6,Animals isolated as precaution.,True,True,True,True,False,True,True,False,False,True,False,False,0.333,HIGH
2413,2026-06-28,Nagpur,Nagpur Block-1,Nagpur Block-1 Village-5,cattle,2,0,9,,Reported by local field worker.,True,False,False,False,False,False,False,False,False,False,False,False,0.0,LOW
2414,2026-06-28,Nagpur,Nagpur Block-2,Nagpur Block-2 Village-2,sheep,3,0,5,38.0,Reported by local field worker.,False,False,True,False,False,True,False,False,False,False,False,False,0.0,LOW
2415,2026-06-28,Nashik,Nashik Block-3,Nashik Block-3 Village-5,sheep,4,0,4,39.1,Similar cases seen in neighbouring herd.,False,False,False,True,True,False,False,False,False,False,False,False,0.0,LOW
2416,2026-06-28,Pune,Pune Block-2,Pune Block-2 Village-4,poultry,6,1,1,41.3,Reported by local field worker.,True,False,False,True,True,True,False,False,False,False,True,False,0.167,HIGH
2417,2026-06-28,Kolhapur,Kolhapur Block-3,Kolhapur Block-3 Village-1,poultry,6,0,3,39.6,Similar cases seen in neighbouring herd.,True,False,True,True,False,True,False,False,False,False,False,False,0.0,LOW
2418,2026-06-28,Amravati,Amravati Block-2,Amravati Block-2 Village-3,sheep,9,2,9,37.9,,False,False,False,True,True,False,True,False,False,False,True,False,0.222,MEDIUM
2419,2026-06-28,Sambhajinagar,Sambhajinagar Block-2,Sambhajinagar Block-2 Village-3,buffalo,7,0,1,37.7,,False,True,False,True,False,False,False,True,False,False,False,False,0.0,LOW
2420,2026-06-28,Nagpur,Nagpur Block-2,Nagpur Block-2 Village-3,goat,1,0,6,38.5,Animals isolated as precaution.,False,False,False,True,False,True,True,False,False,False,False,False,0.0,LOW
2421,2026-06-28,Amravati,Amravati Block-1,Amravati Block-1 Village-1,goat,4,0,5,39.4,Animals isolated as precaution.,True,False,False,False,False,False,False,False,False,False,False,False,0.0,LOW
2422,2026-06-28,Amravati,Amravati Block-3,Amravati Block-3 Village-5,goat,4,0,1,,,False,True,False,False,False,False,False,False,False,False,False,False,0.0,LOW
2423,2026-06-28,Pune,Pune Block-2,Pune Block-2 Village-3,goat,4,0,9,38.7,Farmer requested urgent visit.,False,False,False,True,False,False,False,False,False,False,True,False,0.0,MEDIUM
2424,2026-06-28,Nashik,Nashik Block-2,Nashik Block-2 Village-1,cattle,3,0,8,,,False,True,True,False,False,False,False,False,False,False,False,False,0.0,LOW
2425,2026-06-28,Pune,Pune Block-2,Pune Block-2 Village-5,buffalo,1,0,7,39.8,,True,True,True,False,False,False,False,False,False,False,False,False,0.0,LOW
2426,2026-06-28,Amravati,Amravati Block-2,Amravati Block-2 Village-3,buffalo,4,0,6,38.3,,False,False,False,True,False,False,False,False,False,False,False,False,0.0,LOW
2427,2026-06-28,Nagpur,Nagpur Block-2,Nagpur Block-2 Village-1,goat,4,0,7,37.9,Similar cases seen in neighbouring herd.,False,False,False,False,False,True,False,False,False,False,False,False,0.0,LOW
2428,2026-06-28,Nagpur,Nagpur Block-3,Nagpur Block-3 Village-4,sheep,4,0,9,39.8,,True,True,False,False,False,True,False,False,False,False,False,False,0.0,LOW
2429,2026-06-28,Amravati,Amravati Block-3,Amravati Block-3 Village-3,sheep,3,0,4,38.4,,False,True,False,False,True,False,True,False,False,False,False,False,0.0,LOW
2430,2026-06-28,Nagpur,Nagpur Block-2,Nagpur Block-2 Village-2,poultry,15,5,1,,Similar cases seen in neighbouring herd.,True,True,True,False,True,True,True,False,False,False,False,False,0.333,MEDIUM
2431,2026-06-28,Sambhajinagar,Sambhajinagar Block-3,Sambhajinagar Block-3 Village-1,cattle,2,0,9,37.9,Similar cases seen in neighbouring herd.,False,False,False,False,False,False,False,False,False,False,False,True,0.0,MEDIUM
2432,2026-06-28,Nashik,Nashik Block-3,Nashik Block-3 Village-1,goat,7,1,8,39.9,Similar cases seen in neighbouring herd.,True,False,False,False,False,False,True,False,False,False,False,False,0.143,LOW
2433,2026-06-28,Kolhapur,Kolhapur Block-2,Kolhapur Block-2 Village-2,cattle,9,1,9,41.1,,True,True,True,True,False,False,False,False,False,True,False,False,0.111,LOW
2434,2026-06-28,Pune,Pune Block-2,Pune Block-2 Village-1,cattle,2,0,4,38.7,Farmer requested urgent visit.,False,False,False,False,False,False,False,False,True,False,False,False,0.0,LOW
2435,2026-06-28,Kolhapur,Kolhapur Block-3,Kolhapur Block-3 Village-1,cattle,5,3,1,40.9,,True,True,False,True,True,True,True,False,True,False,False,False,0.6,HIGH
2436,2026-06-28,Pune,Pune Block-3,Pune Block-3 Village-3,sheep,3,0,9,41.0,Farmer requested urgent visit.,True,False,False,False,False,True,False,False,False,False,False,False,0.0,LOW
2437,2026-06-28,Kolhapur,Kolhapur Block-2,Kolhapur Block-2 Village-4,buffalo,4,0,2,39.0,,False,True,False,False,False,False,False,False,False,False,False,False,0.0,LOW
2438,2026-06-28,Nagpur,Nagpur Block-3,Nagpur Block-3 Village-1,cattle,4,0,9,38.2,Similar cases seen in neighbouring herd.,False,False,False,False,False,False,False,False,False,False,True,False,0.0,MEDIUM
2439,2026-06-28,Nashik,Nashik Block-3,Nashik Block-3 Village-2,goat,8,4,1,40.9,,True,True,True,False,False,True,True,False,False,True,False,False,0.5,HIGH
2440,2026-06-28,Sambhajinagar,Sambhajinagar Block-2,Sambhajinagar Block-2 Village-2,buffalo,7,1,9,,Reported by local field worker.,False,True,False,True,False,False,False,False,False,False,False,False,0.143,LOW
2441,2026-06-28,Amravati,Amravati Block-2,Amravati Block-2 Village-3,sheep,3,0,6,39.4,Reported by local field worker.,True,False,False,False,True,False,False,False,False,False,False,False,0.0,LOW
2442,2026-06-28,Kolhapur,Kolhapur Block-3,Kolhapur Block-3 Village-1,buffalo,2,0,7,,Reported by local field worker.,False,False,False,False,True,False,False,False,False,False,False,False,0.0,LOW
2443,2026-06-28,Amravati,Amravati Block-1,Amravati Block-1 Village-3,sheep,9,2,8,40.9,Farmer requested urgent visit.,True,False,False,True,False,True,False,True,False,False,False,False,0.222,LOW
2444,2026-06-29,Nagpur,Nagpur Block-2,Nagpur Block-2 Village-5,sheep,14,6,1,39.6,Farmer requested urgent visit.,True,True,True,True,False,True,True,False,True,False,False,False,0.429,MEDIUM
2445,2026-06-29,Nagpur,Nagpur Block-2,Nagpur Block-2 Village-5,sheep,23,6,1,,,True,False,False,True,False,True,True,True,True,False,False,False,0.261,HIGH
2446,2026-06-29,Nagpur,Nagpur Block-3,Nagpur Block-3 Village-5,goat,10,5,1,41.1,,True,True,True,True,True,False,True,True,False,True,False,False,0.5,HIGH
2447,2026-06-29,Nagpur,Nagpur Block-3,Nagpur Block-3 Village-5,cattle,9,0,8,37.8,Farmer requested urgent visit.,False,False,True,False,False,False,False,False,False,False,False,False,0.0,LOW
2448,2026-06-29,Nagpur,Nagpur Block-3,Nagpur Block-3 Village-5,goat,5,0,7,,,False,False,False,False,False,False,False,False,False,False,True,False,0.0,LOW
2449,2026-06-29,Sambhajinagar,Sambhajinagar Block-1,Sambhajinagar Block-1 Village-5,cattle,5,0,6,,Animals isolated as precaution.,False,True,False,False,True,False,False,False,False,True,False,False,0.0,LOW
2450,2026-06-29,Amravati,Amravati Block-1,Amravati Block-1 Village-1,cattle,4,0,8,39.2,,False,True,False,False,False,False,False,False,False,False,False,False,0.0,LOW
2451,2026-06-29,Pune,Pune Block-3,Pune Block-3 Village-1,buffalo,4,0,4,40.7,,True,False,False,False,False,False,True,True,False,False,False,False,0.0,LOW
2452,2026-06-29,Nagpur,Nagpur Block-3,Nagpur Block-3 Village-1,poultry,2,0,1,,Reported by local field worker.,False,False,False,True,False,False,False,False,False,False,False,False,0.0,LOW
2453,2026-06-29,Sambhajinagar,Sambhajinagar Block-2,Sambhajinagar Block-2 Village-5,cattle,3,0,1,38.7,Similar cases seen in neighbouring herd.,False,True,False,True,False,False,True,False,False,False,False,False,0.0,LOW
2454,2026-06-29,Amravati,Amravati Block-1,Amravati Block-1 Village-1,sheep,4,0,3,,,False,False,False,False,False,False,False,False,False,True,False,False,0.0,LOW
2455,2026-06-29,Pune,Pune Block-3,Pune Block-3 Village-3,cattle,5,1,8,39.9,,True,True,True,True,True,False,False,False,True,False,False,False,0.2,LOW
2456,2026-06-29,Pune,Pune Block-3,Pune Block-3 Village-5,cattle,1,0,3,41.4,,True,False,False,False,False,False,False,False,False,False,False,False,0.0,LOW
2457,2026-06-29,Kolhapur,Kolhapur Block-2,Kolhapur Block-2 Village-4,goat,4,0,4,38.7,Farmer requested urgent visit.,False,True,False,True,False,False,False,False,False,False,True,False,0.0,MEDIUM
2458,2026-06-29,Amravati,Amravati Block-3,Amravati Block-3 Village-3,sheep,4,0,2,,Animals isolated as precaution.,False,False,False,False,False,False,False,False,True,False,False,False,0.0,LOW
2459,2026-06-29,Nashik,Nashik Block-1,Nashik Block-1 Village-1,goat,1,0,3,37.9,,False,False,True,False,False,True,False,False,False,False,False,False,0.0,LOW
2460,2026-06-29,Amravati,Amravati Block-2,Amravati Block-2 Village-2,cattle,1,0,9,,Similar cases seen in neighbouring herd.,True,False,True,True,False,False,False,False,False,False,False,False,0.0,LOW
2461,2026-06-29,Nagpur,Nagpur Block-3,Nagpur Block-3 Village-1,cattle,3,0,3,39.1,,False,False,False,False,False,False,True,False,False,False,False,False,0.0,LOW
2462,2026-06-29,Sambhajinagar,Sambhajinagar Block-1,Sambhajinagar Block-1 Village-4,cattle,4,0,2,,Reported by local field worker.,True,True,False,True,False,False,False,False,False,False,False,False,0.0,LOW
2463,2026-06-29,Amravati,Amravati Block-3,Amravati Block-3 Village-1,goat,6,1,5,40.4,,True,True,False,False,False,True,False,False,False,True,False,False,0.167,MEDIUM
2464,2026-06-29,Pune,Pune Block-1,Pune Block-1 Village-5,buffalo,6,3,3,,,True,True,True,True,True,True,False,False,True,False,False,False,0.5,HIGH
2465,2026-06-29,Nagpur,Nagpur Block-1,Nagpur Block-1 Village-2,cattle,4,0,3,37.8,,False,False,True,True,False,False,False,False,False,False,False,False,0.0,LOW
2466,2026-06-29,Nagpur,Nagpur Block-2,Nagpur Block-2 Village-2,cattle,1,0,2,38.0,Similar cases seen in neighbouring herd.,False,False,False,True,False,True,False,False,False,False,False,False,0.0,LOW
2467,2026-06-29,Pune,Pune Block-3,Pune Block-3 Village-1,poultry,4,0,6,40.7,,True,False,False,True,False,False,False,False,False,False,False,False,0.0,LOW
2468,2026-06-29,Nashik,Nashik Block-3,Nashik Block-3 Village-1,cattle,1,0,9,,Reported by local field worker.,True,True,True,False,False,True,False,False,False,False,False,False,0.0,LOW
2469,2026-06-29,Kolhapur,Kolhapur Block-1,Kolhapur Block-1 Village-4,sheep,3,0,6,38.9,Similar cases seen in neighbouring herd.,False,True,True,True,False,True,False,False,True,False,False,False,0.0,LOW
2470,2026-06-29,Sambhajinagar,Sambhajinagar Block-1,Sambhajinagar Block-1 Village-1,poultry,3,0,3,38.4,,False,False,True,False,True,False,False,False,False,False,False,False,0.0,LOW
2471,2026-06-29,Kolhapur,Kolhapur Block-3,Kolhapur Block-3 Village-1,cattle,2,0,2,38.6,Farmer requested urgent visit.,False,False,False,True,False,False,False,False,False,False,False,False,0.0,LOW
2472,2026-06-29,Amravati,Amravati Block-2,Amravati Block-2 Village-1,poultry,3,0,1,41.2,Similar cases seen in neighbouring herd.,True,False,False,False,False,True,False,False,False,False,False,False,0.0,LOW
2473,2026-06-29,Nashik,Nashik Block-2,Nashik Block-2 Village-2,buffalo,2,0,9,40.8,,True,False,False,False,False,False,False,False,False,False,False,False,0.0,LOW
2474,2026-06-29,Pune,Pune Block-2,Pune Block-2 Village-5,poultry,3,0,7,,Farmer requested urgent visit.,True,False,False,False,False,False,False,False,False,False,False,False,0.0,LOW
2475,2026-06-29,Nagpur,Nagpur Block-3,Nagpur Block-3 Village-4,cattle,10,4,3,,Similar cases seen in neighbouring herd.,True,True,False,False,False,False,False,False,False,False,False,False,0.4,MEDIUM
2476,2026-06-29,Pune,Pune Block-1,Pune Block-1 Village-4,cattle,1,0,4,38.0,Animals isolated as precaution.,False,False,False,False,True,True,False,True,False,False,False,False,0.0,LOW
2477,2026-06-29,Sambhajinagar,Sambhajinagar Block-3,Sambhajinagar Block-3 Village-4,cattle,9,1,2,40.7,,True,True,False,False,False,True,False,False,False,False,False,False,0.111,LOW
2478,2026-06-29,Sambhajinagar,Sambhajinagar Block-3,Sambhajinagar Block-3 Village-4,sheep,4,0,6,,Reported by local field worker.,False,False,False,False,False,False,False,False,False,False,True,False,0.0,LOW
2479,2026-06-29,Kolhapur,Kolhapur Block-3,Kolhapur Block-3 Village-3,buffalo,2,0,1,38.3,Reported by local field worker.,False,False,False,True,False,False,False,False,False,False,False,False,0.0,LOW
2480,2026-06-29,Nagpur,Nagpur Block-3,Nagpur Block-3 Village-2,sheep,3,0,4,40.0,Similar cases seen in neighbouring herd.,True,True,False,True,True,False,False,False,False,False,False,False,0.0,LOW
2481,2026-06-29,Kolhapur,Kolhapur Block-1,Kolhapur Block-1 Village-1,buffalo,4,0,6,39.4,,True,False,True,False,False,False,True,False,False,False,False,False,0.0,LOW
2482,2026-06-29,Sambhajinagar,Sambhajinagar Block-3,Sambhajinagar Block-3 Village-4,goat,1,0,7,,Reported by local field worker.,False,False,False,False,True,False,False,False,False,False,False,False,0.0,LOW
2483,2026-06-29,Pune,Pune Block-2,Pune Block-2 Village-4,cattle,2,0,8,41.3,Farmer requested urgent visit.,True,True,False,False,False,False,False,False,False,False,False,False,0.0,LOW
2484,2026-06-29,Pune,Pune Block-2,Pune Block-2 Village-3,poultry,2,0,3,,Reported by local field worker.,False,True,False,False,False,False,False,False,True,False,False,False,0.0,LOW
2485,2026-06-29,Nagpur,Nagpur Block-2,Nagpur Block-2 Village-4,sheep,2,0,4,,,False,False,False,False,False,False,False,False,False,True,False,False,0.0,LOW
2486,2026-06-29,Nagpur,Nagpur Block-3,Nagpur Block-3 Village-2,goat,5,0,9,,Farmer requested urgent visit.,True,False,False,True,False,False,True,True,False,False,False,False,0.0,LOW
2487,2026-06-29,Nagpur,Nagpur Block-3,Nagpur Block-3 Village-2,goat,1,0,9,39.5,Reported by local field worker.,True,False,False,False,False,False,False,False,False,False,False,False,0.0,LOW
2488,2026-06-29,Nagpur,Nagpur Block-3,Nagpur Block-3 Village-2,cattle,1,0,5,,,True,False,False,False,True,False,False,False,False,False,False,False,0.0,LOW
2489,2026-06-29,Amravati,Amravati Block-1,Amravati Block-1 Village-4,poultry,8,1,6,,Farmer requested urgent visit.,True,False,True,False,False,False,True,False,False,False,False,False,0.125,LOW
2490,2026-06-30,Nashik,Nashik Block-3,Nashik Block-3 Village-1,cattle,9,2,2,,,True,True,False,True,False,False,False,False,False,False,False,False,0.222,LOW
2491,2026-06-30,Nashik,Nashik Block-3,Nashik Block-3 Village-1,cattle,18,8,3,39.1,,False,True,True,True,False,True,True,False,True,False,False,False,0.444,HIGH
2492,2026-06-30,Nashik,Nashik Block-3,Nashik Block-3 Village-1,cattle,3,1,2,40.7,Reported by local field worker.,True,False,False,False,False,True,False,False,False,False,False,False,0.333,MEDIUM
2493,2026-06-30,Nashik,Nashik Block-3,Nashik Block-3 Village-1,goat,5,2,2,41.3,Similar cases seen in neighbouring herd.,True,True,True,True,False,False,False,False,False,True,False,False,0.4,MEDIUM
2494,2026-06-30,Nagpur,Nagpur Block-3,Nagpur Block-3 Village-5,cattle,3,0,5,,,True,False,True,False,False,False,False,False,False,False,False,False,0.0,LOW
2495,2026-06-30,Pune,Pune Block-1,Pune Block-1 Village-2,cattle,1,0,6,38.9,Farmer requested urgent visit.,False,False,True,False,False,False,False,False,False,False,False,False,0.0,LOW
2496,2026-06-30,Pune,Pune Block-2,Pune Block-2 Village-4,cattle,3,0,2,37.7,Reported by local field worker.,False,False,False,False,False,False,True,False,False,False,False,False,0.0,LOW
2497,2026-06-30,Amravati,Amravati Block-2,Amravati Block-2 Village-5,cattle,4,0,6,41.4,Reported by local field worker.,True,False,False,False,False,False,False,False,False,False,False,False,0.0,LOW
2498,2026-06-30,Sambhajinagar,Sambhajinagar Block-3,Sambhajinagar Block-3 Village-4,goat,7,1,6,,Farmer requested urgent visit.,False,False,True,False,False,False,False,False,False,False,False,False,0.143,LOW
2499,2026-06-30,Nashik,Nashik Block-1,Nashik Block-1 Village-4,cattle,4,0,4,39.7,,True,False,True,False,False,True,False,False,False,False,False,False,0.0,LOW
2500,2026-06-30,Amravati,Amravati Block-3,Amravati Block-3 Village-3,sheep,4,0,2,38.9,Similar cases seen in neighbouring herd.,False,True,False,False,False,False,False,False,False,False,False,False,0.0,LOW
2501,2026-06-30,Nashik,Nashik Block-3,Nashik Block-3 Village-3,sheep,1,0,9,,Reported by local field worker.,True,False,False,False,False,False,False,False,False,False,False,False,0.0,LOW
2502,2026-06-30,Amravati,Amravati Block-2,Amravati Block-2 Village-3,buffalo,4,0,4,,Animals isolated as precaution.,False,True,False,True,False,False,False,False,False,False,False,False,0.0,LOW
2503,2026-06-30,Amravati,Amravati Block-2,Amravati Block-2 Village-2,cattle,6,1,5,40.5,Similar cases seen in neighbouring herd.,True,True,True,True,False,False,False,False,False,False,False,False,0.167,LOW
2504,2026-06-30,Pune,Pune Block-1,Pune Block-1 Village-3,cattle,7,2,3,40.0,,True,True,False,True,False,False,True,False,False,False,False,False,0.286,MEDIUM
2505,2026-06-30,Amravati,Amravati Block-1,Amravati Block-1 Village-1,sheep,8,0,3,39.0,Reported by local field worker.,False,True,False,False,False,False,False,False,False,False,False,False,0.0,LOW
2506,2026-06-30,Nashik,Nashik Block-1,Nashik Block-1 Village-5,sheep,3,0,7,39.5,Similar cases seen in neighbouring herd.,True,True,False,False,False,True,True,True,True,False,False,False,0.0,LOW
2507,2026-06-30,Sambhajinagar,Sambhajinagar Block-1,Sambhajinagar Block-1 Village-3,goat,2,0,7,,Reported by local field worker.,True,False,False,False,False,False,False,False,False,False,False,False,0.0,LOW
2508,2026-06-30,Nashik,Nashik Block-3,Nashik Block-3 Village-4,cattle,2,0,8,38.5,Animals isolated as precaution.,False,False,True,True,False,False,False,False,False,False,False,False,0.0,LOW
2509,2026-06-30,Nagpur,Nagpur Block-3,Nagpur Block-3 Village-4,buffalo,2,0,8,40.1,,True,False,True,True,False,True,False,True,False,False,False,False,0.0,LOW
2510,2026-06-30,Sambhajinagar,Sambhajinagar Block-1,Sambhajinagar Block-1 Village-2,buffalo,4,1,2,,Reported by local field worker.,True,False,False,True,False,False,False,False,False,False,False,False,0.25,LOW
2511,2026-06-30,Amravati,Amravati Block-2,Amravati Block-2 Village-1,sheep,4,0,5,,Farmer requested urgent visit.,True,True,False,False,False,False,True,False,False,False,False,False,0.0,LOW
2512,2026-06-30,Nagpur,Nagpur Block-2,Nagpur Block-2 Village-5,poultry,8,1,8,40.7,,True,True,False,True,False,False,False,False,False,False,False,True,0.125,MEDIUM
2513,2026-06-30,Amravati,Amravati Block-1,Amravati Block-1 Village-1,cattle,18,9,3,40.9,Similar cases seen in neighbouring herd.,True,True,True,True,False,False,False,False,True,False,False,True,0.5,HIGH
2514,2026-06-30,Nashik,Nashik Block-3,Nashik Block-3 Village-3,buffalo,2,0,6,40.9,Reported by local field worker.,True,False,False,False,False,True,False,False,False,False,False,False,0.0,LOW
2515,2026-06-30,Nashik,Nashik Block-1,Nashik Block-1 Village-2,cattle,1,0,7,39.7,Farmer requested urgent visit.,True,False,False,False,False,False,False,False,False,False,False,False,0.0,LOW
2516,2026-06-30,Amravati,Amravati Block-3,Amravati Block-3 Village-5,goat,3,0,6,39.9,Reported by local field worker.,True,False,True,False,True,True,False,False,False,False,False,False,0.0,LOW
2517,2026-06-30,Sambhajinagar,Sambhajinagar Block-2,Sambhajinagar Block-2 Village-5,buffalo,3,0,6,,Farmer requested urgent visit.,False,True,False,True,False,False,False,False,False,True,False,False,0.0,LOW
2518,2026-06-30,Sambhajinagar,Sambhajinagar Block-3,Sambhajinagar Block-3 Village-4,sheep,4,0,1,40.8,,True,False,False,True,False,False,False,False,False,False,False,False,0.0,LOW
2519,2026-06-30,Nashik,Nashik Block-1,Nashik Block-1 Village-4,buffalo,3,0,1,38.7,Similar cases seen in neighbouring herd.,False,False,True,False,False,True,True,False,False,False,False,False,0.0,LOW
2520,2026-06-30,Sambhajinagar,Sambhajinagar Block-1,Sambhajinagar Block-1 Village-4,cattle,2,0,6,39.6,Reported by local field worker.,True,False,False,False,False,False,True,False,False,False,False,False,0.0,LOW
2521,2026-06-30,Pune,Pune Block-3,Pune Block-3 Village-1,poultry,3,0,8,39.2,Reported by local field worker.,False,False,False,True,True,False,False,False,False,False,False,False,0.0,LOW
2522,2026-06-30,Pune,Pune Block-2,Pune Block-2 Village-1,buffalo,6,1,9,40.4,,True,True,False,True,True,False,False,False,True,False,False,False,0.167,LOW
2523,2026-06-30,Pune,Pune Block-1,Pune Block-1 Village-2,buffalo,4,0,9,,Farmer requested urgent visit.,False,False,False,False,False,True,False,False,False,False,False,False,0.0,LOW
2524,2026-06-30,Amravati,Amravati Block-2,Amravati Block-2 Village-5,poultry,4,0,1,,Animals isolated as precaution.,False,False,True,True,False,False,False,False,False,False,False,False,0.0,LOW
2525,2026-06-30,Amravati,Amravati Block-1,Amravati Block-1 Village-5,buffalo,5,0,5,,,True,False,False,False,True,True,False,False,False,True,False,False,0.0,LOW
2526,2026-06-30,Pune,Pune Block-3,Pune Block-3 Village-2,sheep,2,0,1,,Reported by local field worker.,False,True,True,True,False,False,False,False,False,True,False,False,0.0,LOW
2527,2026-06-30,Nashik,Nashik Block-1,Nashik Block-1 Village-5,goat,2,0,5,39.1,Reported by local field worker.,False,True,False,False,False,False,False,False,False,False,False,False,0.0,LOW
2528,2026-06-30,Amravati,Amravati Block-3,Amravati Block-3 Village-5,goat,2,0,6,39.0,Reported by local field worker.,False,False,False,False,False,False,False,False,True,False,False,False,0.0,LOW
2529,2026-06-30,Sambhajinagar,Sambhajinagar Block-3,Sambhajinagar Block-3 Village-5,buffalo,2,0,8,,Reported by local field worker.,True,True,False,False,False,True,True,False,False,False,False,False,0.0,LOW
2530,2026-06-30,Amravati,Amravati Block-1,Amravati Block-1 Village-1,cattle,3,0,3,38.3,,False,False,False,False,False,False,False,False,True,False,False,False,0.0,LOW
2531,2026-07-01,Nagpur,Nagpur Block-2,Nagpur Block-2 Village-5,cattle,24,12,3,,,True,True,True,False,True,True,True,False,False,False,False,False,0.5,HIGH
2532,2026-07-01,Nagpur,Nagpur Block-2,Nagpur Block-2 Village-5,sheep,2,0,3,,,True,True,False,False,True,False,True,False,False,False,True,False,0.0,LOW
2533,2026-07-01,Nagpur,Nagpur Block-2,Nagpur Block-2 Village-5,buffalo,16,7,2,38.5,,False,True,False,True,False,False,True,True,False,False,False,True,0.438,HIGH
2534,2026-07-01,Nashik,Nashik Block-3,Nashik Block-3 Village-1,cattle,8,2,6,,Animals isolated as precaution.,False,False,False,False,True,False,False,True,False,False,False,False,0.25,MEDIUM
2535,2026-07-01,Nagpur,Nagpur Block-3,Nagpur Block-3 Village-5,goat,11,4,2,,,True,True,False,True,False,True,True,False,False,False,False,False,0.364,MEDIUM
2536,2026-07-01,Kolhapur,Kolhapur Block-3,Kolhapur Block-3 Village-5,sheep,3,0,8,40.9,Reported by local field worker.,True,True,True,False,False,False,False,False,True,False,False,False,0.0,LOW
2537,2026-07-01,Nagpur,Nagpur Block-2,Nagpur Block-2 Village-1,cattle,2,0,5,,Animals isolated as precaution.,False,False,True,False,True,False,False,False,False,False,False,False,0.0,LOW
2538,2026-07-01,Nagpur,Nagpur Block-2,Nagpur Block-2 Village-2,cattle,3,0,7,41.3,,True,False,True,True,False,True,False,False,False,False,False,False,0.0,LOW
2539,2026-07-01,Nashik,Nashik Block-3,Nashik Block-3 Village-3,goat,1,0,4,40.4,Farmer requested urgent visit.,True,True,True,True,False,False,False,False,False,False,False,False,0.0,LOW
2540,2026-07-01,Kolhapur,Kolhapur Block-3,Kolhapur Block-3 Village-2,sheep,7,1,9,,Reported by local field worker.,True,True,True,False,False,False,False,False,False,False,False,False,0.143,LOW
2541,2026-07-01,Amravati,Amravati Block-1,Amravati Block-1 Village-3,buffalo,3,0,6,38.5,Similar cases seen in neighbouring herd.,False,False,True,True,False,False,True,False,False,False,False,False,0.0,LOW
2542,2026-07-01,Sambhajinagar,Sambhajinagar Block-1,Sambhajinagar Block-1 Village-1,goat,3,0,1,,Reported by local field worker.,False,False,False,False,False,True,True,False,False,False,False,False,0.0,LOW
2543,2026-07-01,Kolhapur,Kolhapur Block-3,Kolhapur Block-3 Village-2,sheep,1,0,7,38.2,,False,False,False,True,False,True,False,False,False,False,False,False,0.0,LOW
2544,2026-07-01,Nagpur,Nagpur Block-1,Nagpur Block-1 Village-1,cattle,3,0,5,38.3,,False,False,False,False,False,False,False,False,True,False,False,False,0.0,LOW
2545,2026-07-01,Sambhajinagar,Sambhajinagar Block-3,Sambhajinagar Block-3 Village-4,cattle,4,0,2,,Similar cases seen in neighbouring herd.,False,False,True,False,False,False,False,False,False,False,True,False,0.0,LOW
2546,2026-07-01,Sambhajinagar,Sambhajinagar Block-2,Sambhajinagar Block-2 Village-2,buffalo,1,0,1,38.6,,False,False,False,True,False,False,False,False,False,False,False,False,0.0,LOW
2547,2026-07-01,Kolhapur,Kolhapur Block-2,Kolhapur Block-2 Village-2,cattle,1,0,3,38.5,Similar cases seen in neighbouring herd.,False,False,False,False,True,False,True,True,False,False,False,False,0.0,LOW
2548,2026-07-01,Nagpur,Nagpur Block-2,Nagpur Block-2 Village-5,buffalo,4,0,7,37.8,Reported by local field worker.,False,False,True,False,False,False,False,False,False,False,False,False,0.0,LOW
2549,2026-07-01,Nashik,Nashik Block-3,Nashik Block-3 Village-2,goat,9,0,6,38.9,Similar cases seen in neighbouring herd.,False,True,True,True,False,True,True,False,False,False,False,False,0.0,LOW
2550,2026-07-01,Pune,Pune Block-2,Pune Block-2 Village-1,cattle,4,0,9,37.9,Animals isolated as precaution.,False,False,False,False,False,False,False,True,False,False,False,False,0.0,LOW
2551,2026-07-01,Amravati,Amravati Block-2,Amravati Block-2 Village-3,goat,4,0,3,38.5,Farmer requested urgent visit.,False,False,False,True,False,False,False,False,False,False,False,False,0.0,LOW
2552,2026-07-01,Nagpur,Nagpur Block-1,Nagpur Block-1 Village-4,goat,1,0,7,40.4,,True,False,False,False,False,False,False,False,False,False,False,False,0.0,LOW
2553,2026-07-01,Kolhapur,Kolhapur Block-2,Kolhapur Block-2 Village-4,sheep,4,0,4,,Similar cases seen in neighbouring herd.,False,False,True,False,False,False,False,False,False,False,False,False,0.0,LOW
2554,2026-07-01,Pune,Pune Block-1,Pune Block-1 Village-3,cattle,1,0,6,,Reported by local field worker.,False,False,False,True,False,True,False,False,False,False,False,False,0.0,LOW
2555,2026-07-01,Nagpur,Nagpur Block-2,Nagpur Block-2 Village-2,cattle,2,0,4,38.6,,False,False,False,False,False,False,True,False,False,False,False,False,0.0,LOW
2556,2026-07-01,Amravati,Amravati Block-2,Amravati Block-2 Village-5,sheep,4,0,1,,Similar cases seen in neighbouring herd.,False,False,False,False,False,False,True,False,False,True,False,False,0.0,LOW
2557,2026-07-01,Amravati,Amravati Block-2,Amravati Block-2 Village-1,cattle,3,0,8,39.8,Animals isolated as precaution.,True,False,False,False,False,False,True,False,False,False,False,False,0.0,LOW
2558,2026-07-01,Pune,Pune Block-2,Pune Block-2 Village-2,buffalo,1,0,7,37.9,,False,False,False,True,False,False,False,False,False,False,False,False,0.0,LOW
2559,2026-07-01,Kolhapur,Kolhapur Block-1,Kolhapur Block-1 Village-4,poultry,3,0,1,38.3,Reported by local field worker.,False,False,False,False,False,False,False,False,True,False,False,False,0.0,LOW
2560,2026-07-01,Nagpur,Nagpur Block-2,Nagpur Block-2 Village-1,cattle,2,0,7,38.5,,False,False,False,False,False,True,False,False,False,False,False,False,0.0,LOW
2561,2026-07-01,Nashik,Nashik Block-2,Nashik Block-2 Village-1,cattle,3,0,2,40.8,,True,False,False,False,False,False,False,False,False,False,False,False,0.0,LOW
2562,2026-07-01,Pune,Pune Block-3,Pune Block-3 Village-1,sheep,23,3,1,,Animals isolated as precaution.,True,True,True,True,True,False,True,False,False,True,False,False,0.13,MEDIUM
2563,2026-07-01,Nashik,Nashik Block-1,Nashik Block-1 Village-4,cattle,1,0,3,38.1,Similar cases seen in neighbouring herd.,False,True,False,False,True,False,False,False,False,False,False,False,0.0,LOW
2564,2026-07-01,Sambhajinagar,Sambhajinagar Block-3,Sambhajinagar Block-3 Village-5,buffalo,3,0,9,,Similar cases seen in neighbouring herd.,False,False,False,False,False,False,False,True,False,False,False,False,0.0,LOW
2565,2026-07-01,Amravati,Amravati Block-3,Amravati Block-3 Village-1,cattle,3,0,3,40.5,Farmer requested urgent visit.,True,True,False,True,True,False,False,False,False,False,False,False,0.0,LOW
2566,2026-07-01,Amravati,Amravati Block-1,Amravati Block-1 Village-5,goat,2,0,8,39.9,,True,False,False,False,False,False,False,False,True,False,False,False,0.0,LOW
2567,2026-07-01,Pune,Pune Block-2,Pune Block-2 Village-3,buffalo,3,0,4,38.6,,False,True,False,False,False,False,True,True,False,False,False,False,0.0,LOW
2568,2026-07-01,Pune,Pune Block-3,Pune Block-3 Village-3,goat,1,0,4,37.8,,False,False,False,False,True,False,False,False,False,False,False,False,0.0,LOW
2569,2026-07-01,Sambhajinagar,Sambhajinagar Block-1,Sambhajinagar Block-1 Village-1,cattle,2,0,8,38.4,Farmer requested urgent visit.,False,False,True,False,False,False,False,False,False,True,False,False,0.0,LOW
2570,2026-07-01,Amravati,Amravati Block-3,Amravati Block-3 Village-2,sheep,2,0,4,,Similar cases seen in neighbouring herd.,True,True,False,False,False,True,False,False,False,False,False,False,0.0,LOW
2571,2026-07-01,Amravati,Amravati Block-2,Amravati Block-2 Village-4,goat,4,0,6,38.2,,False,False,False,False,True,False,False,False,False,False,False,False,0.0,LOW
2572,2026-07-01,Sambhajinagar,Sambhajinagar Block-1,Sambhajinagar Block-1 Village-5,sheep,1,0,8,,Animals isolated as precaution.,True,False,True,False,True,True,True,False,False,False,False,False,0.0,LOW
2573,2026-07-01,Amravati,Amravati Block-3,Amravati Block-3 Village-3,buffalo,8,1,4,38.7,Similar cases seen in neighbouring herd.,False,False,False,True,False,False,False,False,False,False,False,True,0.125,MEDIUM
2574,2026-07-01,Nashik,Nashik Block-2,Nashik Block-2 Village-5,sheep,1,0,9,,,False,False,False,False,False,True,False,False,False,False,False,False,0.0,LOW
2575,2026-07-01,Nashik,Nashik Block-2,Nashik Block-2 Village-4,buffalo,1,0,1,38.3,Similar cases seen in neighbouring herd.,False,True,False,True,False,True,False,False,False,False,False,False,0.0,LOW
2576,2026-07-01,Pune,Pune Block-3,Pune Block-3 Village-4,cattle,1,0,7,37.8,,False,False,False,False,False,False,False,True,False,False,False,False,0.0,LOW
2577,2026-07-01,Amravati,Amravati Block-3,Amravati Block-3 Village-5,sheep,3,0,6,,,True,False,True,False,False,False,False,False,False,False,False,False,0.0,LOW
2578,2026-07-01,Pune,Pune Block-2,Pune Block-2 Village-3,buffalo,3,0,5,38.7,,False,False,False,False,True,False,False,False,False,False,False,False,0.0,LOW
2579,2026-07-01,Nashik,Nashik Block-2,Nashik Block-2 Village-4,buffalo,4,0,1,,,True,True,False,True,True,False,False,False,True,False,False,False,0.0,LOW
2580,2026-07-01,Nagpur,Nagpur Block-3,Nagpur Block-3 Village-2,cattle,3,0,7,37.7,,False,False,False,False,False,False,False,False,False,False,False,True,0.0,MEDIUM
2581,2026-07-01,Pune,Pune Block-1,Pune Block-1 Village-1,sheep,3,0,1,,Farmer requested urgent visit.,True,True,True,False,False,True,False,False,False,False,False,False,0.0,LOW
2582,2026-07-01,Nashik,Nashik Block-1,Nashik Block-1 Village-3,sheep,5,1,4,,Similar cases seen in neighbouring herd.,False,True,False,True,False,False,False,False,False,False,False,False,0.2,LOW
2583,2026-07-01,Sambhajinagar,Sambhajinagar Block-1,Sambhajinagar Block-1 Village-5,sheep,7,1,2,39.7,,True,False,False,True,False,False,False,False,False,False,False,False,0.143,LOW
2584,2026-07-01,Sambhajinagar,Sambhajinagar Block-2,Sambhajinagar Block-2 Village-5,cattle,1,0,2,40.5,Similar cases seen in neighbouring herd.,True,True,False,False,False,True,False,False,False,False,False,False,0.0,LOW
2585,2026-07-01,Amravati,Amravati Block-2,Amravati Block-2 Village-5,cattle,3,0,4,38.5,,False,False,True,True,False,False,False,False,True,False,False,False,0.0,LOW
2586,2026-07-02,Nagpur,Nagpur Block-2,Nagpur Block-2 Village-5,cattle,3,0,5,40.5,,True,False,False,False,False,True,False,False,False,False,False,False,0.0,LOW
2587,2026-07-02,Nashik,Nashik Block-3,Nashik Block-3 Village-1,buffalo,24,10,1,,Farmer requested urgent visit.,True,True,False,True,False,False,False,False,False,True,False,False,0.417,HIGH
2588,2026-07-02,Nashik,Nashik Block-3,Nashik Block-3 Village-1,cattle,8,3,3,39.5,,True,True,True,True,True,True,False,False,False,False,False,False,0.375,MEDIUM
2589,2026-07-02,Nagpur,Nagpur Block-3,Nagpur Block-3 Village-5,buffalo,4,0,9,37.6,Animals isolated as precaution.,False,False,False,True,False,False,False,False,False,False,False,False,0.0,LOW
2590,2026-07-02,Nagpur,Nagpur Block-3,Nagpur Block-3 Village-5,buffalo,9,1,8,39.9,,True,True,True,False,False,False,False,True,False,False,False,True,0.111,HIGH
2591,2026-07-02,Nagpur,Nagpur Block-3,Nagpur Block-3 Village-5,cattle,6,1,6,40.0,Similar cases seen in neighbouring herd.,True,False,False,False,False,False,False,False,False,False,False,False,0.167,MEDIUM
2592,2026-07-02,Sambhajinagar,Sambhajinagar Block-3,Sambhajinagar Block-3 Village-1,buffalo,5,0,2,38.1,,False,True,False,False,False,False,True,False,True,False,False,False,0.0,LOW
2593,2026-07-02,Sambhajinagar,Sambhajinagar Block-1,Sambhajinagar Block-1 Village-1,goat,2,0,7,41.0,,True,False,False,False,False,True,False,False,False,False,False,False,0.0,LOW
2594,2026-07-02,Sambhajinagar,Sambhajinagar Block-1,Sambhajinagar Block-1 Village-3,sheep,5,1,1,,Animals isolated as precaution.,False,False,False,True,True,True,False,False,False,False,True,False,0.2,HIGH
2595,2026-07-02,Kolhapur,Kolhapur Block-3,Kolhapur Block-3 Village-1,buffalo,4,1,5,40.4,Animals isolated as precaution.,True,True,False,False,False,False,False,False,False,True,False,False,0.25,LOW
2596,2026-07-02,Nashik,Nashik Block-2,Nashik Block-2 Village-1,cattle,7,0,2,,,False,False,True,False,False,False,False,False,False,False,False,False,0.0,LOW
2597,2026-07-02,Nashik,Nashik Block-2,Nashik Block-2 Village-3,goat,2,0,9,37.7,Farmer requested urgent visit.,False,True,False,True,False,False,False,False,False,False,False,False,0.0,LOW
2598,2026-07-02,Sambhajinagar,Sambhajinagar Block-1,Sambhajinagar Block-1 Village-1,sheep,4,0,7,38.4,Reported by local field worker.,False,True,True,True,False,False,False,True,False,False,False,False,0.0,LOW
2599,2026-07-02,Nagpur,Nagpur Block-3,Nagpur Block-3 Village-5,goat,4,0,8,37.6,Farmer requested urgent visit.,False,False,False,False,False,True,True,False,True,True,False,False,0.0,LOW
2600,2026-07-02,Nashik,Nashik Block-2,Nashik Block-2 Village-5,cattle,4,0,8,38.1,,False,False,False,False,False,False,False,False,True,False,False,False,0.0,LOW
2601,2026-07-02,Nagpur,Nagpur Block-1,Nagpur Block-1 Village-5,buffalo,3,0,8,38.4,Animals isolated as precaution.,False,False,False,False,False,False,False,True,False,False,False,False,0.0,LOW
2602,2026-07-02,Nagpur,Nagpur Block-1,Nagpur Block-1 Village-1,cattle,3,0,1,40.0,Animals isolated as precaution.,True,False,False,False,False,False,False,True,False,False,False,False,0.0,LOW
2603,2026-07-02,Kolhapur,Kolhapur Block-1,Kolhapur Block-1 Village-4,goat,2,0,4,40.0,Animals isolated as precaution.,True,False,True,False,False,False,True,False,False,False,False,True,0.0,MEDIUM
2604,2026-07-02,Nashik,Nashik Block-1,Nashik Block-1 Village-5,cattle,4,0,3,37.8,Similar cases seen in neighbouring herd.,False,False,False,False,True,False,False,False,False,False,False,False,0.0,LOW
2605,2026-07-02,Kolhapur,Kolhapur Block-1,Kolhapur Block-1 Village-4,goat,4,0,9,41.2,,True,False,False,False,False,False,False,False,True,False,False,False,0.0,LOW
2606,2026-07-02,Nagpur,Nagpur Block-3,Nagpur Block-3 Village-1,cattle,4,0,9,37.7,Similar cases seen in neighbouring herd.,False,False,False,False,False,False,True,False,False,False,False,False,0.0,LOW
2607,2026-07-02,Pune,Pune Block-2,Pune Block-2 Village-2,goat,1,0,2,37.7,,False,False,False,False,False,False,False,False,False,False,True,False,0.0,LOW
2608,2026-07-02,Pune,Pune Block-3,Pune Block-3 Village-2,cattle,2,0,9,37.9,Animals isolated as precaution.,False,False,False,True,False,False,True,False,False,False,False,False,0.0,LOW
2609,2026-07-02,Nagpur,Nagpur Block-2,Nagpur Block-2 Village-1,buffalo,2,0,3,,,True,True,True,False,False,False,True,False,False,False,False,False,0.0,LOW
2610,2026-07-02,Pune,Pune Block-2,Pune Block-2 Village-1,sheep,4,0,1,37.8,Reported by local field worker.,False,False,False,True,False,True,False,True,False,False,False,False,0.0,LOW
2611,2026-07-02,Sambhajinagar,Sambhajinagar Block-3,Sambhajinagar Block-3 Village-4,buffalo,1,0,4,40.2,Reported by local field worker.,True,True,False,False,False,False,False,False,False,False,False,False,0.0,LOW
2612,2026-07-02,Sambhajinagar,Sambhajinagar Block-1,Sambhajinagar Block-1 Village-4,cattle,3,0,8,40.1,,True,False,False,False,False,False,False,False,False,False,False,False,0.0,LOW
2613,2026-07-02,Nagpur,Nagpur Block-3,Nagpur Block-3 Village-5,cattle,2,0,8,40.1,Animals isolated as precaution.,True,False,True,False,False,False,False,False,False,False,False,False,0.0,LOW
2614,2026-07-02,Sambhajinagar,Sambhajinagar Block-1,Sambhajinagar Block-1 Village-3,cattle,4,0,7,,Similar cases seen in neighbouring herd.,False,True,False,False,False,False,False,False,False,False,False,False,0.0,LOW
2615,2026-07-02,Nashik,Nashik Block-3,Nashik Block-3 Village-3,buffalo,2,0,8,38.2,Similar cases seen in neighbouring herd.,False,False,False,False,False,False,False,True,False,False,False,False,0.0,LOW
2616,2026-07-02,Kolhapur,Kolhapur Block-1,Kolhapur Block-1 Village-2,sheep,1,0,7,40.2,Reported by local field worker.,True,False,False,False,False,False,False,False,False,False,False,False,0.0,LOW
2617,2026-07-02,Kolhapur,Kolhapur Block-2,Kolhapur Block-2 Village-1,goat,1,0,6,38.1,,False,True,False,False,False,False,False,True,False,False,False,False,0.0,LOW
2618,2026-07-02,Amravati,Amravati Block-3,Amravati Block-3 Village-5,buffalo,4,0,4,,Farmer requested urgent visit.,False,True,False,True,True,True,False,False,False,False,False,False,0.0,LOW
2619,2026-07-02,Sambhajinagar,Sambhajinagar Block-3,Sambhajinagar Block-3 Village-4,cattle,1,0,2,,Reported by local field worker.,False,False,True,False,False,False,False,False,False,False,False,False,0.0,LOW
2620,2026-07-02,Nagpur,Nagpur Block-3,Nagpur Block-3 Village-5,buffalo,4,0,7,38.0,Similar cases seen in neighbouring herd.,False,False,False,False,False,False,False,False,True,False,False,False,0.0,LOW
2621,2026-07-02,Nagpur,Nagpur Block-2,Nagpur Block-2 Village-3,sheep,2,0,1,38.1,Reported by local field worker.,False,True,False,False,False,False,False,False,False,False,False,False,0.0,LOW
2622,2026-07-02,Pune,Pune Block-3,Pune Block-3 Village-4,cattle,3,0,5,38.1,Reported by local field worker.,False,False,False,False,True,False,False,False,False,False,False,False,0.0,LOW
2623,2026-07-02,Nagpur,Nagpur Block-2,Nagpur Block-2 Village-5,poultry,2,0,1,37.7,,False,True,True,False,False,False,False,False,False,False,False,False,0.0,LOW
2624,2026-07-02,Nagpur,Nagpur Block-3,Nagpur Block-3 Village-1,buffalo,4,0,4,38.6,Farmer requested urgent visit.,False,False,False,False,False,False,False,True,False,False,False,False,0.0,LOW
2625,2026-07-02,Sambhajinagar,Sambhajinagar Block-3,Sambhajinagar Block-3 Village-2,buffalo,1,0,7,,Animals isolated as precaution.,False,False,False,False,False,False,False,False,True,False,False,False,0.0,LOW
2626,2026-07-02,Sambhajinagar,Sambhajinagar Block-2,Sambhajinagar Block-2 Village-4,goat,2,0,8,40.8,Reported by local field worker.,True,False,False,False,False,False,False,False,False,False,False,False,0.0,LOW
2627,2026-07-02,Kolhapur,Kolhapur Block-2,Kolhapur Block-2 Village-5,cattle,2,0,5,38.5,Farmer requested urgent visit.,False,False,False,False,False,False,True,False,False,False,False,False,0.0,LOW
2628,2026-07-02,Sambhajinagar,Sambhajinagar Block-3,Sambhajinagar Block-3 Village-3,buffalo,2,0,5,,Similar cases seen in neighbouring herd.,False,False,True,False,False,False,False,False,False,False,False,False,0.0,LOW
2629,2026-07-02,Pune,Pune Block-1,Pune Block-1 Village-4,sheep,4,0,4,38.9,Similar cases seen in neighbouring herd.,False,False,False,False,False,False,False,False,False,True,False,False,0.0,LOW
2630,2026-07-02,Sambhajinagar,Sambhajinagar Block-3,Sambhajinagar Block-3 Village-5,poultry,4,0,8,,,False,False,False,False,True,False,False,False,False,False,False,False,0.0,LOW
2631,2026-07-02,Amravati,Amravati Block-1,Amravati Block-1 Village-3,cattle,8,2,2,,Farmer requested urgent visit.,True,True,True,True,True,False,True,True,False,False,False,False,0.25,MEDIUM
2632,2026-07-02,Nagpur,Nagpur Block-3,Nagpur Block-3 Village-4,cattle,3,0,4,,Animals isolated as precaution.,False,True,True,False,False,False,False,False,False,False,False,False,0.0,LOW
2633,2026-07-02,Nashik,Nashik Block-1,Nashik Block-1 Village-1,buffalo,3,0,3,38.8,,False,True,True,False,False,False,True,False,False,False,False,False,0.0,LOW
2634,2026-07-02,Kolhapur,Kolhapur Block-1,Kolhapur Block-1 Village-5,goat,8,1,6,,,False,True,False,False,False,True,False,False,False,False,False,False,0.125,LOW
2635,2026-07-02,Nagpur,Nagpur Block-3,Nagpur Block-3 Village-3,cattle,1,0,1,38.6,,False,False,False,False,False,False,True,False,False,False,False,False,0.0,LOW
2636,2026-07-02,Pune,Pune Block-3,Pune Block-3 Village-5,buffalo,5,0,9,41.0,Similar cases seen in neighbouring herd.,True,False,True,True,False,False,True,True,False,True,False,False,0.0,LOW
2637,2026-07-02,Kolhapur,Kolhapur Block-1,Kolhapur Block-1 Village-1,goat,3,1,3,39.6,,True,False,False,False,False,True,False,False,False,False,False,False,0.333,MEDIUM
2638,2026-07-02,Amravati,Amravati Block-2,Amravati Block-2 Village-1,cattle,1,0,8,39.8,,True,False,False,True,False,False,False,True,False,False,False,False,0.0,LOW
2639,2026-07-02,Nashik,Nashik Block-3,Nashik Block-3 Village-4,cattle,4,0,5,39.0,,False,False,True,False,False,False,False,False,False,False,False,False,0.0,LOW
2640,2026-07-02,Nagpur,Nagpur Block-3,Nagpur Block-3 Village-1,goat,1,0,6,38.3,,False,False,True,False,False,False,False,False,False,False,False,False,0.0,LOW
2641,2026-07-02,Nashik,Nashik Block-2,Nashik Block-2 Village-3,buffalo,2,0,7,39.8,Reported by local field worker.,True,False,False,False,False,False,False,False,True,False,True,False,0.0,MEDIUM
2642,2026-07-02,Nagpur,Nagpur Block-3,Nagpur Block-3 Village-1,cattle,3,0,9,38.3,Reported by local field worker.,False,False,True,False,False,True,False,False,False,False,False,False,0.0,LOW
2643,2026-07-03,Nashik,Nashik Block-3,Nashik Block-3 Village-1,goat,21,9,2,41.1,Similar cases seen in neighbouring herd.,True,False,True,True,True,True,True,True,True,False,False,False,0.429,HIGH
2644,2026-07-03,Nashik,Nashik Block-3,Nashik Block-3 Village-1,sheep,10,3,2,,,True,True,False,True,True,False,False,False,False,False,False,False,0.3,MEDIUM
2645,2026-07-03,Nashik,Nashik Block-3,Nashik Block-3 Village-1,goat,2,0,1,,Farmer requested urgent visit.,True,True,True,True,True,False,False,False,False,False,False,False,0.0,LOW
2646,2026-07-03,Nashik,Nashik Block-3,Nashik Block-3 Village-1,goat,6,1,9,39.9,Similar cases seen in neighbouring herd.,True,True,True,True,False,False,False,False,False,False,False,True,0.167,MEDIUM
2647,2026-07-03,Nashik,Nashik Block-2,Nashik Block-2 Village-5,cattle,1,0,4,39.9,Reported by local field worker.,True,False,False,False,False,False,False,False,False,False,False,False,0.0,LOW
2648,2026-07-03,Pune,Pune Block-3,Pune Block-3 Village-3,cattle,1,0,7,38.5,,False,True,False,False,False,False,False,False,False,False,False,False,0.0,LOW
2649,2026-07-03,Nashik,Nashik Block-1,Nashik Block-1 Village-5,sheep,1,0,1,,Reported by local field worker.,False,False,False,True,False,False,False,False,False,False,False,False,0.0,LOW
2650,2026-07-03,Pune,Pune Block-1,Pune Block-1 Village-1,poultry,4,0,2,37.8,,False,False,False,True,False,False,False,False,False,False,False,False,0.0,LOW
2651,2026-07-03,Amravati,Amravati Block-1,Amravati Block-1 Village-5,poultry,4,0,7,,,True,False,False,False,True,False,True,False,False,False,False,False,0.0,LOW
2652,2026-07-03,Nashik,Nashik Block-2,Nashik Block-2 Village-3,goat,4,0,6,37.7,Animals isolated as precaution.,False,False,False,False,False,True,False,False,False,False,False,False,0.0,LOW
2653,2026-07-03,Kolhapur,Kolhapur Block-2,Kolhapur Block-2 Village-4,buffalo,4,0,1,,Similar cases seen in neighbouring herd.,False,True,False,False,True,False,True,False,False,True,False,False,0.0,LOW
2654,2026-07-03,Sambhajinagar,Sambhajinagar Block-1,Sambhajinagar Block-1 Village-3,cattle,1,0,2,39.0,,False,False,False,False,True,True,False,False,False,False,False,False,0.0,LOW
2655,2026-07-03,Pune,Pune Block-3,Pune Block-3 Village-1,buffalo,3,0,5,,,False,False,False,False,False,False,False,False,True,False,False,False,0.0,LOW
2656,2026-07-03,Kolhapur,Kolhapur Block-1,Kolhapur Block-1 Village-3,cattle,2,0,2,,,False,False,True,False,True,True,False,False,True,False,False,False,0.0,LOW
2657,2026-07-03,Kolhapur,Kolhapur Block-1,Kolhapur Block-1 Village-3,poultry,21,7,3,,,True,True,True,True,False,True,False,True,False,False,False,False,0.333,HIGH
2658,2026-07-03,Nashik,Nashik Block-1,Nashik Block-1 Village-5,sheep,2,0,8,38.4,Similar cases seen in neighbouring herd.,False,False,False,False,False,False,False,False,False,False,False,True,0.0,MEDIUM
2659,2026-07-03,Nagpur,Nagpur Block-2,Nagpur Block-2 Village-3,cattle,2,0,5,41.3,Farmer requested urgent visit.,True,False,False,True,True,False,False,False,False,False,False,False,0.0,LOW
2660,2026-07-03,Pune,Pune Block-3,Pune Block-3 Village-5,goat,12,4,3,40.4,Animals isolated as precaution.,True,False,False,False,False,False,False,False,True,True,False,False,0.333,MEDIUM
2661,2026-07-03,Amravati,Amravati Block-3,Amravati Block-3 Village-1,buffalo,2,0,2,40.1,,True,True,False,False,False,False,False,False,True,False,False,False,0.0,LOW
2662,2026-07-03,Kolhapur,Kolhapur Block-3,Kolhapur Block-3 Village-3,cattle,4,0,3,40.4,Reported by local field worker.,True,False,False,False,True,False,False,False,False,False,False,False,0.0,LOW
2663,2026-07-03,Nashik,Nashik Block-1,Nashik Block-1 Village-4,buffalo,1,0,6,37.9,Reported by local field worker.,False,False,False,False,False,False,False,False,False,False,False,True,0.0,LOW
2664,2026-07-03,Pune,Pune Block-2,Pune Block-2 Village-5,goat,8,2,5,39.6,Similar cases seen in neighbouring herd.,True,True,True,False,False,False,False,False,False,False,False,False,0.25,LOW
2665,2026-07-03,Amravati,Amravati Block-1,Amravati Block-1 Village-2,cattle,3,0,1,38.1,Animals isolated as precaution.,False,False,False,True,False,False,True,False,False,True,False,False,0.0,LOW
2666,2026-07-03,Sambhajinagar,Sambhajinagar Block-1,Sambhajinagar Block-1 Village-5,cattle,1,0,2,,,False,False,True,True,False,False,False,False,False,False,False,False,0.0,LOW
2667,2026-07-03,Pune,Pune Block-2,Pune Block-2 Village-3,goat,3,0,7,,,False,False,False,False,True,True,True,True,False,False,False,False,0.0,LOW
2668,2026-07-03,Pune,Pune Block-2,Pune Block-2 Village-3,cattle,1,0,7,38.2,Reported by local field worker.,False,True,False,False,True,False,False,False,False,False,False,False,0.0,LOW
2669,2026-07-03,Nagpur,Nagpur Block-3,Nagpur Block-3 Village-2,cattle,3,0,7,39.1,,False,True,False,True,False,False,False,False,True,False,False,False,0.0,LOW
2670,2026-07-03,Sambhajinagar,Sambhajinagar Block-1,Sambhajinagar Block-1 Village-1,cattle,1,0,2,,,False,False,False,False,True,False,True,False,False,False,False,False,0.0,LOW
2671,2026-07-03,Nashik,Nashik Block-3,Nashik Block-3 Village-3,cattle,4,0,5,,,True,False,False,False,False,False,False,False,True,False,False,False,0.0,LOW
2672,2026-07-03,Kolhapur,Kolhapur Block-3,Kolhapur Block-3 Village-5,buffalo,1,0,8,39.6,,True,False,False,False,True,False,False,False,False,False,False,False,0.0,LOW
2673,2026-07-03,Kolhapur,Kolhapur Block-3,Kolhapur Block-3 Village-2,cattle,1,0,1,38.8,Reported by local field worker.,False,True,False,True,False,False,False,False,False,False,False,False,0.0,LOW
2674,2026-07-03,Pune,Pune Block-1,Pune Block-1 Village-4,poultry,9,0,9,,,False,False,True,False,False,False,True,False,False,False,False,False,0.0,LOW
2675,2026-07-03,Sambhajinagar,Sambhajinagar Block-2,Sambhajinagar Block-2 Village-1,sheep,3,0,2,37.8,Similar cases seen in neighbouring herd.,False,False,False,True,False,False,False,False,False,False,False,False,0.0,LOW
2676,2026-07-03,Amravati,Amravati Block-2,Amravati Block-2 Village-3,buffalo,1,0,5,37.8,,False,False,False,False,True,False,True,False,False,False,False,False,0.0,LOW
2677,2026-07-03,Nashik,Nashik Block-1,Nashik Block-1 Village-4,poultry,4,0,7,38.5,Animals isolated as precaution.,False,False,False,False,False,True,False,False,False,False,False,False,0.0,LOW
2678,2026-07-03,Nagpur,Nagpur Block-2,Nagpur Block-2 Village-5,goat,2,0,1,38.7,,False,False,False,False,False,True,False,False,False,False,False,False,0.0,LOW
2679,2026-07-03,Sambhajinagar,Sambhajinagar Block-1,Sambhajinagar Block-1 Village-3,sheep,1,0,7,37.8,Animals isolated as precaution.,False,False,False,True,False,False,False,False,False,True,False,False,0.0,LOW
2680,2026-07-03,Nagpur,Nagpur Block-2,Nagpur Block-2 Village-4,goat,1,0,8,40.5,Reported by local field worker.,True,True,False,False,True,False,False,False,False,False,False,False,0.0,LOW
2681,2026-07-03,Kolhapur,Kolhapur Block-2,Kolhapur Block-2 Village-2,poultry,1,0,3,,,False,False,False,False,False,True,True,False,False,False,False,False,0.0,LOW
2682,2026-07-03,Sambhajinagar,Sambhajinagar Block-2,Sambhajinagar Block-2 Village-1,poultry,3,0,9,39.0,,False,False,False,False,False,True,False,False,False,False,False,False,0.0,LOW
2683,2026-07-03,Nagpur,Nagpur Block-1,Nagpur Block-1 Village-2,goat,4,0,4,40.5,Reported by local field worker.,True,True,True,True,False,False,False,False,False,False,False,False,0.0,LOW
2684,2026-07-03,Nagpur,Nagpur Block-2,Nagpur Block-2 Village-1,buffalo,2,0,2,38.7,,False,False,False,True,False,False,False,False,False,False,False,False,0.0,LOW
2685,2026-07-03,Pune,Pune Block-2,Pune Block-2 Village-3,buffalo,1,0,8,,Reported by local field worker.,False,True,False,False,True,False,False,False,False,False,False,True,0.0,MEDIUM
2686,2026-07-03,Pune,Pune Block-1,Pune Block-1 Village-2,sheep,4,0,8,,Animals isolated as precaution.,True,False,False,False,False,False,False,False,False,False,False,False,0.0,LOW
2687,2026-07-03,Nashik,Nashik Block-1,Nashik Block-1 Village-2,sheep,1,0,2,40.5,,True,False,True,False,True,False,False,False,False,False,True,False,0.0,MEDIUM
2688,2026-07-03,Sambhajinagar,Sambhajinagar Block-2,Sambhajinagar Block-2 Village-2,cattle,2,0,3,39.4,,True,True,True,False,False,False,True,False,True,False,False,False,0.0,LOW
2689,2026-07-03,Nagpur,Nagpur Block-2,Nagpur Block-2 Village-1,cattle,3,0,8,,,False,False,False,False,True,False,False,False,True,False,False,False,0.0,LOW
2690,2026-07-03,Sambhajinagar,Sambhajinagar Block-1,Sambhajinagar Block-1 Village-4,goat,4,0,4,40.0,Similar cases seen in neighbouring herd.,True,False,False,False,False,False,False,False,False,False,False,False,0.0,LOW
2691,2026-07-03,Pune,Pune Block-1,Pune Block-1 Village-3,goat,1,0,3,41.4,,True,False,False,False,False,False,False,False,False,False,False,False,0.0,LOW
2692,2026-07-03,Pune,Pune Block-3,Pune Block-3 Village-3,sheep,3,0,9,39.9,Farmer requested urgent visit.,True,False,False,False,False,True,False,False,False,False,False,False,0.0,LOW
2693,2026-07-04,Sambhajinagar,Sambhajinagar Block-2,Sambhajinagar Block-2 Village-2,poultry,3,0,1,,Farmer requested urgent visit.,True,True,False,False,False,True,False,False,False,False,False,False,0.0,LOW
2694,2026-07-04,Sambhajinagar,Sambhajinagar Block-2,Sambhajinagar Block-2 Village-5,cattle,1,0,9,38.4,Farmer requested urgent visit.,False,False,False,False,False,False,True,False,False,False,False,False,0.0,LOW
2695,2026-07-04,Pune,Pune Block-3,Pune Block-3 Village-3,cattle,2,0,9,39.4,Farmer requested urgent visit.,True,False,False,False,True,True,False,False,False,False,False,False,0.0,LOW
2696,2026-07-04,Nashik,Nashik Block-3,Nashik Block-3 Village-5,sheep,7,1,1,39.0,,False,False,False,False,True,True,False,False,False,False,False,False,0.143,MEDIUM
2697,2026-07-04,Pune,Pune Block-3,Pune Block-3 Village-5,buffalo,1,0,5,,Farmer requested urgent visit.,False,False,False,False,False,False,False,True,False,False,False,False,0.0,LOW
2698,2026-07-04,Kolhapur,Kolhapur Block-1,Kolhapur Block-1 Village-5,buffalo,3,0,3,,Animals isolated as precaution.,False,False,False,False,True,False,False,False,False,False,False,False,0.0,LOW
2699,2026-07-04,Kolhapur,Kolhapur Block-3,Kolhapur Block-3 Village-3,buffalo,4,0,8,38.7,,False,False,True,False,False,False,False,False,False,False,False,False,0.0,LOW
2700,2026-07-04,Sambhajinagar,Sambhajinagar Block-3,Sambhajinagar Block-3 Village-2,buffalo,1,0,6,,,False,False,False,False,True,False,False,False,False,False,False,False,0.0,LOW
2701,2026-07-04,Nagpur,Nagpur Block-2,Nagpur Block-2 Village-4,sheep,1,0,8,40.2,Farmer requested urgent visit.,True,True,False,True,False,False,False,False,True,False,False,False,0.0,LOW
2702,2026-07-04,Nagpur,Nagpur Block-2,Nagpur Block-2 Village-3,sheep,6,0,2,,Similar cases seen in neighbouring herd.,True,False,True,False,False,False,False,False,False,False,False,True,0.0,MEDIUM
2703,2026-07-04,Nagpur,Nagpur Block-3,Nagpur Block-3 Village-3,poultry,4,0,3,,Farmer requested urgent visit.,True,False,False,False,False,False,False,False,False,False,False,False,0.0,LOW
2704,2026-07-04,Sambhajinagar,Sambhajinagar Block-3,Sambhajinagar Block-3 Village-1,cattle,3,0,4,40.6,Animals isolated as precaution.,True,False,False,False,True,False,False,False,False,False,False,False,0.0,LOW
2705,2026-07-04,Pune,Pune Block-1,Pune Block-1 Village-3,buffalo,1,0,9,39.9,,True,True,False,True,False,False,False,False,False,False,False,False,0.0,LOW
2706,2026-07-04,Nashik,Nashik Block-3,Nashik Block-3 Village-1,poultry,3,0,1,39.8,Farmer requested urgent visit.,True,True,False,False,True,False,False,False,False,False,False,False,0.0,LOW
2707,2026-07-04,Nagpur,Nagpur Block-2,Nagpur Block-2 Village-2,buffalo,3,0,2,41.2,Reported by local field worker.,True,False,False,False,False,True,False,False,False,False,False,False,0.0,LOW
2708,2026-07-04,Nashik,Nashik Block-1,Nashik Block-1 Village-4,cattle,1,0,4,38.8,,False,False,False,False,False,False,False,True,False,False,False,False,0.0,LOW
2709,2026-07-04,Amravati,Amravati Block-3,Amravati Block-3 Village-5,goat,1,0,5,38.5,,False,True,False,True,False,True,True,False,False,False,False,False,0.0,LOW
2710,2026-07-04,Sambhajinagar,Sambhajinagar Block-1,Sambhajinagar Block-1 Village-2,buffalo,2,0,7,40.5,,True,False,False,False,False,True,False,False,False,False,False,False,0.0,LOW
2711,2026-07-04,Nagpur,Nagpur Block-2,Nagpur Block-2 Village-1,goat,1,0,2,,Animals isolated as precaution.,True,True,False,True,True,False,False,False,False,False,False,False,0.0,LOW
2712,2026-07-04,Kolhapur,Kolhapur Block-3,Kolhapur Block-3 Village-4,poultry,3,0,4,37.9,Reported by local field worker.,False,False,True,False,False,False,False,False,False,False,False,True,0.0,MEDIUM
2713,2026-07-04,Kolhapur,Kolhapur Block-1,Kolhapur Block-1 Village-2,cattle,4,0,1,39.1,,False,False,False,True,False,False,False,False,False,False,False,False,0.0,LOW
2714,2026-07-04,Nashik,Nashik Block-3,Nashik Block-3 Village-2,buffalo,1,0,3,40.4,Farmer requested urgent visit.,True,True,False,False,False,True,False,False,False,False,False,False,0.0,LOW
2715,2026-07-04,Nagpur,Nagpur Block-2,Nagpur Block-2 Village-3,goat,3,0,4,40.0,,True,False,False,False,True,False,True,False,False,False,False,False,0.0,LOW
2716,2026-07-04,Amravati,Amravati Block-2,Amravati Block-2 Village-5,sheep,3,0,5,38.3,Animals isolated as precaution.,False,False,True,False,False,False,True,False,False,True,False,True,0.0,MEDIUM
2717,2026-07-04,Kolhapur,Kolhapur Block-1,Kolhapur Block-1 Village-5,cattle,6,1,3,40.6,,True,False,True,False,False,False,True,True,False,False,False,False,0.167,LOW
2718,2026-07-04,Pune,Pune Block-3,Pune Block-3 Village-5,cattle,1,0,2,,,True,False,False,False,True,False,False,False,False,False,False,False,0.0,LOW
2719,2026-07-04,Kolhapur,Kolhapur Block-1,Kolhapur Block-1 Village-4,poultry,4,0,3,41.4,Reported by local field worker.,True,True,False,True,True,False,False,False,False,False,False,False,0.0,LOW
2720,2026-07-04,Amravati,Amravati Block-3,Amravati Block-3 Village-4,cattle,1,0,1,38.6,,False,False,True,False,False,True,False,False,False,False,False,False,0.0,LOW
2721,2026-07-04,Amravati,Amravati Block-3,Amravati Block-3 Village-3,sheep,4,0,6,,,False,False,True,False,False,False,True,False,False,False,False,False,0.0,LOW
2722,2026-07-04,Pune,Pune Block-3,Pune Block-3 Village-3,cattle,4,0,7,38.8,Similar cases seen in neighbouring herd.,False,False,False,True,False,False,False,False,False,False,False,False,0.0,LOW
2723,2026-07-04,Pune,Pune Block-1,Pune Block-1 Village-4,sheep,4,0,8,38.3,Animals isolated as precaution.,False,False,True,True,False,False,True,False,False,False,False,False,0.0,LOW
2724,2026-07-04,Amravati,Amravati Block-2,Amravati Block-2 Village-1,cattle,2,0,5,39.6,,True,True,True,True,False,True,False,False,False,False,False,False,0.0,LOW
2725,2026-07-04,Kolhapur,Kolhapur Block-2,Kolhapur Block-2 Village-3,goat,4,0,7,,,False,False,False,False,True,False,False,False,False,False,False,False,0.0,LOW
2726,2026-07-04,Nashik,Nashik Block-1,Nashik Block-1 Village-1,sheep,4,0,9,39.8,,True,True,False,True,True,True,False,True,False,False,False,False,0.0,LOW
2727,2026-07-04,Sambhajinagar,Sambhajinagar Block-2,Sambhajinagar Block-2 Village-4,buffalo,2,0,2,38.8,,False,False,False,True,False,False,False,True,False,False,False,False,0.0,LOW
2728,2026-07-04,Amravati,Amravati Block-1,Amravati Block-1 Village-5,sheep,1,0,6,39.6,,True,False,False,False,False,False,False,False,False,False,False,False,0.0,LOW
2729,2026-07-04,Pune,Pune Block-2,Pune Block-2 Village-1,poultry,1,0,3,,,True,False,False,False,False,False,False,True,False,False,False,False,0.0,LOW
2730,2026-07-04,Nagpur,Nagpur Block-1,Nagpur Block-1 Village-5,buffalo,4,0,4,40.8,,True,True,False,False,False,False,False,False,True,False,False,False,0.0,LOW
2731,2026-07-04,Pune,Pune Block-1,Pune Block-1 Village-5,cattle,3,0,1,41.0,Similar cases seen in neighbouring herd.,True,False,True,False,False,False,False,False,False,False,False,False,0.0,LOW
2732,2026-07-04,Sambhajinagar,Sambhajinagar Block-3,Sambhajinagar Block-3 Village-4,sheep,2,0,4,40.1,Similar cases seen in neighbouring herd.,True,True,False,False,True,False,False,False,False,False,False,False,0.0,LOW
2733,2026-07-04,Nagpur,Nagpur Block-2,Nagpur Block-2 Village-1,buffalo,4,0,6,38.8,,False,False,False,True,False,True,False,False,False,False,False,False,0.0,LOW
2734,2026-07-05,Nagpur,Nagpur Block-2,Nagpur Block-2 Village-5,cattle,2,0,6,39.2,Farmer requested urgent visit.,False,False,False,True,False,False,True,True,False,False,False,False,0.0,LOW
2735,2026-07-05,Nagpur,Nagpur Block-2,Nagpur Block-2 Village-5,cattle,6,0,6,40.6,Reported by local field worker.,True,False,True,True,False,False,False,False,False,False,False,False,0.0,LOW
2736,2026-07-05,Nagpur,Nagpur Block-2,Nagpur Block-2 Village-5,goat,3,0,5,39.9,Similar cases seen in neighbouring herd.,True,True,False,True,False,False,False,False,False,True,False,False,0.0,LOW
2737,2026-07-05,Nagpur,Nagpur Block-2,Nagpur Block-2 Village-5,goat,16,5,3,40.0,,True,False,False,True,True,True,True,True,False,False,False,False,0.312,MEDIUM
2738,2026-07-05,Nashik,Nashik Block-3,Nashik Block-3 Village-1,cattle,17,7,1,,,True,True,True,True,True,True,True,True,False,True,False,False,0.412,HIGH
2739,2026-07-05,Nagpur,Nagpur Block-1,Nagpur Block-1 Village-2,cattle,2,0,4,38.3,Farmer requested urgent visit.,False,False,False,False,True,False,False,False,False,False,False,False,0.0,LOW
2740,2026-07-05,Nashik,Nashik Block-3,Nashik Block-3 Village-2,goat,4,0,5,38.1,,False,False,False,True,False,False,False,True,False,False,False,False,0.0,LOW
2741,2026-07-05,Nashik,Nashik Block-2,Nashik Block-2 Village-4,sheep,4,0,5,38.7,Similar cases seen in neighbouring herd.,False,False,False,True,False,False,False,False,False,False,False,False,0.0,LOW
2742,2026-07-05,Amravati,Amravati Block-1,Amravati Block-1 Village-3,sheep,4,0,9,38.7,,False,False,False,False,False,True,False,False,True,False,False,False,0.0,LOW
2743,2026-07-05,Sambhajinagar,Sambhajinagar Block-2,Sambhajinagar Block-2 Village-5,buffalo,1,0,3,,,False,False,False,True,False,True,False,False,False,False,False,False,0.0,LOW
2744,2026-07-05,Amravati,Amravati Block-3,Amravati Block-3 Village-2,sheep,1,0,2,40.7,Similar cases seen in neighbouring herd.,True,False,False,True,False,False,True,False,False,False,False,False,0.0,LOW
2745,2026-07-05,Sambhajinagar,Sambhajinagar Block-2,Sambhajinagar Block-2 Village-4,cattle,4,0,6,38.3,,False,False,False,False,False,True,False,False,False,False,False,False,0.0,LOW
2746,2026-07-05,Sambhajinagar,Sambhajinagar Block-3,Sambhajinagar Block-3 Village-3,poultry,2,0,8,37.9,Animals isolated as precaution.,False,False,False,False,False,False,True,False,False,False,False,False,0.0,LOW
2747,2026-07-05,Nashik,Nashik Block-3,Nashik Block-3 Village-1,cattle,4,0,2,40.9,,True,True,False,False,False,True,True,False,False,False,True,False,0.0,MEDIUM
2748,2026-07-05,Nashik,Nashik Block-2,Nashik Block-2 Village-5,poultry,6,1,3,40.1,,True,False,False,True,False,False,False,False,False,False,False,False,0.167,LOW
2749,2026-07-05,Sambhajinagar,Sambhajinagar Block-2,Sambhajinagar Block-2 Village-5,goat,3,0,8,39.0,Farmer requested urgent visit.,False,True,True,False,False,False,False,False,True,False,False,False,0.0,LOW
2750,2026-07-05,Pune,Pune Block-1,Pune Block-1 Village-4,poultry,8,1,9,39.1,,False,False,False,False,False,True,True,False,False,False,False,False,0.125,MEDIUM
2751,2026-07-05,Pune,Pune Block-2,Pune Block-2 Village-3,sheep,2,0,6,40.7,Farmer requested urgent visit.,True,False,True,False,False,True,False,False,False,False,False,False,0.0,LOW
2752,2026-07-05,Pune,Pune Block-1,Pune Block-1 Village-5,cattle,5,1,8,41.3,Farmer requested urgent visit.,True,True,True,True,False,True,True,False,False,False,True,False,0.2,HIGH
2753,2026-07-05,Nagpur,Nagpur Block-1,Nagpur Block-1 Village-3,goat,4,0,5,40.3,Reported by local field worker.,True,False,False,True,False,False,False,True,False,True,False,False,0.0,LOW
2754,2026-07-05,Pune,Pune Block-3,Pune Block-3 Village-2,goat,2,0,6,,,True,False,False,False,False,False,False,False,False,True,False,False,0.0,LOW
2755,2026-07-05,Amravati,Amravati Block-1,Amravati Block-1 Village-3,sheep,4,0,3,39.2,,False,False,False,False,False,False,False,False,True,False,False,False,0.0,LOW
2756,2026-07-05,Sambhajinagar,Sambhajinagar Block-1,Sambhajinagar Block-1 Village-3,cattle,4,0,1,,,False,False,True,True,False,False,False,False,False,False,False,False,0.0,LOW
2757,2026-07-05,Nagpur,Nagpur Block-2,Nagpur Block-2 Village-3,buffalo,2,0,8,38.6,,False,False,False,False,False,True,False,False,False,False,False,False,0.0,LOW
2758,2026-07-05,Kolhapur,Kolhapur Block-3,Kolhapur Block-3 Village-5,goat,1,0,8,,,False,False,False,True,False,False,False,False,False,False,False,False,0.0,LOW
2759,2026-07-05,Nashik,Nashik Block-2,Nashik Block-2 Village-4,sheep,4,0,1,39.0,,False,False,False,False,False,False,True,True,False,False,False,False,0.0,LOW
2760,2026-07-05,Nagpur,Nagpur Block-1,Nagpur Block-1 Village-2,sheep,4,0,2,37.9,,False,False,False,False,False,False,False,False,False,True,False,False,0.0,LOW
2761,2026-07-05,Kolhapur,Kolhapur Block-2,Kolhapur Block-2 Village-2,poultry,1,0,1,41.5,Farmer requested urgent visit.,True,False,False,True,False,True,False,False,False,False,False,False,0.0,LOW
2762,2026-07-05,Kolhapur,Kolhapur Block-1,Kolhapur Block-1 Village-5,goat,3,0,5,,,False,False,False,False,False,True,False,False,False,False,False,False,0.0,LOW
2763,2026-07-05,Nashik,Nashik Block-2,Nashik Block-2 Village-5,sheep,3,0,6,38.5,,False,False,True,False,False,False,False,False,False,False,False,False,0.0,LOW
2764,2026-07-05,Amravati,Amravati Block-1,Amravati Block-1 Village-1,cattle,3,0,9,,Animals isolated as precaution.,True,True,False,False,False,False,True,False,False,False,False,False,0.0,LOW
2765,2026-07-05,Nashik,Nashik Block-2,Nashik Block-2 Village-1,buffalo,2,0,7,39.1,,False,False,True,False,False,False,False,False,False,False,False,False,0.0,LOW
2766,2026-07-05,Nagpur,Nagpur Block-2,Nagpur Block-2 Village-3,cattle,2,0,6,38.0,,False,False,False,True,False,False,False,False,False,False,False,False,0.0,LOW
2767,2026-07-05,Sambhajinagar,Sambhajinagar Block-1,Sambhajinagar Block-1 Village-1,buffalo,2,0,2,40.0,,True,False,False,False,False,False,True,False,False,False,False,False,0.0,LOW
2768,2026-07-05,Sambhajinagar,Sambhajinagar Block-1,Sambhajinagar Block-1 Village-3,cattle,2,0,8,39.2,,False,False,False,False,False,False,False,False,False,True,False,False,0.0,LOW
2769,2026-07-05,Nagpur,Nagpur Block-1,Nagpur Block-1 Village-1,cattle,2,0,4,38.0,Animals isolated as precaution.,False,True,False,False,True,False,False,False,False,False,False,False,0.0,LOW
2770,2026-07-05,Sambhajinagar,Sambhajinagar Block-1,Sambhajinagar Block-1 Village-3,sheep,4,0,9,37.9,Animals isolated as precaution.,False,True,False,False,False,False,False,False,False,False,False,False,0.0,LOW
2771,2026-07-05,Pune,Pune Block-2,Pune Block-2 Village-5,goat,1,0,5,,,False,False,True,True,True,False,False,False,False,False,False,False,0.0,LOW
2772,2026-07-05,Pune,Pune Block-1,Pune Block-1 Village-2,cattle,2,0,2,38.3,,False,True,True,False,False,False,False,False,False,False,False,False,0.0,LOW
2773,2026-07-05,Kolhapur,Kolhapur Block-1,Kolhapur Block-1 Village-4,goat,2,0,9,38.0,,False,True,False,False,True,False,True,True,False,False,False,False,0.0,LOW
2774,2026-07-05,Nashik,Nashik Block-3,Nashik Block-3 Village-4,goat,4,0,4,38.7,Animals isolated as precaution.,False,True,True,False,False,False,False,False,False,False,False,False,0.0,LOW
2775,2026-07-05,Sambhajinagar,Sambhajinagar Block-1,Sambhajinagar Block-1 Village-4,cattle,2,0,7,38.9,,False,True,False,True,False,False,False,False,False,False,False,False,0.0,LOW
2776,2026-07-05,Pune,Pune Block-3,Pune Block-3 Village-2,goat,4,0,4,,,False,True,False,False,False,False,False,False,False,False,False,False,0.0,LOW
2777,2026-07-05,Pune,Pune Block-2,Pune Block-2 Village-5,buffalo,4,0,7,38.2,Farmer requested urgent visit.,False,False,False,False,True,False,False,False,False,False,False,False,0.0,LOW
2778,2026-07-05,Amravati,Amravati Block-3,Amravati Block-3 Village-1,sheep,3,0,9,37.9,Similar cases seen in neighbouring herd.,False,True,False,False,False,False,False,False,False,False,False,False,0.0,LOW
2779,2026-07-05,Amravati,Amravati Block-3,Amravati Block-3 Village-1,goat,7,1,6,,,False,False,False,False,False,False,True,False,False,False,False,False,0.143,LOW
2780,2026-07-05,Nagpur,Nagpur Block-1,Nagpur Block-1 Village-4,cattle,14,3,2,39.5,Reported by local field worker.,True,False,False,False,False,True,True,True,False,False,False,False,0.214,MEDIUM
2781,2026-07-05,Pune,Pune Block-1,Pune Block-1 Village-5,sheep,2,0,9,39.1,Farmer requested urgent visit.,False,False,False,True,True,False,False,False,False,True,False,True,0.0,MEDIUM
2782,2026-07-05,Nagpur,Nagpur Block-1,Nagpur Block-1 Village-2,cattle,1,0,2,41.4,Animals isolated as precaution.,True,False,False,True,True,True,False,True,False,True,False,False,0.0,LOW
2783,2026-07-05,Sambhajinagar,Sambhajinagar Block-2,Sambhajinagar Block-2 Village-2,goat,7,0,5,40.1,,True,False,False,True,True,False,False,True,False,False,False,False,0.0,LOW
2784,2026-07-05,Nashik,Nashik Block-3,Nashik Block-3 Village-1,cattle,3,0,3,,Similar cases seen in neighbouring herd.,False,False,True,False,False,False,False,True,False,True,False,False,0.0,LOW
2785,2026-07-05,Sambhajinagar,Sambhajinagar Block-2,Sambhajinagar Block-2 Village-1,goat,2,0,9,40.1,Farmer requested urgent visit.,True,True,False,False,False,True,False,False,False,False,False,False,0.0,LOW
2786,2026-07-05,Sambhajinagar,Sambhajinagar Block-2,Sambhajinagar Block-2 Village-3,sheep,2,0,8,39.8,Reported by local field worker.,True,False,False,False,False,True,False,False,False,False,False,False,0.0,LOW
2787,2026-07-05,Sambhajinagar,Sambhajinagar Block-2,Sambhajinagar Block-2 Village-2,buffalo,1,0,8,37.9,Farmer requested urgent visit.,False,False,True,True,False,False,False,False,False,False,False,False,0.0,LOW
2788,2026-07-05,Amravati,Amravati Block-1,Amravati Block-1 Village-1,goat,8,1,4,40.3,Farmer requested urgent visit.,True,True,False,False,False,False,False,False,False,False,False,False,0.125,LOW
2789,2026-07-05,Amravati,Amravati Block-3,Amravati Block-3 Village-4,cattle,3,0,4,38.0,,False,False,False,False,False,False,False,False,False,False,False,True,0.0,LOW
2790,2026-07-05,Nashik,Nashik Block-3,Nashik Block-3 Village-5,poultry,3,0,3,38.1,Similar cases seen in neighbouring herd.,False,False,False,False,True,False,False,False,False,True,False,False,0.0,LOW
2791,2026-07-06,Nagpur,Nagpur Block-2,Nagpur Block-2 Village-5,cattle,5,1,3,41.1,Animals isolated as precaution.,True,False,True,True,False,True,False,False,True,False,False,False,0.2,MEDIUM
2792,2026-07-06,Nashik,Nashik Block-3,Nashik Block-3 Village-1,goat,17,8,2,40.3,,True,True,True,False,False,True,True,True,False,False,False,False,0.471,HIGH
2793,2026-07-06,Nashik,Nashik Block-3,Nashik Block-3 Village-1,cattle,9,4,3,,,True,True,False,True,True,True,False,True,False,False,False,False,0.444,MEDIUM
2794,2026-07-06,Sambhajinagar,Sambhajinagar Block-2,Sambhajinagar Block-2 Village-4,sheep,3,0,8,38.3,Reported by local field worker.,False,True,False,False,False,False,False,False,False,False,False,False,0.0,LOW
2795,2026-07-06,Nagpur,Nagpur Block-2,Nagpur Block-2 Village-4,cattle,1,0,6,41.4,Reported by local field worker.,True,False,False,False,False,False,False,False,False,False,False,False,0.0,LOW
2796,2026-07-06,Amravati,Amravati Block-2,Amravati Block-2 Village-5,cattle,3,0,7,37.8,Similar cases seen in neighbouring herd.,False,True,False,True,False,False,False,False,False,False,False,False,0.0,LOW
2797,2026-07-06,Nagpur,Nagpur Block-3,Nagpur Block-3 Village-1,cattle,2,0,1,,,False,False,False,False,False,False,False,False,False,False,False,True,0.0,MEDIUM
2798,2026-07-06,Sambhajinagar,Sambhajinagar Block-1,Sambhajinagar Block-1 Village-1,cattle,4,0,7,40.9,,True,False,False,False,False,False,False,False,True,False,False,False,0.0,LOW
2799,2026-07-06,Pune,Pune Block-1,Pune Block-1 Village-3,poultry,3,0,1,38.1,,False,True,False,False,False,False,True,False,False,False,False,False,0.0,LOW
2800,2026-07-06,Pune,Pune Block-3,Pune Block-3 Village-3,cattle,2,0,8,38.4,,False,True,False,False,True,False,False,False,False,False,False,False,0.0,LOW
2801,2026-07-06,Pune,Pune Block-3,Pune Block-3 Village-1,cattle,2,0,4,40.6,Reported by local field worker.,True,False,False,True,False,False,False,False,False,False,False,False,0.0,LOW
2802,2026-07-06,Amravati,Amravati Block-1,Amravati Block-1 Village-2,cattle,1,0,1,38.2,Farmer requested urgent visit.,False,False,False,False,False,False,True,False,False,False,False,False,0.0,LOW
2803,2026-07-06,Pune,Pune Block-1,Pune Block-1 Village-2,sheep,4,0,9,41.1,Farmer requested urgent visit.,True,False,False,True,False,False,False,False,False,False,False,False,0.0,LOW
2804,2026-07-06,Sambhajinagar,Sambhajinagar Block-2,Sambhajinagar Block-2 Village-3,cattle,4,0,7,,Farmer requested urgent visit.,True,False,True,False,True,False,False,False,False,False,False,False,0.0,LOW
2805,2026-07-06,Nashik,Nashik Block-3,Nashik Block-3 Village-4,buffalo,2,0,9,38.9,Farmer requested urgent visit.,False,False,False,False,True,False,False,False,False,False,False,False,0.0,LOW
2806,2026-07-06,Pune,Pune Block-1,Pune Block-1 Village-2,buffalo,3,0,8,37.8,Farmer requested urgent visit.,False,False,False,True,False,False,False,False,False,False,False,False,0.0,LOW
2807,2026-07-06,Nagpur,Nagpur Block-1,Nagpur Block-1 Village-2,goat,3,0,6,40.9,,True,True,False,False,False,False,False,False,False,False,False,False,0.0,LOW
2808,2026-07-06,Sambhajinagar,Sambhajinagar Block-3,Sambhajinagar Block-3 Village-5,cattle,9,2,2,40.2,,True,True,False,False,False,False,False,False,False,False,False,False,0.222,LOW
2809,2026-07-06,Amravati,Amravati Block-3,Amravati Block-3 Village-2,sheep,3,0,5,40.3,,True,False,False,False,False,False,False,False,False,False,False,False,0.0,LOW
2810,2026-07-06,Sambhajinagar,Sambhajinagar Block-3,Sambhajinagar Block-3 Village-2,cattle,4,0,9,,Reported by local field worker.,False,True,True,False,False,False,False,False,False,False,False,True,0.0,MEDIUM
2811,2026-07-06,Kolhapur,Kolhapur Block-2,Kolhapur Block-2 Village-5,buffalo,3,0,2,,,True,False,True,True,True,False,False,False,True,False,False,False,0.0,LOW
2812,2026-07-06,Amravati,Amravati Block-3,Amravati Block-3 Village-2,sheep,9,0,4,,Animals isolated as precaution.,True,False,False,False,False,False,False,False,True,False,False,False,0.0,LOW
2813,2026-07-06,Pune,Pune Block-2,Pune Block-2 Village-1,cattle,3,0,9,38.4,,False,True,False,False,False,False,False,True,False,False,False,False,0.0,LOW
2814,2026-07-06,Sambhajinagar,Sambhajinagar Block-1,Sambhajinagar Block-1 Village-3,sheep,2,0,7,,Farmer requested urgent visit.,False,False,False,True,False,False,False,False,False,False,False,False,0.0,LOW
2815,2026-07-06,Kolhapur,Kolhapur Block-2,Kolhapur Block-2 Village-1,sheep,7,1,4,38.4,,False,False,True,False,False,False,False,False,False,False,False,False,0.143,LOW
2816,2026-07-06,Nashik,Nashik Block-1,Nashik Block-1 Village-3,goat,2,0,7,38.5,,False,False,False,True,False,True,False,False,False,False,False,False,0.0,LOW
2817,2026-07-06,Sambhajinagar,Sambhajinagar Block-3,Sambhajinagar Block-3 Village-5,sheep,2,0,6,38.6,,False,False,True,False,False,False,False,False,False,False,False,False,0.0,LOW
2818,2026-07-06,Nashik,Nashik Block-1,Nashik Block-1 Village-3,cattle,1,0,3,38.1,,False,False,False,False,False,False,False,False,True,False,False,False,0.0,LOW
2819,2026-07-06,Amravati,Amravati Block-2,Amravati Block-2 Village-5,cattle,3,0,1,,,True,False,False,False,False,True,False,False,False,False,False,False,0.0,LOW
2820,2026-07-06,Nagpur,Nagpur Block-1,Nagpur Block-1 Village-1,goat,1,0,4,38.7,Animals isolated as precaution.,False,True,True,False,False,False,True,False,True,False,False,False,0.0,LOW
2821,2026-07-06,Amravati,Amravati Block-3,Amravati Block-3 Village-4,cattle,1,0,3,,Animals isolated as precaution.,False,True,False,False,True,True,False,False,False,False,False,False,0.0,LOW
2822,2026-07-06,Sambhajinagar,Sambhajinagar Block-3,Sambhajinagar Block-3 Village-4,sheep,3,0,6,40.2,,True,False,False,False,False,False,False,False,False,False,False,False,0.0,LOW
2823,2026-07-06,Pune,Pune Block-1,Pune Block-1 Village-3,goat,2,0,8,39.2,Similar cases seen in neighbouring herd.,False,False,False,True,True,False,True,False,False,False,False,False,0.0,LOW
2824,2026-07-06,Kolhapur,Kolhapur Block-1,Kolhapur Block-1 Village-4,sheep,2,0,8,38.8,,False,False,False,False,False,False,False,False,True,False,False,False,0.0,LOW
2825,2026-07-06,Kolhapur,Kolhapur Block-2,Kolhapur Block-2 Village-4,cattle,2,0,4,40.0,Farmer requested urgent visit.,True,False,True,False,True,False,False,False,False,False,False,False,0.0,LOW
2826,2026-07-06,Nagpur,Nagpur Block-2,Nagpur Block-2 Village-1,poultry,2,0,1,38.2,,False,False,False,False,False,False,True,False,False,False,False,False,0.0,LOW
2827,2026-07-06,Sambhajinagar,Sambhajinagar Block-3,Sambhajinagar Block-3 Village-4,cattle,2,0,7,41.4,,True,True,False,False,True,True,False,False,True,False,False,False,0.0,LOW
2828,2026-07-06,Amravati,Amravati Block-1,Amravati Block-1 Village-5,goat,3,0,8,38.8,Animals isolated as precaution.,False,False,False,False,True,False,False,True,False,False,False,False,0.0,LOW
2829,2026-07-06,Amravati,Amravati Block-1,Amravati Block-1 Village-2,buffalo,4,0,7,39.0,,False,True,False,False,False,False,False,False,False,False,False,False,0.0,LOW
2830,2026-07-06,Kolhapur,Kolhapur Block-2,Kolhapur Block-2 Village-1,sheep,4,0,3,,Similar cases seen in neighbouring herd.,False,True,False,False,False,False,False,False,False,True,False,False,0.0,LOW
2831,2026-07-06,Kolhapur,Kolhapur Block-1,Kolhapur Block-1 Village-1,buffalo,4,0,6,,,False,False,False,True,False,False,False,False,True,False,False,False,0.0,LOW
2832,2026-07-06,Kolhapur,Kolhapur Block-3,Kolhapur Block-3 Village-2,poultry,8,1,6,,Farmer requested urgent visit.,True,False,True,True,False,False,False,True,True,False,False,False,0.125,LOW
2833,2026-07-06,Sambhajinagar,Sambhajinagar Block-2,Sambhajinagar Block-2 Village-3,sheep,4,0,4,,Animals isolated as precaution.,True,True,False,True,True,False,False,False,False,False,False,False,0.0,LOW
2834,2026-07-06,Sambhajinagar,Sambhajinagar Block-3,Sambhajinagar Block-3 Village-5,sheep,1,0,7,38.0,Farmer requested urgent visit.,False,True,False,False,True,False,True,False,False,False,False,False,0.0,LOW
2835,2026-07-06,Pune,Pune Block-3,Pune Block-3 Village-1,buffalo,4,0,8,40.6,Reported by local field worker.,True,False,False,True,False,False,False,False,True,False,False,False,0.0,LOW
2836,2026-07-06,Nashik,Nashik Block-3,Nashik Block-3 Village-3,buffalo,1,0,4,38.8,,False,False,False,False,False,False,True,False,False,False,False,False,0.0,LOW
2837,2026-07-06,Pune,Pune Block-1,Pune Block-1 Village-4,poultry,7,1,3,,,False,False,False,True,False,False,False,False,False,False,False,False,0.143,LOW
2838,2026-07-07,Sambhajinagar,Sambhajinagar Block-2,Sambhajinagar Block-2 Village-2,goat,2,0,1,40.3,Farmer requested urgent visit.,True,False,False,False,False,False,False,True,False,False,False,False,0.0,LOW
2839,2026-07-07,Pune,Pune Block-3,Pune Block-3 Village-4,cattle,4,0,3,40.1,Farmer requested urgent visit.,True,True,False,False,False,False,False,False,False,False,False,False,0.0,LOW
2840,2026-07-07,Kolhapur,Kolhapur Block-3,Kolhapur Block-3 Village-1,cattle,2,0,7,37.7,,False,False,False,True,False,False,False,False,False,False,False,False,0.0,LOW
2841,2026-07-07,Pune,Pune Block-2,Pune Block-2 Village-4,buffalo,3,0,7,37.7,,False,True,True,True,False,True,False,False,False,False,True,False,0.0,MEDIUM
2842,2026-07-07,Kolhapur,Kolhapur Block-2,Kolhapur Block-2 Village-3,buffalo,3,0,6,41.1,Animals isolated as precaution.,True,False,False,True,False,False,True,False,False,False,False,False,0.0,LOW
2843,2026-07-07,Kolhapur,Kolhapur Block-2,Kolhapur Block-2 Village-2,cattle,1,0,2,38.8,,False,True,False,True,True,False,False,False,False,False,False,False,0.0,LOW
2844,2026-07-07,Amravati,Amravati Block-3,Amravati Block-3 Village-5,cattle,3,0,1,37.6,Farmer requested urgent visit.,False,False,False,True,False,True,False,False,False,False,False,False,0.0,LOW
2845,2026-07-07,Sambhajinagar,Sambhajinagar Block-2,Sambhajinagar Block-2 Village-5,cattle,2,0,6,39.7,,True,False,False,False,False,False,False,False,False,True,False,False,0.0,LOW
2846,2026-07-07,Kolhapur,Kolhapur Block-3,Kolhapur Block-3 Village-3,cattle,4,0,9,38.2,,False,False,False,False,False,False,False,False,False,True,False,False,0.0,LOW
2847,2026-07-07,Pune,Pune Block-2,Pune Block-2 Village-4,buffalo,2,0,8,40.5,,True,False,False,True,False,False,False,False,True,False,False,False,0.0,LOW
2848,2026-07-07,Kolhapur,Kolhapur Block-3,Kolhapur Block-3 Village-2,buffalo,4,0,1,,Farmer requested urgent visit.,True,False,False,False,False,False,False,False,False,False,False,False,0.0,LOW
2849,2026-07-07,Kolhapur,Kolhapur Block-2,Kolhapur Block-2 Village-1,goat,4,0,9,38.4,Similar cases seen in neighbouring herd.,False,False,False,True,False,False,False,False,False,False,False,False,0.0,LOW
2850,2026-07-07,Amravati,Amravati Block-2,Amravati Block-2 Village-2,poultry,2,0,5,,Animals isolated as precaution.,False,False,False,True,False,False,False,False,False,False,False,False,0.0,LOW
2851,2026-07-07,Nagpur,Nagpur Block-2,Nagpur Block-2 Village-4,cattle,2,0,6,,Animals isolated as precaution.,False,False,False,True,False,False,False,False,False,False,False,False,0.0,LOW
2852,2026-07-07,Kolhapur,Kolhapur Block-3,Kolhapur Block-3 Village-3,cattle,4,0,8,,,False,True,False,True,False,False,False,False,True,False,False,False,0.0,LOW
2853,2026-07-07,Sambhajinagar,Sambhajinagar Block-3,Sambhajinagar Block-3 Village-5,sheep,9,0,8,40.5,,True,True,False,False,True,True,False,False,False,False,False,False,0.0,LOW
2854,2026-07-07,Nagpur,Nagpur Block-3,Nagpur Block-3 Village-5,cattle,2,0,7,39.0,,False,False,False,True,True,False,True,False,False,False,False,False,0.0,LOW
2855,2026-07-07,Sambhajinagar,Sambhajinagar Block-2,Sambhajinagar Block-2 Village-1,sheep,2,0,2,39.9,Farmer requested urgent visit.,True,False,False,False,False,False,False,False,False,False,False,False,0.0,LOW
2856,2026-07-07,Nashik,Nashik Block-2,Nashik Block-2 Village-1,goat,3,0,2,,,False,False,False,False,False,False,False,False,False,False,True,False,0.0,LOW
2857,2026-07-07,Nagpur,Nagpur Block-3,Nagpur Block-3 Village-1,cattle,2,0,5,,,True,False,False,True,True,True,False,False,False,False,False,False,0.0,LOW
2858,2026-07-07,Nagpur,Nagpur Block-1,Nagpur Block-1 Village-1,buffalo,2,0,7,39.2,Farmer requested urgent visit.,False,False,False,False,False,True,False,False,False,False,False,False,0.0,LOW
2859,2026-07-07,Nagpur,Nagpur Block-3,Nagpur Block-3 Village-2,sheep,1,0,8,40.7,,True,True,False,False,False,False,False,False,False,True,False,False,0.0,LOW
2860,2026-07-07,Kolhapur,Kolhapur Block-2,Kolhapur Block-2 Village-2,goat,3,0,8,37.7,Animals isolated as precaution.,False,True,True,False,True,False,False,False,False,False,False,False,0.0,LOW
2861,2026-07-07,Kolhapur,Kolhapur Block-1,Kolhapur Block-1 Village-5,sheep,4,0,6,39.1,Animals isolated as precaution.,False,False,False,False,False,False,True,False,False,False,False,False,0.0,LOW
2862,2026-07-07,Kolhapur,Kolhapur Block-3,Kolhapur Block-3 Village-5,goat,3,0,3,,,False,False,False,False,False,True,True,False,False,False,False,False,0.0,LOW
2863,2026-07-07,Sambhajinagar,Sambhajinagar Block-3,Sambhajinagar Block-3 Village-2,goat,1,0,4,39.3,Farmer requested urgent visit.,True,False,False,False,False,False,False,False,False,False,False,False,0.0,LOW
2864,2026-07-07,Kolhapur,Kolhapur Block-3,Kolhapur Block-3 Village-5,cattle,4,0,1,38.4,Reported by local field worker.,False,False,True,False,False,False,False,True,False,False,False,False,0.0,LOW
2865,2026-07-07,Nagpur,Nagpur Block-2,Nagpur Block-2 Village-2,buffalo,3,0,7,,,False,False,False,False,False,False,False,False,True,False,False,False,0.0,LOW
2866,2026-07-07,Nagpur,Nagpur Block-1,Nagpur Block-1 Village-3,buffalo,3,0,2,,Animals isolated as precaution.,False,False,True,True,True,False,False,False,False,False,False,True,0.0,LOW
2867,2026-07-07,Nashik,Nashik Block-3,Nashik Block-3 Village-5,cattle,4,0,3,40.7,,True,False,False,False,False,False,True,True,False,False,False,False,0.0,LOW
2868,2026-07-07,Nashik,Nashik Block-2,Nashik Block-2 Village-2,sheep,4,0,6,38.1,Farmer requested urgent visit.,False,False,False,False,False,False,False,False,False,False,False,True,0.0,LOW
2869,2026-07-07,Nashik,Nashik Block-1,Nashik Block-1 Village-1,cattle,3,0,8,,Similar cases seen in neighbouring herd.,True,False,False,True,False,True,True,False,False,False,False,False,0.0,LOW
2870,2026-07-07,Sambhajinagar,Sambhajinagar Block-1,Sambhajinagar Block-1 Village-3,goat,8,1,3,39.3,,True,True,False,True,True,False,False,False,False,False,False,False,0.125,LOW
2871,2026-07-07,Sambhajinagar,Sambhajinagar Block-2,Sambhajinagar Block-2 Village-3,sheep,2,0,6,39.5,Animals isolated as precaution.,True,False,False,False,True,False,False,False,False,False,False,False,0.0,LOW
2872,2026-07-07,Nashik,Nashik Block-1,Nashik Block-1 Village-2,poultry,2,0,8,39.1,,False,False,False,False,False,True,False,True,False,False,False,False,0.0,LOW
2873,2026-07-07,Pune,Pune Block-2,Pune Block-2 Village-4,goat,2,0,3,39.1,,False,False,False,False,False,False,False,True,False,False,False,False,0.0,LOW
2874,2026-07-08,Nashik,Nashik Block-3,Nashik Block-3 Village-1,sheep,10,5,2,39.9,,True,True,False,False,True,True,True,False,False,False,False,False,0.5,HIGH
2875,2026-07-08,Nashik,Nashik Block-1,Nashik Block-1 Village-4,buffalo,2,0,5,,,True,True,True,False,False,True,False,False,True,False,False,False,0.0,LOW
2876,2026-07-08,Nashik,Nashik Block-1,Nashik Block-1 Village-1,buffalo,1,0,4,,Farmer requested urgent visit.,False,False,False,True,False,False,False,False,False,False,False,False,0.0,LOW
2877,2026-07-08,Amravati,Amravati Block-2,Amravati Block-2 Village-1,buffalo,2,0,8,,Farmer requested urgent visit.,False,False,True,True,False,False,False,False,False,False,False,False,0.0,LOW
2878,2026-07-08,Nashik,Nashik Block-1,Nashik Block-1 Village-4,goat,7,0,3,,,False,False,False,False,False,False,True,True,False,False,False,False,0.0,LOW
2879,2026-07-08,Nagpur,Nagpur Block-2,Nagpur Block-2 Village-5,cattle,3,0,1,39.0,,False,False,False,False,False,False,True,False,False,False,False,False,0.0,LOW
2880,2026-07-08,Sambhajinagar,Sambhajinagar Block-3,Sambhajinagar Block-3 Village-2,poultry,1,0,1,41.4,,True,False,True,False,False,False,False,True,False,False,False,False,0.0,LOW
2881,2026-07-08,Nagpur,Nagpur Block-1,Nagpur Block-1 Village-2,sheep,4,0,3,38.2,Reported by local field worker.,False,False,True,True,False,False,False,False,False,False,False,False,0.0,LOW
2882,2026-07-08,Nagpur,Nagpur Block-1,Nagpur Block-1 Village-1,goat,2,0,1,,Animals isolated as precaution.,False,False,False,False,False,False,False,False,False,True,False,False,0.0,LOW
2883,2026-07-08,Nagpur,Nagpur Block-1,Nagpur Block-1 Village-1,goat,1,0,9,,,False,False,False,False,True,False,False,False,False,False,False,False,0.0,LOW
2884,2026-07-08,Amravati,Amravati Block-1,Amravati Block-1 Village-1,sheep,12,2,2,40.2,Similar cases seen in neighbouring herd.,True,False,False,True,True,True,True,False,False,False,False,False,0.167,MEDIUM
2885,2026-07-08,Kolhapur,Kolhapur Block-2,Kolhapur Block-2 Village-1,cattle,2,0,5,38.7,Farmer requested urgent visit.,False,True,False,False,False,False,False,True,False,False,False,False,0.0,LOW
2886,2026-07-08,Amravati,Amravati Block-2,Amravati Block-2 Village-4,goat,13,7,1,39.7,,True,True,False,True,True,False,False,False,False,False,False,False,0.538,HIGH
2887,2026-07-08,Nashik,Nashik Block-3,Nashik Block-3 Village-4,goat,3,0,9,39.4,Similar cases seen in neighbouring herd.,True,False,False,False,False,False,False,False,False,False,False,False,0.0,LOW
2888,2026-07-08,Sambhajinagar,Sambhajinagar Block-3,Sambhajinagar Block-3 Village-1,goat,5,1,7,41.5,Similar cases seen in neighbouring herd.,True,False,False,False,False,True,True,False,False,False,False,False,0.2,LOW
2889,2026-07-08,Pune,Pune Block-2,Pune Block-2 Village-2,buffalo,3,0,7,41.3,Animals isolated as precaution.,True,False,False,False,False,False,False,False,False,False,False,False,0.0,LOW
2890,2026-07-08,Amravati,Amravati Block-2,Amravati Block-2 Village-2,cattle,2,0,9,38.0,,False,False,False,False,False,False,False,False,True,False,False,False,0.0,LOW
2891,2026-07-08,Pune,Pune Block-2,Pune Block-2 Village-5,sheep,4,0,1,,Animals isolated as precaution.,True,False,False,False,False,True,True,False,False,False,False,False,0.0,LOW
2892,2026-07-08,Amravati,Amravati Block-2,Amravati Block-2 Village-1,cattle,1,0,9,38.2,,False,False,False,True,False,False,False,False,False,False,False,False,0.0,LOW
2893,2026-07-08,Nagpur,Nagpur Block-3,Nagpur Block-3 Village-2,poultry,1,0,9,38.8,Reported by local field worker.,False,False,False,False,False,False,True,False,False,False,False,False,0.0,LOW
2894,2026-07-08,Nagpur,Nagpur Block-2,Nagpur Block-2 Village-5,cattle,4,0,8,38.1,,False,False,False,False,False,True,False,False,False,False,False,False,0.0,LOW
2895,2026-07-08,Sambhajinagar,Sambhajinagar Block-1,Sambhajinagar Block-1 Village-1,cattle,4,0,5,38.6,Animals isolated as precaution.,False,False,False,False,True,False,False,False,False,False,False,False,0.0,LOW
2896,2026-07-08,Nashik,Nashik Block-2,Nashik Block-2 Village-4,goat,2,0,2,40.8,Farmer requested urgent visit.,True,True,False,False,False,False,False,False,False,False,False,False,0.0,LOW
2897,2026-07-08,Nagpur,Nagpur Block-1,Nagpur Block-1 Village-4,poultry,2,0,5,,,False,False,False,True,True,False,False,False,False,False,False,False,0.0,LOW
2898,2026-07-08,Pune,Pune Block-3,Pune Block-3 Village-1,poultry,3,0,7,,,True,True,False,True,False,False,False,False,False,False,False,False,0.0,LOW
2899,2026-07-08,Nashik,Nashik Block-3,Nashik Block-3 Village-5,buffalo,1,0,1,,Reported by local field worker.,True,False,False,False,False,True,False,False,False,False,False,False,0.0,LOW
2900,2026-07-08,Kolhapur,Kolhapur Block-3,Kolhapur Block-3 Village-5,poultry,3,0,6,38.9,Reported by local field worker.,False,False,False,False,True,False,False,False,False,False,False,False,0.0,LOW
2901,2026-07-08,Nashik,Nashik Block-2,Nashik Block-2 Village-1,goat,3,0,4,38.9,Farmer requested urgent visit.,False,False,False,True,False,False,False,False,False,False,False,False,0.0,LOW
2902,2026-07-08,Nashik,Nashik Block-1,Nashik Block-1 Village-2,goat,6,1,2,41.0,,True,True,False,True,False,False,True,False,False,False,False,False,0.167,LOW
2903,2026-07-08,Pune,Pune Block-3,Pune Block-3 Village-4,poultry,4,0,2,40.9,,True,True,False,False,False,False,False,False,False,False,False,False,0.0,LOW
2904,2026-07-08,Pune,Pune Block-3,Pune Block-3 Village-3,goat,3,0,2,,Farmer requested urgent visit.,False,True,False,False,False,False,False,False,False,False,False,False,0.0,LOW
2905,2026-07-08,Kolhapur,Kolhapur Block-2,Kolhapur Block-2 Village-5,sheep,4,0,9,37.7,Farmer requested urgent visit.,False,True,True,False,False,False,True,False,True,False,False,False,0.0,LOW
2906,2026-07-08,Kolhapur,Kolhapur Block-2,Kolhapur Block-2 Village-1,cattle,1,0,6,37.9,,False,True,True,False,False,False,False,True,False,False,False,False,0.0,LOW
2907,2026-07-08,Nashik,Nashik Block-3,Nashik Block-3 Village-2,buffalo,3,0,3,38.8,Animals isolated as precaution.,False,False,True,False,False,False,False,False,False,True,False,False,0.0,LOW
2908,2026-07-08,Sambhajinagar,Sambhajinagar Block-1,Sambhajinagar Block-1 Village-4,buffalo,3,0,2,39.7,,True,False,False,False,False,True,False,False,False,False,False,False,0.0,LOW
2909,2026-07-08,Kolhapur,Kolhapur Block-1,Kolhapur Block-1 Village-1,goat,2,0,7,,Animals isolated as precaution.,True,False,False,False,False,False,False,True,True,False,False,False,0.0,LOW
2910,2026-07-08,Nashik,Nashik Block-1,Nashik Block-1 Village-2,buffalo,9,0,3,,,True,False,False,True,True,False,False,True,False,False,False,False,0.0,LOW
2911,2026-07-08,Nashik,Nashik Block-3,Nashik Block-3 Village-4,goat,6,1,5,38.4,Animals isolated as precaution.,False,False,False,True,False,False,True,False,False,False,False,False,0.167,LOW
2912,2026-07-08,Nashik,Nashik Block-1,Nashik Block-1 Village-3,buffalo,4,0,2,37.9,,False,False,False,False,False,False,False,False,False,True,False,False,0.0,LOW
2913,2026-07-08,Amravati,Amravati Block-2,Amravati Block-2 Village-2,goat,4,0,9,,,True,True,False,False,True,False,False,False,True,True,False,False,0.0,LOW
2914,2026-07-08,Amravati,Amravati Block-3,Amravati Block-3 Village-1,goat,6,0,3,,Similar cases seen in neighbouring herd.,True,False,True,False,True,False,True,False,False,False,False,False,0.0,LOW
2915,2026-07-09,Nagpur,Nagpur Block-1,Nagpur Block-1 Village-5,buffalo,2,0,8,,,False,False,False,False,True,False,False,False,False,False,False,False,0.0,LOW
2916,2026-07-09,Kolhapur,Kolhapur Block-3,Kolhapur Block-3 Village-3,cattle,2,0,3,,,False,False,False,False,False,False,False,False,True,False,False,False,0.0,LOW
2917,2026-07-09,Kolhapur,Kolhapur Block-3,Kolhapur Block-3 Village-4,poultry,1,0,9,37.8,,False,False,False,False,False,False,False,False,False,True,False,False,0.0,LOW
2918,2026-07-09,Pune,Pune Block-3,Pune Block-3 Village-5,goat,4,0,3,,Similar cases seen in neighbouring herd.,True,False,False,False,False,False,False,False,False,False,False,False,0.0,LOW
2919,2026-07-09,Nashik,Nashik Block-3,Nashik Block-3 Village-3,cattle,4,0,2,38.0,Animals isolated as precaution.,False,False,True,False,False,False,False,False,False,False,False,False,0.0,LOW
2920,2026-07-09,Kolhapur,Kolhapur Block-2,Kolhapur Block-2 Village-1,cattle,1,0,8,38.3,Similar cases seen in neighbouring herd.,False,False,False,False,True,False,False,False,True,False,False,False,0.0,LOW
2921,2026-07-09,Kolhapur,Kolhapur Block-2,Kolhapur Block-2 Village-2,goat,1,0,7,39.1,,False,True,False,True,False,False,False,False,False,False,False,False,0.0,LOW
2922,2026-07-09,Pune,Pune Block-3,Pune Block-3 Village-3,sheep,3,0,7,38.0,,False,False,False,False,True,False,False,False,False,True,False,False,0.0,LOW
2923,2026-07-09,Nashik,Nashik Block-3,Nashik Block-3 Village-1,poultry,2,0,2,38.4,Animals isolated as precaution.,False,False,False,True,False,False,False,False,False,False,False,False,0.0,LOW
2924,2026-07-09,Sambhajinagar,Sambhajinagar Block-2,Sambhajinagar Block-2 Village-4,cattle,8,1,8,,,True,False,False,True,False,False,True,False,False,False,False,False,0.125,LOW
2925,2026-07-09,Sambhajinagar,Sambhajinagar Block-3,Sambhajinagar Block-3 Village-2,buffalo,3,0,3,38.1,Animals isolated as precaution.,False,False,False,False,False,False,False,False,True,True,False,False,0.0,LOW
2926,2026-07-09,Nashik,Nashik Block-1,Nashik Block-1 Village-5,cattle,4,0,7,38.3,,False,False,False,True,True,False,False,False,False,False,False,False,0.0,LOW
2927,2026-07-09,Kolhapur,Kolhapur Block-1,Kolhapur Block-1 Village-1,cattle,1,0,9,37.9,Similar cases seen in neighbouring herd.,False,False,True,False,False,False,False,False,False,False,False,False,0.0,LOW
2928,2026-07-09,Amravati,Amravati Block-1,Amravati Block-1 Village-1,goat,3,0,5,,,False,False,False,True,False,False,False,False,False,False,False,False,0.0,LOW
2929,2026-07-09,Pune,Pune Block-2,Pune Block-2 Village-1,sheep,4,0,5,39.7,,True,True,True,True,False,True,False,True,True,False,False,False,0.0,LOW
2930,2026-07-09,Pune,Pune Block-2,Pune Block-2 Village-3,sheep,4,0,5,39.1,Animals isolated as precaution.,False,True,False,False,False,False,False,False,False,False,False,False,0.0,LOW
2931,2026-07-09,Kolhapur,Kolhapur Block-2,Kolhapur Block-2 Village-3,goat,2,0,3,40.5,,True,False,False,False,False,False,False,False,False,False,False,False,0.0,LOW
2932,2026-07-09,Nashik,Nashik Block-2,Nashik Block-2 Village-5,goat,3,0,9,38.6,Reported by local field worker.,False,False,True,False,False,False,False,False,False,False,False,False,0.0,LOW
2933,2026-07-09,Nashik,Nashik Block-1,Nashik Block-1 Village-5,goat,2,0,2,40.6,Reported by local field worker.,True,False,False,False,False,False,False,False,False,False,False,False,0.0,LOW
2934,2026-07-09,Amravati,Amravati Block-2,Amravati Block-2 Village-2,sheep,2,0,4,38.5,,False,False,False,False,True,True,False,False,False,True,False,False,0.0,LOW
2935,2026-07-09,Kolhapur,Kolhapur Block-2,Kolhapur Block-2 Village-2,cattle,4,0,6,,Reported by local field worker.,False,False,False,True,False,False,False,True,False,False,False,False,0.0,LOW
2936,2026-07-09,Sambhajinagar,Sambhajinagar Block-3,Sambhajinagar Block-3 Village-4,sheep,1,0,3,38.7,,False,False,True,False,False,False,False,False,False,False,False,False,0.0,LOW
2937,2026-07-09,Kolhapur,Kolhapur Block-2,Kolhapur Block-2 Village-2,cattle,2,0,7,39.6,,True,True,False,False,True,False,False,False,False,False,False,False,0.0,LOW
2938,2026-07-09,Sambhajinagar,Sambhajinagar Block-2,Sambhajinagar Block-2 Village-5,goat,1,0,8,39.1,,False,False,True,False,False,True,False,False,False,False,False,False,0.0,LOW
2939,2026-07-09,Nagpur,Nagpur Block-1,Nagpur Block-1 Village-5,sheep,1,0,5,,,False,False,False,True,False,False,False,False,False,False,False,False,0.0,LOW
2940,2026-07-09,Sambhajinagar,Sambhajinagar Block-2,Sambhajinagar Block-2 Village-5,poultry,3,0,8,37.8,,False,False,False,False,False,False,False,True,False,False,False,False,0.0,LOW
2941,2026-07-09,Pune,Pune Block-2,Pune Block-2 Village-1,goat,4,0,8,38.7,,False,False,False,False,True,False,False,False,False,False,False,False,0.0,LOW
2942,2026-07-09,Nagpur,Nagpur Block-1,Nagpur Block-1 Village-4,cattle,2,0,8,38.6,,False,True,False,False,False,False,False,False,False,False,False,False,0.0,LOW
2943,2026-07-09,Pune,Pune Block-3,Pune Block-3 Village-5,sheep,1,0,6,39.6,,True,True,False,True,False,False,False,False,False,False,False,False,0.0,LOW
2944,2026-07-09,Sambhajinagar,Sambhajinagar Block-1,Sambhajinagar Block-1 Village-1,cattle,4,1,3,41.2,Farmer requested urgent visit.,True,False,False,True,True,False,False,False,True,False,True,False,0.25,MEDIUM
2945,2026-07-09,Amravati,Amravati Block-1,Amravati Block-1 Village-4,cattle,7,0,1,41.3,Farmer requested urgent visit.,True,True,False,False,False,True,False,False,False,False,False,False,0.0,LOW
2946,2026-07-09,Pune,Pune Block-3,Pune Block-3 Village-1,poultry,3,0,2,38.3,,False,True,False,False,False,True,False,True,False,False,False,True,0.0,MEDIUM
2947,2026-07-09,Nagpur,Nagpur Block-2,Nagpur Block-2 Village-5,cattle,8,4,2,39.8,,True,True,True,False,False,True,True,False,False,False,False,False,0.5,MEDIUM
2948,2026-07-09,Kolhapur,Kolhapur Block-2,Kolhapur Block-2 Village-2,goat,1,0,1,38.8,Similar cases seen in neighbouring herd.,False,True,True,False,True,False,False,False,False,False,False,False,0.0,LOW
2949,2026-07-09,Kolhapur,Kolhapur Block-2,Kolhapur Block-2 Village-1,goat,1,0,6,40.7,Reported by local field worker.,True,False,False,False,False,False,False,False,False,False,False,False,0.0,LOW
2950,2026-07-09,Pune,Pune Block-2,Pune Block-2 Village-1,sheep,2,0,7,40.5,,True,False,False,False,False,False,False,False,False,False,False,False,0.0,LOW
2951,2026-07-09,Kolhapur,Kolhapur Block-2,Kolhapur Block-2 Village-3,cattle,3,0,8,37.7,,False,False,True,False,False,False,False,False,False,True,False,False,0.0,LOW
2952,2026-07-09,Pune,Pune Block-3,Pune Block-3 Village-4,goat,1,0,2,39.0,,False,True,False,True,False,True,False,False,False,False,False,False,0.0,LOW
2953,2026-07-09,Pune,Pune Block-2,Pune Block-2 Village-4,cattle,8,1,9,,,True,True,False,False,False,False,False,False,False,False,True,False,0.125,MEDIUM
2954,2026-07-09,Amravati,Amravati Block-1,Amravati Block-1 Village-4,sheep,3,0,6,38.9,Reported by local field worker.,False,False,False,False,True,False,True,False,True,False,False,False,0.0,LOW
2955,2026-07-09,Nashik,Nashik Block-2,Nashik Block-2 Village-5,poultry,1,0,7,37.7,Similar cases seen in neighbouring herd.,False,True,False,False,True,False,True,False,False,False,False,False,0.0,LOW
2956,2026-07-09,Sambhajinagar,Sambhajinagar Block-3,Sambhajinagar Block-3 Village-2,cattle,4,0,9,,,False,False,False,True,False,False,False,False,False,False,False,False,0.0,LOW
2957,2026-07-09,Pune,Pune Block-2,Pune Block-2 Village-1,poultry,1,0,9,39.5,,True,True,False,False,False,False,False,False,False,False,False,False,0.0,LOW
2958,2026-07-09,Nashik,Nashik Block-2,Nashik Block-2 Village-5,cattle,3,0,1,,,False,False,True,False,False,False,False,False,False,False,False,False,0.0,LOW
2959,2026-07-09,Sambhajinagar,Sambhajinagar Block-2,Sambhajinagar Block-2 Village-4,cattle,2,0,4,,Farmer requested urgent visit.,False,False,False,False,False,True,False,False,True,False,False,False,0.0,LOW
2960,2026-07-09,Nagpur,Nagpur Block-2,Nagpur Block-2 Village-4,buffalo,3,0,4,,Reported by local field worker.,True,False,False,True,True,True,False,False,False,False,False,False,0.0,LOW
2961,2026-07-09,Kolhapur,Kolhapur Block-3,Kolhapur Block-3 Village-3,poultry,1,0,3,38.0,,False,False,False,False,False,True,False,False,False,True,False,False,0.0,LOW
2962,2026-07-09,Nagpur,Nagpur Block-3,Nagpur Block-3 Village-1,cattle,2,0,5,,Similar cases seen in neighbouring herd.,False,False,True,False,True,False,False,False,False,False,False,False,0.0,LOW
2963,2026-07-09,Kolhapur,Kolhapur Block-3,Kolhapur Block-3 Village-5,buffalo,4,0,4,,Animals isolated as precaution.,False,False,True,False,False,False,False,False,False,False,False,True,0.0,MEDIUM
2964,2026-07-09,Nagpur,Nagpur Block-3,Nagpur Block-3 Village-3,cattle,1,0,4,40.1,Similar cases seen in neighbouring herd.,True,True,False,False,False,True,False,False,False,True,False,False,0.0,LOW
2965,2026-07-09,Sambhajinagar,Sambhajinagar Block-3,Sambhajinagar Block-3 Village-2,buffalo,3,0,7,,,False,False,False,False,False,False,False,False,False,True,False,False,0.0,LOW
2966,2026-07-09,Nagpur,Nagpur Block-2,Nagpur Block-2 Village-5,sheep,4,0,9,38.5,,False,False,True,False,False,False,False,False,False,False,False,False,0.0,LOW
2967,2026-07-10,Nashik,Nashik Block-3,Nashik Block-3 Village-1,goat,8,1,6,37.7,,False,True,False,True,False,False,True,False,True,False,False,False,0.125,LOW
2968,2026-07-10,Pune,Pune Block-3,Pune Block-3 Village-3,sheep,4,0,8,38.0,Animals isolated as precaution.,False,False,False,False,False,False,False,False,False,False,False,True,0.0,LOW
2969,2026-07-10,Nagpur,Nagpur Block-2,Nagpur Block-2 Village-3,cattle,1,0,3,38.8,,False,False,False,False,False,False,False,True,False,False,False,False,0.0,LOW
2970,2026-07-10,Amravati,Amravati Block-1,Amravati Block-1 Village-2,cattle,3,0,2,37.9,Reported by local field worker.,False,False,False,False,False,False,False,True,False,False,False,False,0.0,LOW
2971,2026-07-10,Kolhapur,Kolhapur Block-1,Kolhapur Block-1 Village-2,sheep,2,0,3,37.9,Farmer requested urgent visit.,False,True,True,False,False,False,False,False,False,False,False,False,0.0,LOW
2972,2026-07-10,Amravati,Amravati Block-2,Amravati Block-2 Village-1,poultry,1,0,3,38.2,,False,False,False,True,False,False,False,False,False,False,False,False,0.0,LOW
2973,2026-07-10,Kolhapur,Kolhapur Block-1,Kolhapur Block-1 Village-2,buffalo,3,0,4,41.2,,True,True,True,False,True,True,False,False,False,False,False,False,0.0,LOW
2974,2026-07-10,Kolhapur,Kolhapur Block-1,Kolhapur Block-1 Village-3,buffalo,3,0,9,38.0,,False,False,False,False,False,False,True,True,False,False,False,False,0.0,LOW
2975,2026-07-10,Sambhajinagar,Sambhajinagar Block-1,Sambhajinagar Block-1 Village-4,goat,1,0,1,,,False,False,False,True,False,False,False,False,False,False,False,False,0.0,LOW
2976,2026-07-10,Kolhapur,Kolhapur Block-2,Kolhapur Block-2 Village-5,buffalo,4,0,3,,,False,True,False,False,False,True,False,True,False,False,False,False,0.0,LOW
2977,2026-07-10,Kolhapur,Kolhapur Block-1,Kolhapur Block-1 Village-2,poultry,9,2,8,38.1,Reported by local field worker.,False,False,False,False,True,False,True,False,False,False,False,False,0.222,MEDIUM
2978,2026-07-10,Sambhajinagar,Sambhajinagar Block-3,Sambhajinagar Block-3 Village-2,buffalo,4,0,7,38.0,Animals isolated as precaution.,False,False,False,True,False,False,False,False,False,False,False,False,0.0,LOW
2979,2026-07-10,Kolhapur,Kolhapur Block-3,Kolhapur Block-3 Village-4,goat,4,0,6,40.3,,True,True,False,False,False,False,False,False,False,False,False,False,0.0,LOW
2980,2026-07-10,Nashik,Nashik Block-2,Nashik Block-2 Village-3,goat,2,0,7,,Farmer requested urgent visit.,True,False,False,False,False,False,False,False,False,True,False,False,0.0,LOW
2981,2026-07-10,Nashik,Nashik Block-3,Nashik Block-3 Village-4,cattle,4,0,7,37.9,,False,False,True,False,False,False,False,False,False,False,False,False,0.0,LOW
2982,2026-07-10,Kolhapur,Kolhapur Block-1,Kolhapur Block-1 Village-3,buffalo,7,1,8,41.5,,True,True,True,False,False,True,False,False,False,False,False,False,0.143,LOW
2983,2026-07-10,Nashik,Nashik Block-2,Nashik Block-2 Village-5,cattle,2,0,1,41.2,Reported by local field worker.,True,False,False,False,False,False,False,False,False,False,False,False,0.0,LOW
2984,2026-07-10,Amravati,Amravati Block-1,Amravati Block-1 Village-2,goat,2,0,3,,,True,True,False,False,False,False,False,False,False,False,False,False,0.0,LOW
2985,2026-07-10,Sambhajinagar,Sambhajinagar Block-3,Sambhajinagar Block-3 Village-1,sheep,1,0,6,,Similar cases seen in neighbouring herd.,False,False,False,False,True,True,True,False,False,False,False,False,0.0,LOW
2986,2026-07-10,Amravati,Amravati Block-1,Amravati Block-1 Village-4,poultry,2,0,8,,Similar cases seen in neighbouring herd.,True,False,False,True,False,True,False,False,False,True,False,False,0.0,LOW
2987,2026-07-10,Nashik,Nashik Block-2,Nashik Block-2 Village-3,goat,9,1,9,,Reported by local field worker.,False,True,False,True,False,False,False,False,True,False,False,False,0.111,MEDIUM
2988,2026-07-10,Amravati,Amravati Block-2,Amravati Block-2 Village-5,goat,1,0,3,38.2,,False,False,False,False,True,False,False,False,False,False,False,False,0.0,LOW
2989,2026-07-10,Kolhapur,Kolhapur Block-1,Kolhapur Block-1 Village-3,sheep,2,0,3,38.1,Farmer requested urgent visit.,False,True,False,False,False,False,False,False,False,False,False,False,0.0,LOW
2990,2026-07-10,Nashik,Nashik Block-2,Nashik Block-2 Village-1,poultry,1,0,9,,,False,True,True,True,False,False,True,False,False,False,False,False,0.0,LOW
2991,2026-07-10,Sambhajinagar,Sambhajinagar Block-1,Sambhajinagar Block-1 Village-3,cattle,2,0,7,40.9,Farmer requested urgent visit.,True,False,False,True,True,False,False,False,False,False,False,False,0.0,LOW
2992,2026-07-10,Kolhapur,Kolhapur Block-3,Kolhapur Block-3 Village-5,cattle,1,0,4,40.2,Animals isolated as precaution.,True,False,False,True,False,False,False,False,False,True,False,False,0.0,LOW
2993,2026-07-10,Nagpur,Nagpur Block-3,Nagpur Block-3 Village-5,sheep,4,0,7,38.3,Reported by local field worker.,False,True,True,False,False,False,False,False,False,False,False,False,0.0,LOW
2994,2026-07-10,Pune,Pune Block-1,Pune Block-1 Village-1,buffalo,2,0,1,38.4,,False,False,True,False,False,False,False,False,False,False,False,False,0.0,LOW
2995,2026-07-10,Amravati,Amravati Block-2,Amravati Block-2 Village-3,sheep,8,1,1,39.4,Reported by local field worker.,True,False,True,True,True,True,True,False,True,False,False,False,0.125,MEDIUM
2996,2026-07-10,Nashik,Nashik Block-2,Nashik Block-2 Village-3,goat,3,0,5,38.8,Similar cases seen in neighbouring herd.,False,True,False,False,False,False,False,False,False,False,False,False,0.0,LOW
2997,2026-07-10,Sambhajinagar,Sambhajinagar Block-2,Sambhajinagar Block-2 Village-3,poultry,6,1,7,38.4,,False,False,False,False,True,False,False,False,False,False,False,True,0.167,MEDIUM
2998,2026-07-10,Kolhapur,Kolhapur Block-3,Kolhapur Block-3 Village-1,goat,1,0,3,,Farmer requested urgent visit.,False,False,False,False,False,False,False,False,False,False,True,False,0.0,LOW
2999,2026-07-10,Amravati,Amravati Block-3,Amravati Block-3 Village-2,buffalo,4,0,2,39.1,Reported by local field worker.,False,False,False,True,False,False,False,False,False,False,False,True,0.0,MEDIUM
3000,2026-07-10,Nagpur,Nagpur Block-3,Nagpur Block-3 Village-1,buffalo,4,0,5,,Farmer requested urgent visit.,False,True,False,False,False,False,False,False,False,False,False,False,0.0,LOW
3001,2026-07-10,Pune,Pune Block-1,Pune Block-1 Village-2,cattle,6,0,7,38.8,Similar cases seen in neighbouring herd.,False,False,False,True,False,False,False,False,False,False,False,False,0.0,LOW
3002,2026-07-10,Sambhajinagar,Sambhajinagar Block-1,Sambhajinagar Block-1 Village-2,goat,3,0,4,38.8,,False,True,False,False,False,True,False,False,False,False,False,False,0.0,LOW
3003,2026-07-10,Pune,Pune Block-1,Pune Block-1 Village-3,goat,9,1,9,39.7,Similar cases seen in neighbouring herd.,True,True,True,True,True,False,False,False,False,False,False,False,0.111,LOW
3004,2026-07-10,Kolhapur,Kolhapur Block-1,Kolhapur Block-1 Village-4,sheep,13,4,1,41.2,Similar cases seen in neighbouring herd.,True,True,True,False,True,True,False,True,True,False,False,False,0.308,HIGH
3005,2026-07-10,Amravati,Amravati Block-1,Amravati Block-1 Village-4,poultry,4,0,9,37.7,Farmer requested urgent visit.,False,False,False,True,False,False,True,False,False,False,False,False,0.0,LOW
3006,2026-07-11,Sambhajinagar,Sambhajinagar Block-1,Sambhajinagar Block-1 Village-1,buffalo,1,0,7,37.8,,False,False,True,False,False,False,False,False,False,False,False,False,0.0,LOW
3007,2026-07-11,Amravati,Amravati Block-2,Amravati Block-2 Village-5,sheep,4,0,6,,Reported by local field worker.,False,False,False,False,False,False,True,False,False,False,False,False,0.0,LOW
3008,2026-07-11,Sambhajinagar,Sambhajinagar Block-1,Sambhajinagar Block-1 Village-1,cattle,4,0,3,41.3,Farmer requested urgent visit.,True,False,True,False,False,False,False,False,False,False,False,False,0.0,LOW
3009,2026-07-11,Amravati,Amravati Block-2,Amravati Block-2 Village-5,poultry,1,0,8,38.1,,False,False,False,True,False,False,False,False,False,False,False,False,0.0,LOW
3010,2026-07-11,Nagpur,Nagpur Block-1,Nagpur Block-1 Village-2,cattle,1,0,9,,,False,False,False,True,False,False,False,False,True,False,False,False,0.0,LOW
3011,2026-07-11,Nagpur,Nagpur Block-3,Nagpur Block-3 Village-5,sheep,2,0,1,,,False,False,False,False,False,False,False,False,False,True,False,False,0.0,LOW
3012,2026-07-11,Nagpur,Nagpur Block-2,Nagpur Block-2 Village-1,sheep,3,0,7,38.3,Reported by local field worker.,False,False,True,True,False,False,False,False,False,False,False,False,0.0,LOW
3013,2026-07-11,Amravati,Amravati Block-1,Amravati Block-1 Village-1,poultry,5,1,5,40.3,,True,True,True,False,True,False,True,False,False,True,False,False,0.2,MEDIUM
3014,2026-07-11,Amravati,Amravati Block-3,Amravati Block-3 Village-2,sheep,7,1,8,38.8,Similar cases seen in neighbouring herd.,False,False,False,True,True,False,False,False,False,True,False,False,0.143,LOW
3015,2026-07-11,Pune,Pune Block-2,Pune Block-2 Village-4,cattle,4,0,9,38.5,Animals isolated as precaution.,False,True,False,False,False,False,False,False,False,False,False,False,0.0,LOW
3016,2026-07-11,Nashik,Nashik Block-2,Nashik Block-2 Village-5,sheep,2,0,7,38.7,Similar cases seen in neighbouring herd.,False,False,False,False,False,False,False,False,False,True,False,False,0.0,LOW
3017,2026-07-11,Pune,Pune Block-3,Pune Block-3 Village-4,cattle,2,0,3,,,True,False,False,False,True,False,False,False,False,False,False,False,0.0,LOW
3018,2026-07-11,Pune,Pune Block-3,Pune Block-3 Village-1,goat,8,1,2,,,False,True,True,False,True,False,False,False,False,False,False,False,0.125,LOW
3019,2026-07-11,Pune,Pune Block-3,Pune Block-3 Village-1,sheep,3,0,9,38.5,Farmer requested urgent visit.,False,False,False,False,False,True,True,False,False,False,True,False,0.0,MEDIUM
3020,2026-07-11,Amravati,Amravati Block-2,Amravati Block-2 Village-1,cattle,2,0,9,,Animals isolated as precaution.,True,True,False,False,True,False,False,False,False,False,False,False,0.0,LOW
3021,2026-07-11,Nashik,Nashik Block-1,Nashik Block-1 Village-1,goat,3,0,9,40.3,Reported by local field worker.,True,False,False,False,False,False,False,False,False,False,False,False,0.0,LOW
3022,2026-07-11,Nashik,Nashik Block-3,Nashik Block-3 Village-3,goat,1,0,9,40.5,Similar cases seen in neighbouring herd.,True,False,False,False,False,False,False,False,False,False,False,False,0.0,LOW
3023,2026-07-11,Sambhajinagar,Sambhajinagar Block-3,Sambhajinagar Block-3 Village-1,buffalo,2,0,1,38.1,Similar cases seen in neighbouring herd.,False,False,False,False,False,True,False,False,False,False,False,False,0.0,LOW
3024,2026-07-11,Kolhapur,Kolhapur Block-1,Kolhapur Block-1 Village-4,sheep,19,5,1,39.9,,True,True,True,False,False,True,True,False,False,True,False,False,0.263,MEDIUM
3025,2026-07-11,Nashik,Nashik Block-1,Nashik Block-1 Village-5,cattle,4,0,8,40.1,Animals isolated as precaution.,True,False,False,False,False,False,True,False,False,False,False,False,0.0,LOW
3026,2026-07-11,Nagpur,Nagpur Block-1,Nagpur Block-1 Village-2,sheep,2,0,4,38.8,,False,False,True,False,False,False,False,False,False,False,False,False,0.0,LOW
3027,2026-07-11,Amravati,Amravati Block-3,Amravati Block-3 Village-4,cattle,7,1,1,,Farmer requested urgent visit.,True,True,False,True,False,True,False,False,False,False,False,False,0.143,LOW
3028,2026-07-11,Pune,Pune Block-2,Pune Block-2 Village-5,buffalo,3,0,8,,,True,False,False,False,False,True,False,False,False,False,False,False,0.0,LOW
3029,2026-07-11,Kolhapur,Kolhapur Block-3,Kolhapur Block-3 Village-2,goat,2,0,3,,Farmer requested urgent visit.,True,False,False,False,False,False,False,False,False,False,False,False,0.0,LOW
3030,2026-07-11,Nagpur,Nagpur Block-1,Nagpur Block-1 Village-4,cattle,2,0,7,,Animals isolated as precaution.,False,True,True,False,False,True,False,False,False,False,False,False,0.0,LOW
3031,2026-07-11,Nagpur,Nagpur Block-1,Nagpur Block-1 Village-2,goat,4,0,4,38.2,Animals isolated as precaution.,False,False,False,False,False,False,False,True,False,False,False,False,0.0,LOW
3032,2026-07-11,Pune,Pune Block-1,Pune Block-1 Village-2,buffalo,21,8,2,,Farmer requested urgent visit.,True,True,True,True,False,True,False,False,False,True,False,False,0.381,HIGH
3033,2026-07-11,Kolhapur,Kolhapur Block-1,Kolhapur Block-1 Village-4,buffalo,3,0,8,,Animals isolated as precaution.,False,False,False,False,False,False,False,False,True,False,False,False,0.0,LOW
3034,2026-07-11,Nagpur,Nagpur Block-3,Nagpur Block-3 Village-3,sheep,7,1,4,,Similar cases seen in neighbouring herd.,True,True,True,True,True,True,False,False,False,False,False,False,0.143,LOW
3035,2026-07-11,Nashik,Nashik Block-1,Nashik Block-1 Village-2,sheep,1,0,8,,Animals isolated as precaution.,False,True,True,False,True,False,False,False,False,False,False,False,0.0,LOW
3036,2026-07-11,Sambhajinagar,Sambhajinagar Block-1,Sambhajinagar Block-1 Village-4,buffalo,4,0,9,37.9,Animals isolated as precaution.,False,True,False,True,False,False,False,False,False,False,False,False,0.0,LOW
3037,2026-07-11,Nashik,Nashik Block-2,Nashik Block-2 Village-1,sheep,8,2,6,,Similar cases seen in neighbouring herd.,False,False,False,True,False,True,False,False,False,True,False,False,0.25,LOW
3038,2026-07-11,Kolhapur,Kolhapur Block-1,Kolhapur Block-1 Village-4,cattle,4,0,7,41.3,,True,False,False,False,False,True,False,False,False,False,False,False,0.0,LOW
3039,2026-07-11,Nashik,Nashik Block-3,Nashik Block-3 Village-1,buffalo,4,1,4,37.6,Reported by local field worker.,False,False,False,True,False,False,True,False,True,False,False,False,0.25,LOW
3040,2026-07-11,Nashik,Nashik Block-2,Nashik Block-2 Village-1,goat,6,1,7,41.0,Reported by local field worker.,True,True,False,False,False,True,False,False,False,False,False,False,0.167,LOW
3041,2026-07-11,Nagpur,Nagpur Block-3,Nagpur Block-3 Village-1,goat,5,0,7,38.9,Similar cases seen in neighbouring herd.,False,False,False,False,False,True,False,False,True,False,False,False,0.0,LOW
3042,2026-07-11,Pune,Pune Block-2,Pune Block-2 Village-1,cattle,3,0,8,39.8,Animals isolated as precaution.,True,True,False,False,True,False,False,False,False,False,False,False,0.0,LOW
3043,2026-07-11,Pune,Pune Block-1,Pune Block-1 Village-1,goat,1,0,4,,Similar cases seen in neighbouring herd.,True,False,False,False,False,False,False,False,False,False,False,False,0.0,LOW
3044,2026-07-11,Amravati,Amravati Block-3,Amravati Block-3 Village-3,buffalo,2,0,3,38.2,Farmer requested urgent visit.,False,False,False,False,False,True,False,False,False,False,False,False,0.0,LOW
3045,2026-07-11,Sambhajinagar,Sambhajinagar Block-3,Sambhajinagar Block-3 Village-5,goat,1,0,8,,,True,False,False,True,False,False,False,False,False,False,False,False,0.0,LOW
3046,2026-07-11,Pune,Pune Block-1,Pune Block-1 Village-1,poultry,1,0,7,41.3,Animals isolated as precaution.,True,False,False,True,False,False,True,False,False,False,False,False,0.0,LOW
3047,2026-07-11,Nashik,Nashik Block-3,Nashik Block-3 Village-2,cattle,8,1,5,,Farmer requested urgent visit.,False,True,False,True,True,False,False,False,False,False,True,False,0.125,MEDIUM
3048,2026-07-11,Amravati,Amravati Block-2,Amravati Block-2 Village-3,goat,3,0,8,37.8,Farmer requested urgent visit.,False,False,False,True,False,False,True,False,False,False,False,False,0.0,LOW
3049,2026-07-11,Amravati,Amravati Block-3,Amravati Block-3 Village-3,sheep,9,1,3,37.8,Farmer requested urgent visit.,False,False,True,False,False,True,False,False,False,True,False,False,0.111,MEDIUM
3050,2026-07-11,Pune,Pune Block-1,Pune Block-1 Village-2,sheep,1,0,6,37.6,Animals isolated as precaution.,False,False,False,False,True,True,False,False,False,False,False,False,0.0,LOW
3051,2026-07-12,Amravati,Amravati Block-3,Amravati Block-3 Village-1,cattle,16,4,3,41.4,Similar cases seen in neighbouring herd.,True,True,True,True,True,True,True,False,True,False,False,False,0.25,MEDIUM
3052,2026-07-12,Nagpur,Nagpur Block-1,Nagpur Block-1 Village-2,sheep,2,0,2,38.9,Similar cases seen in neighbouring herd.,False,True,True,True,False,False,False,False,False,False,False,False,0.0,LOW
3053,2026-07-12,Kolhapur,Kolhapur Block-1,Kolhapur Block-1 Village-2,buffalo,1,0,7,,,False,False,False,False,False,False,False,False,False,True,False,False,0.0,LOW
3054,2026-07-12,Kolhapur,Kolhapur Block-2,Kolhapur Block-2 Village-4,goat,1,0,7,38.7,,False,False,False,False,False,False,False,True,False,False,False,False,0.0,LOW
3055,2026-07-12,Kolhapur,Kolhapur Block-2,Kolhapur Block-2 Village-2,cattle,1,0,1,,,False,False,False,False,False,False,False,False,False,True,False,False,0.0,LOW
3056,2026-07-12,Amravati,Amravati Block-1,Amravati Block-1 Village-3,sheep,4,0,9,,Farmer requested urgent visit.,False,False,False,False,False,False,False,False,False,False,True,False,0.0,MEDIUM
3057,2026-07-12,Nashik,Nashik Block-3,Nashik Block-3 Village-1,sheep,15,7,3,40.1,,True,True,True,True,True,True,False,True,False,False,False,True,0.467,HIGH
3058,2026-07-12,Nashik,Nashik Block-2,Nashik Block-2 Village-4,sheep,4,0,3,39.0,,False,False,True,False,False,False,True,True,False,False,False,False,0.0,LOW
3059,2026-07-12,Sambhajinagar,Sambhajinagar Block-1,Sambhajinagar Block-1 Village-2,goat,1,0,6,38.4,,False,False,True,False,True,False,False,True,False,False,False,False,0.0,LOW
3060,2026-07-12,Nashik,Nashik Block-3,Nashik Block-3 Village-1,cattle,3,0,5,38.2,Reported by local field worker.,False,False,False,False,True,False,False,False,False,False,False,False,0.0,LOW
3061,2026-07-12,Amravati,Amravati Block-1,Amravati Block-1 Village-5,poultry,1,0,2,40.2,Animals isolated as precaution.,True,False,True,False,False,False,False,False,False,False,False,True,0.0,LOW
3062,2026-07-12,Nashik,Nashik Block-2,Nashik Block-2 Village-5,cattle,7,1,5,37.8,Farmer requested urgent visit.,False,False,False,False,False,True,False,False,False,False,False,False,0.143,LOW
3063,2026-07-12,Nagpur,Nagpur Block-1,Nagpur Block-1 Village-5,buffalo,3,0,3,37.9,Reported by local field worker.,False,False,False,False,False,False,True,False,False,False,False,False,0.0,LOW
3064,2026-07-12,Sambhajinagar,Sambhajinagar Block-1,Sambhajinagar Block-1 Village-1,cattle,4,0,1,38.0,,False,False,False,True,False,False,False,False,False,True,False,False,0.0,LOW
3065,2026-07-12,Kolhapur,Kolhapur Block-1,Kolhapur Block-1 Village-4,buffalo,3,0,8,37.6,Reported by local field worker.,False,False,False,False,False,False,False,False,False,True,False,False,0.0,LOW
3066,2026-07-12,Amravati,Amravati Block-1,Amravati Block-1 Village-2,goat,1,0,1,38.0,Reported by local field worker.,False,False,True,False,False,False,False,False,False,False,False,False,0.0,LOW
3067,2026-07-12,Amravati,Amravati Block-3,Amravati Block-3 Village-2,cattle,4,0,6,40.5,Similar cases seen in neighbouring herd.,True,False,False,False,False,False,False,False,False,False,False,False,0.0,LOW
3068,2026-07-12,Nashik,Nashik Block-1,Nashik Block-1 Village-1,sheep,2,0,3,38.7,Reported by local field worker.,False,True,False,False,False,True,True,False,False,False,False,False,0.0,LOW
3069,2026-07-12,Nagpur,Nagpur Block-3,Nagpur Block-3 Village-1,cattle,3,0,9,37.8,,False,True,False,False,False,False,False,False,False,False,False,False,0.0,LOW
3070,2026-07-12,Amravati,Amravati Block-3,Amravati Block-3 Village-5,goat,4,0,6,,Reported by local field worker.,True,False,True,False,False,False,False,False,False,False,False,False,0.0,LOW
3071,2026-07-12,Kolhapur,Kolhapur Block-2,Kolhapur Block-2 Village-1,sheep,4,0,2,40.9,,True,False,False,False,True,False,False,False,False,False,False,False,0.0,LOW
3072,2026-07-12,Pune,Pune Block-1,Pune Block-1 Village-2,cattle,9,2,3,40.8,Reported by local field worker.,True,True,False,True,True,False,False,False,False,False,False,False,0.222,LOW
3073,2026-07-12,Pune,Pune Block-2,Pune Block-2 Village-5,sheep,4,0,9,38.6,,False,False,True,False,False,False,False,False,False,False,False,False,0.0,LOW
3074,2026-07-12,Amravati,Amravati Block-2,Amravati Block-2 Village-5,goat,2,0,9,38.5,Farmer requested urgent visit.,False,True,False,False,False,False,False,False,False,False,False,False,0.0,LOW
3075,2026-07-12,Amravati,Amravati Block-2,Amravati Block-2 Village-1,goat,24,8,2,,Farmer requested urgent visit.,True,False,True,True,False,False,False,True,False,True,False,False,0.333,HIGH
3076,2026-07-12,Pune,Pune Block-3,Pune Block-3 Village-3,goat,2,0,2,40.8,,True,True,False,False,False,True,False,False,False,False,False,False,0.0,LOW
3077,2026-07-12,Nagpur,Nagpur Block-3,Nagpur Block-3 Village-3,sheep,1,0,7,39.3,Farmer requested urgent visit.,True,True,False,False,False,False,False,False,False,False,False,False,0.0,LOW
3078,2026-07-12,Amravati,Amravati Block-3,Amravati Block-3 Village-5,buffalo,3,0,6,40.8,,True,True,True,True,False,True,False,False,False,False,False,False,0.0,LOW
3079,2026-07-12,Nashik,Nashik Block-1,Nashik Block-1 Village-2,poultry,2,0,4,38.9,,False,False,False,True,False,False,False,False,False,False,False,False,0.0,LOW
3080,2026-07-12,Nashik,Nashik Block-1,Nashik Block-1 Village-1,goat,3,0,3,39.1,,False,True,False,True,False,False,False,False,False,False,False,False,0.0,LOW
3081,2026-07-12,Kolhapur,Kolhapur Block-2,Kolhapur Block-2 Village-4,cattle,2,0,7,40.1,Animals isolated as precaution.,True,False,False,True,False,True,True,False,False,False,False,False,0.0,LOW
3082,2026-07-12,Nashik,Nashik Block-2,Nashik Block-2 Village-5,sheep,3,0,8,41.2,Farmer requested urgent visit.,True,True,False,False,True,False,False,False,False,False,False,False,0.0,LOW
3083,2026-07-12,Pune,Pune Block-2,Pune Block-2 Village-3,poultry,1,0,5,,Reported by local field worker.,True,True,True,False,False,False,False,False,False,False,False,False,0.0,LOW
3084,2026-07-12,Nashik,Nashik Block-3,Nashik Block-3 Village-1,cattle,3,0,1,37.7,,False,False,True,False,False,False,True,True,False,False,False,False,0.0,LOW
3085,2026-07-12,Kolhapur,Kolhapur Block-2,Kolhapur Block-2 Village-4,sheep,4,0,5,41.1,Similar cases seen in neighbouring herd.,True,False,True,False,False,False,False,False,False,False,False,False,0.0,LOW
3086,2026-07-12,Amravati,Amravati Block-2,Amravati Block-2 Village-3,sheep,3,0,6,38.9,,False,True,False,False,False,False,False,False,False,False,False,False,0.0,LOW
3087,2026-07-12,Pune,Pune Block-3,Pune Block-3 Village-3,sheep,3,0,8,,Reported by local field worker.,True,False,False,True,False,True,False,False,False,False,False,False,0.0,LOW
3088,2026-07-12,Amravati,Amravati Block-2,Amravati Block-2 Village-3,buffalo,3,0,2,,Reported by local field worker.,False,False,True,False,False,False,False,False,False,True,False,False,0.0,LOW
3089,2026-07-12,Sambhajinagar,Sambhajinagar Block-1,Sambhajinagar Block-1 Village-2,buffalo,3,0,3,,Animals isolated as precaution.,False,True,False,False,False,True,True,False,False,False,False,False,0.0,LOW
3090,2026-07-12,Kolhapur,Kolhapur Block-3,Kolhapur Block-3 Village-4,goat,7,1,3,,,True,False,False,False,False,True,False,False,False,True,False,False,0.143,LOW
3091,2026-07-13,Kolhapur,Kolhapur Block-2,Kolhapur Block-2 Village-4,goat,1,0,7,,Reported by local field worker.,False,False,False,False,False,True,False,True,False,False,False,False,0.0,LOW
3092,2026-07-13,Amravati,Amravati Block-1,Amravati Block-1 Village-5,cattle,2,0,6,40.7,Farmer requested urgent visit.,True,False,False,False,True,False,False,False,False,False,False,False,0.0,LOW
3093,2026-07-13,Amravati,Amravati Block-1,Amravati Block-1 Village-4,goat,1,0,7,40.4,Farmer requested urgent visit.,True,False,False,True,False,False,False,False,False,False,False,False,0.0,LOW
3094,2026-07-13,Sambhajinagar,Sambhajinagar Block-2,Sambhajinagar Block-2 Village-1,sheep,3,0,9,39.1,,False,True,False,False,False,True,False,False,False,False,False,False,0.0,LOW
3095,2026-07-13,Pune,Pune Block-2,Pune Block-2 Village-3,buffalo,3,0,9,37.7,Similar cases seen in neighbouring herd.,False,False,False,True,False,False,False,False,False,False,False,False,0.0,LOW
3096,2026-07-13,Pune,Pune Block-3,Pune Block-3 Village-4,goat,1,0,6,41.1,,True,False,False,False,False,False,False,False,True,False,False,False,0.0,LOW
3097,2026-07-13,Nagpur,Nagpur Block-3,Nagpur Block-3 Village-5,cattle,4,0,7,,Similar cases seen in neighbouring herd.,True,True,False,False,False,False,False,True,False,False,False,False,0.0,LOW
3098,2026-07-13,Nagpur,Nagpur Block-1,Nagpur Block-1 Village-5,cattle,7,0,8,40.5,,True,False,True,False,False,False,False,False,False,False,False,False,0.0,LOW
3099,2026-07-13,Sambhajinagar,Sambhajinagar Block-2,Sambhajinagar Block-2 Village-4,cattle,2,0,1,,Farmer requested urgent visit.,False,True,False,False,False,False,False,False,False,False,False,False,0.0,LOW
3100,2026-07-13,Sambhajinagar,Sambhajinagar Block-2,Sambhajinagar Block-2 Village-2,sheep,1,0,2,,,True,False,False,False,False,False,False,False,False,False,False,False,0.0,LOW
3101,2026-07-13,Pune,Pune Block-3,Pune Block-3 Village-5,cattle,2,0,1,38.8,,False,False,False,False,False,False,True,False,False,False,False,False,0.0,LOW
3102,2026-07-13,Pune,Pune Block-2,Pune Block-2 Village-1,buffalo,11,6,2,39.4,Animals isolated as precaution.,True,True,True,False,True,True,False,False,False,False,False,False,0.545,HIGH
3103,2026-07-13,Amravati,Amravati Block-1,Amravati Block-1 Village-2,buffalo,1,0,4,40.4,,True,False,False,False,True,False,False,False,False,False,False,False,0.0,LOW
3104,2026-07-13,Nagpur,Nagpur Block-3,Nagpur Block-3 Village-4,buffalo,1,0,6,37.8,,False,False,True,False,False,False,False,False,False,True,True,False,0.0,MEDIUM
3105,2026-07-13,Pune,Pune Block-2,Pune Block-2 Village-1,buffalo,1,0,2,,Similar cases seen in neighbouring herd.,False,False,True,False,False,False,False,False,False,False,False,False,0.0,LOW
3106,2026-07-13,Nashik,Nashik Block-3,Nashik Block-3 Village-3,buffalo,1,0,7,,,False,True,False,False,False,False,False,False,False,False,False,False,0.0,LOW
3107,2026-07-13,Pune,Pune Block-1,Pune Block-1 Village-1,poultry,5,1,1,39.1,,False,True,False,True,True,True,False,False,True,False,False,False,0.2,MEDIUM
3108,2026-07-13,Nagpur,Nagpur Block-1,Nagpur Block-1 Village-2,cattle,6,1,7,40.8,Reported by local field worker.,True,False,True,False,False,False,False,False,False,False,False,False,0.167,LOW
3109,2026-07-13,Amravati,Amravati Block-3,Amravati Block-3 Village-4,cattle,1,0,7,40.4,,True,False,True,False,False,False,False,False,False,False,False,False,0.0,LOW
3110,2026-07-13,Sambhajinagar,Sambhajinagar Block-3,Sambhajinagar Block-3 Village-5,goat,3,0,6,39.2,,False,True,False,False,False,False,False,False,False,False,False,False,0.0,LOW
3111,2026-07-13,Pune,Pune Block-1,Pune Block-1 Village-1,goat,2,0,7,,,True,False,False,False,False,False,False,False,False,False,False,False,0.0,LOW
3112,2026-07-13,Nashik,Nashik Block-2,Nashik Block-2 Village-1,sheep,2,0,5,,Reported by local field worker.,True,False,False,False,False,True,False,False,False,False,False,True,0.0,LOW
3113,2026-07-13,Pune,Pune Block-3,Pune Block-3 Village-2,buffalo,3,0,2,37.7,,False,False,True,False,False,True,True,False,False,False,False,False,0.0,LOW
3114,2026-07-13,Nashik,Nashik Block-1,Nashik Block-1 Village-3,poultry,4,0,5,38.7,Reported by local field worker.,False,True,False,False,False,False,False,False,False,False,False,True,0.0,MEDIUM
3115,2026-07-13,Sambhajinagar,Sambhajinagar Block-1,Sambhajinagar Block-1 Village-4,cattle,1,0,8,38.0,Reported by local field worker.,False,True,False,True,False,False,True,False,False,False,False,False,0.0,LOW
3116,2026-07-13,Sambhajinagar,Sambhajinagar Block-2,Sambhajinagar Block-2 Village-4,goat,2,0,9,,,True,False,True,False,False,False,True,False,False,False,False,False,0.0,LOW
3117,2026-07-13,Amravati,Amravati Block-2,Amravati Block-2 Village-3,cattle,5,1,2,,Reported by local field worker.,True,False,False,False,False,False,False,True,False,False,False,False,0.2,LOW
3118,2026-07-13,Nashik,Nashik Block-2,Nashik Block-2 Village-4,poultry,4,0,9,,Reported by local field worker.,False,True,False,True,False,False,False,False,False,True,False,False,0.0,LOW
3119,2026-07-13,Pune,Pune Block-3,Pune Block-3 Village-1,buffalo,1,0,3,38.4,,False,True,False,False,False,False,False,False,False,False,False,False,0.0,LOW
3120,2026-07-13,Kolhapur,Kolhapur Block-2,Kolhapur Block-2 Village-4,sheep,2,0,2,38.6,,False,True,False,True,False,False,False,False,False,False,False,False,0.0,LOW
3121,2026-07-13,Sambhajinagar,Sambhajinagar Block-2,Sambhajinagar Block-2 Village-5,goat,8,2,8,41.2,Similar cases seen in neighbouring herd.,True,True,False,True,False,False,False,True,False,False,False,False,0.25,MEDIUM
3122,2026-07-13,Pune,Pune Block-1,Pune Block-1 Village-5,sheep,2,0,5,37.8,Animals isolated as precaution.,False,False,False,False,True,False,False,False,False,False,False,False,0.0,LOW
3123,2026-07-13,Nashik,Nashik Block-1,Nashik Block-1 Village-5,goat,2,0,7,41.0,Farmer requested urgent visit.,True,False,False,False,False,False,False,False,True,False,False,True,0.0,MEDIUM
3124,2026-07-13,Amravati,Amravati Block-2,Amravati Block-2 Village-3,goat,2,0,7,,,True,False,False,False,True,True,False,False,False,False,False,False,0.0,LOW
3125,2026-07-13,Sambhajinagar,Sambhajinagar Block-3,Sambhajinagar Block-3 Village-1,goat,8,1,9,40.9,Reported by local field worker.,True,False,True,True,False,True,True,False,False,False,False,False,0.125,LOW
3126,2026-07-13,Nagpur,Nagpur Block-3,Nagpur Block-3 Village-2,cattle,3,0,2,,Farmer requested urgent visit.,False,False,False,False,False,True,False,False,False,False,False,False,0.0,LOW
3127,2026-07-14,Amravati,Amravati Block-3,Amravati Block-3 Village-5,sheep,3,0,4,40.1,Farmer requested urgent visit.,True,False,True,False,False,False,False,False,False,False,False,False,0.0,LOW
3128,2026-07-14,Kolhapur,Kolhapur Block-1,Kolhapur Block-1 Village-3,poultry,6,0,1,38.4,,False,True,True,False,False,False,False,False,False,False,False,False,0.0,LOW
3129,2026-07-14,Pune,Pune Block-2,Pune Block-2 Village-4,cattle,4,0,1,,,False,True,False,False,False,False,False,False,False,False,False,False,0.0,LOW
3130,2026-07-14,Amravati,Amravati Block-3,Amravati Block-3 Village-2,sheep,1,0,9,37.7,Similar cases seen in neighbouring herd.,False,False,False,False,False,True,False,False,False,False,False,False,0.0,LOW
3131,2026-07-14,Amravati,Amravati Block-2,Amravati Block-2 Village-3,sheep,1,0,4,39.2,,False,False,False,False,False,True,False,False,False,False,False,False,0.0,LOW
3132,2026-07-14,Kolhapur,Kolhapur Block-3,Kolhapur Block-3 Village-2,cattle,3,0,1,,Animals isolated as precaution.,True,False,False,False,False,True,False,False,False,False,False,False,0.0,LOW
3133,2026-07-14,Sambhajinagar,Sambhajinagar Block-1,Sambhajinagar Block-1 Village-2,cattle,5,1,5,40.6,,True,False,False,False,True,False,False,False,False,False,False,False,0.2,LOW
3134,2026-07-14,Sambhajinagar,Sambhajinagar Block-1,Sambhajinagar Block-1 Village-4,buffalo,2,0,4,38.1,Animals isolated as precaution.,False,False,False,False,False,False,False,False,True,False,False,False,0.0,LOW
3135,2026-07-14,Amravati,Amravati Block-1,Amravati Block-1 Village-3,buffalo,3,0,9,,Similar cases seen in neighbouring herd.,True,False,False,True,False,False,True,False,False,False,False,False,0.0,LOW
3136,2026-07-14,Amravati,Amravati Block-3,Amravati Block-3 Village-5,goat,1,0,7,37.9,,False,False,False,False,False,True,True,False,False,False,False,False,0.0,LOW
3137,2026-07-14,Sambhajinagar,Sambhajinagar Block-3,Sambhajinagar Block-3 Village-5,goat,2,0,4,38.9,,False,False,False,True,False,False,False,False,False,False,False,False,0.0,LOW
3138,2026-07-14,Amravati,Amravati Block-3,Amravati Block-3 Village-5,cattle,3,0,1,41.4,,True,False,False,False,False,False,False,False,False,False,False,False,0.0,LOW
3139,2026-07-14,Sambhajinagar,Sambhajinagar Block-1,Sambhajinagar Block-1 Village-4,sheep,6,1,6,40.3,Animals isolated as precaution.,True,True,True,False,False,False,False,False,False,False,False,False,0.167,LOW
3140,2026-07-14,Nagpur,Nagpur Block-3,Nagpur Block-3 Village-4,buffalo,3,0,9,39.8,Farmer requested urgent visit.,True,False,False,False,False,False,True,False,False,False,False,False,0.0,LOW
3141,2026-07-14,Amravati,Amravati Block-2,Amravati Block-2 Village-2,poultry,2,0,4,39.2,Farmer requested urgent visit.,False,False,False,False,False,True,False,False,False,False,False,False,0.0,LOW
3142,2026-07-14,Nashik,Nashik Block-2,Nashik Block-2 Village-4,buffalo,4,0,2,41.5,Animals isolated as precaution.,True,False,True,False,False,False,False,False,False,False,False,False,0.0,LOW
3143,2026-07-14,Amravati,Amravati Block-1,Amravati Block-1 Village-4,goat,3,0,3,40.6,Animals isolated as precaution.,True,False,False,False,True,False,False,False,False,False,False,False,0.0,LOW
3144,2026-07-14,Nagpur,Nagpur Block-1,Nagpur Block-1 Village-1,sheep,2,0,1,38.2,,False,False,False,True,True,True,False,False,False,False,False,False,0.0,LOW
3145,2026-07-14,Amravati,Amravati Block-3,Amravati Block-3 Village-3,cattle,7,1,5,40.8,,True,False,False,False,True,True,False,False,False,False,False,False,0.143,LOW
3146,2026-07-14,Sambhajinagar,Sambhajinagar Block-2,Sambhajinagar Block-2 Village-5,cattle,1,0,7,,,True,False,False,False,False,True,False,False,False,False,False,False,0.0,LOW
3147,2026-07-14,Amravati,Amravati Block-2,Amravati Block-2 Village-5,goat,1,0,6,39.2,,False,True,False,False,False,False,True,False,False,False,False,False,0.0,LOW
3148,2026-07-14,Nagpur,Nagpur Block-3,Nagpur Block-3 Village-1,buffalo,4,0,5,41.1,Reported by local field worker.,True,True,False,True,False,True,True,False,False,False,False,False,0.0,LOW
3149,2026-07-14,Amravati,Amravati Block-1,Amravati Block-1 Village-5,cattle,3,0,8,38.7,Similar cases seen in neighbouring herd.,False,False,False,False,False,False,False,False,False,True,False,False,0.0,LOW
3150,2026-07-14,Kolhapur,Kolhapur Block-1,Kolhapur Block-1 Village-3,goat,22,9,2,41.2,Reported by local field worker.,True,True,True,False,False,True,True,False,False,False,False,False,0.409,HIGH
3151,2026-07-14,Sambhajinagar,Sambhajinagar Block-2,Sambhajinagar Block-2 Village-1,poultry,3,0,9,,,True,False,False,False,True,False,False,False,False,False,False,False,0.0,LOW
3152,2026-07-14,Nashik,Nashik Block-3,Nashik Block-3 Village-4,sheep,2,0,2,41.5,Animals isolated as precaution.,True,True,False,True,False,True,False,False,False,False,False,False,0.0,LOW
3153,2026-07-14,Pune,Pune Block-2,Pune Block-2 Village-1,sheep,1,0,1,38.7,Farmer requested urgent visit.,False,False,False,False,False,False,False,False,True,False,False,False,0.0,LOW
3154,2026-07-14,Nagpur,Nagpur Block-3,Nagpur Block-3 Village-5,cattle,4,0,6,38.4,,False,True,False,False,False,False,False,False,False,False,False,False,0.0,LOW
3155,2026-07-14,Amravati,Amravati Block-3,Amravati Block-3 Village-5,goat,3,0,8,39.4,Animals isolated as precaution.,True,False,False,True,False,False,True,False,False,False,False,False,0.0,LOW
3156,2026-07-14,Sambhajinagar,Sambhajinagar Block-3,Sambhajinagar Block-3 Village-3,cattle,4,1,2,40.8,,True,False,False,False,False,True,False,False,False,False,False,True,0.25,HIGH
3157,2026-07-14,Kolhapur,Kolhapur Block-1,Kolhapur Block-1 Village-1,cattle,1,0,5,37.6,Reported by local field worker.,False,False,False,False,True,False,False,False,False,False,False,False,0.0,LOW
3158,2026-07-14,Sambhajinagar,Sambhajinagar Block-1,Sambhajinagar Block-1 Village-3,cattle,1,0,5,,,True,False,False,False,True,False,True,False,False,False,False,False,0.0,LOW
3159,2026-07-14,Nashik,Nashik Block-1,Nashik Block-1 Village-4,goat,4,0,2,40.3,Animals isolated as precaution.,True,True,False,False,False,False,False,False,False,False,False,False,0.0,LOW
3160,2026-07-14,Pune,Pune Block-1,Pune Block-1 Village-5,cattle,4,0,9,37.9,Farmer requested urgent visit.,False,True,False,False,False,False,False,False,False,False,False,True,0.0,LOW
3161,2026-07-14,Pune,Pune Block-1,Pune Block-1 Village-1,cattle,2,0,4,,Animals isolated as precaution.,False,True,False,False,False,False,False,False,False,False,False,False,0.0,LOW
3162,2026-07-15,Kolhapur,Kolhapur Block-2,Kolhapur Block-2 Village-2,cattle,2,0,8,39.6,Farmer requested urgent visit.,True,False,True,True,True,False,False,False,False,False,False,False,0.0,LOW
3163,2026-07-15,Sambhajinagar,Sambhajinagar Block-3,Sambhajinagar Block-3 Village-5,cattle,1,0,2,,Farmer requested urgent visit.,False,False,True,False,False,True,False,False,False,False,False,False,0.0,LOW
3164,2026-07-15,Kolhapur,Kolhapur Block-1,Kolhapur Block-1 Village-3,cattle,6,1,5,38.0,,False,False,True,False,True,False,False,False,False,False,False,False,0.167,LOW
3165,2026-07-15,Pune,Pune Block-1,Pune Block-1 Village-5,sheep,2,0,5,37.9,Reported by local field worker.,False,False,True,False,False,False,False,True,True,False,False,False,0.0,LOW
3166,2026-07-15,Sambhajinagar,Sambhajinagar Block-1,Sambhajinagar Block-1 Village-5,cattle,4,0,2,38.1,,False,True,False,False,False,False,False,False,False,False,False,False,0.0,LOW
3167,2026-07-15,Nashik,Nashik Block-2,Nashik Block-2 Village-4,buffalo,1,0,1,39.2,Animals isolated as precaution.,False,False,False,False,True,False,False,False,False,False,False,False,0.0,LOW
3168,2026-07-15,Nashik,Nashik Block-1,Nashik Block-1 Village-1,sheep,22,10,1,39.9,Similar cases seen in neighbouring herd.,True,True,False,True,True,False,False,False,True,True,False,False,0.455,HIGH
3169,2026-07-15,Nagpur,Nagpur Block-1,Nagpur Block-1 Village-1,buffalo,3,0,8,39.1,Reported by local field worker.,False,False,False,False,False,False,False,False,False,True,False,False,0.0,LOW
3170,2026-07-15,Sambhajinagar,Sambhajinagar Block-1,Sambhajinagar Block-1 Village-4,goat,3,0,5,,,True,False,False,False,True,False,False,False,False,False,False,False,0.0,LOW
3171,2026-07-15,Nashik,Nashik Block-1,Nashik Block-1 Village-5,goat,5,1,5,,,False,True,True,False,False,True,False,False,False,False,False,False,0.2,LOW
3172,2026-07-15,Nashik,Nashik Block-2,Nashik Block-2 Village-5,goat,7,1,1,41.4,,True,False,True,True,False,True,False,False,False,False,False,False,0.143,MEDIUM
3173,2026-07-15,Kolhapur,Kolhapur Block-2,Kolhapur Block-2 Village-1,buffalo,4,0,8,,,True,False,True,False,False,True,False,False,False,False,False,False,0.0,LOW
3174,2026-07-15,Sambhajinagar,Sambhajinagar Block-3,Sambhajinagar Block-3 Village-2,goat,3,0,1,38.8,,False,False,False,False,False,False,False,False,False,True,False,False,0.0,LOW
3175,2026-07-15,Nagpur,Nagpur Block-2,Nagpur Block-2 Village-3,goat,3,0,7,,,False,True,False,True,False,False,False,False,False,False,False,False,0.0,LOW
3176,2026-07-15,Nagpur,Nagpur Block-3,Nagpur Block-3 Village-1,cattle,4,0,4,,Farmer requested urgent visit.,False,True,False,True,False,False,False,False,False,False,False,False,0.0,LOW
3177,2026-07-15,Nashik,Nashik Block-1,Nashik Block-1 Village-2,buffalo,9,2,2,,Similar cases seen in neighbouring herd.,True,False,False,True,False,True,False,False,False,False,False,False,0.222,MEDIUM
3178,2026-07-15,Sambhajinagar,Sambhajinagar Block-1,Sambhajinagar Block-1 Village-3,goat,4,0,8,38.4,Animals isolated as precaution.,False,True,False,False,False,False,False,False,False,False,False,False,0.0,LOW
3179,2026-07-15,Nashik,Nashik Block-1,Nashik Block-1 Village-5,cattle,3,0,6,38.0,,False,True,False,True,False,False,False,False,False,False,False,False,0.0,LOW
3180,2026-07-15,Kolhapur,Kolhapur Block-2,Kolhapur Block-2 Village-3,cattle,2,0,6,,Farmer requested urgent visit.,True,True,True,False,True,False,True,True,True,False,False,False,0.0,LOW
3181,2026-07-15,Nashik,Nashik Block-1,Nashik Block-1 Village-1,goat,3,0,1,40.1,,True,False,True,False,False,False,False,False,False,False,False,False,0.0,LOW
3182,2026-07-15,Nagpur,Nagpur Block-3,Nagpur Block-3 Village-1,buffalo,21,6,2,40.8,,True,False,True,True,True,True,True,False,False,False,False,True,0.286,HIGH
3183,2026-07-15,Kolhapur,Kolhapur Block-1,Kolhapur Block-1 Village-4,buffalo,2,0,8,,Farmer requested urgent visit.,False,True,False,True,False,False,False,False,False,False,False,False,0.0,LOW
3184,2026-07-15,Kolhapur,Kolhapur Block-2,Kolhapur Block-2 Village-5,cattle,8,1,1,38.4,Similar cases seen in neighbouring herd.,False,False,True,False,True,False,True,False,False,False,False,False,0.125,LOW
3185,2026-07-15,Sambhajinagar,Sambhajinagar Block-3,Sambhajinagar Block-3 Village-4,goat,4,0,1,,Similar cases seen in neighbouring herd.,False,True,True,True,False,False,False,False,False,False,False,False,0.0,LOW
3186,2026-07-15,Amravati,Amravati Block-3,Amravati Block-3 Village-2,cattle,4,0,4,37.7,Similar cases seen in neighbouring herd.,False,False,False,False,False,True,False,False,False,False,False,False,0.0,LOW
3187,2026-07-15,Nashik,Nashik Block-2,Nashik Block-2 Village-5,buffalo,5,0,9,40.3,Reported by local field worker.,True,False,False,False,False,True,True,False,False,False,True,False,0.0,MEDIUM
3188,2026-07-15,Nagpur,Nagpur Block-3,Nagpur Block-3 Village-1,cattle,4,0,4,38.5,,False,False,False,False,True,False,False,False,False,False,False,False,0.0,LOW
3189,2026-07-15,Kolhapur,Kolhapur Block-3,Kolhapur Block-3 Village-5,buffalo,2,0,2,,,True,False,False,True,False,False,False,False,False,False,False,False,0.0,LOW
3190,2026-07-15,Nagpur,Nagpur Block-1,Nagpur Block-1 Village-5,sheep,16,5,1,41.4,,True,True,True,False,False,True,True,True,False,False,False,False,0.312,MEDIUM
3191,2026-07-15,Pune,Pune Block-2,Pune Block-2 Village-2,cattle,2,0,3,39.3,,True,False,False,False,True,False,False,False,False,False,False,False,0.0,LOW
3192,2026-07-15,Nagpur,Nagpur Block-1,Nagpur Block-1 Village-3,sheep,2,0,8,,Reported by local field worker.,False,True,False,False,False,False,False,False,False,True,False,False,0.0,LOW
3193,2026-07-15,Amravati,Amravati Block-3,Amravati Block-3 Village-2,sheep,1,0,9,38.0,Animals isolated as precaution.,False,True,False,False,False,True,False,False,False,True,False,False,0.0,LOW
3194,2026-07-15,Nashik,Nashik Block-3,Nashik Block-3 Village-1,sheep,2,0,2,40.0,Farmer requested urgent visit.,True,False,False,False,False,False,False,False,False,False,False,False,0.0,LOW
3195,2026-07-15,Amravati,Amravati Block-1,Amravati Block-1 Village-1,cattle,8,1,2,39.8,,True,False,False,True,False,False,True,True,False,False,False,False,0.125,LOW
3196,2026-07-15,Nashik,Nashik Block-1,Nashik Block-1 Village-3,cattle,3,0,4,39.5,Reported by local field worker.,True,False,False,True,False,False,False,False,False,False,False,False,0.0,LOW
3197,2026-07-15,Nashik,Nashik Block-2,Nashik Block-2 Village-5,sheep,4,0,2,,Farmer requested urgent visit.,True,True,True,False,False,False,False,False,False,False,False,False,0.0,LOW
3198,2026-07-15,Sambhajinagar,Sambhajinagar Block-1,Sambhajinagar Block-1 Village-3,cattle,1,0,6,37.7,,False,False,True,False,False,True,False,False,False,False,False,False,0.0,LOW
3199,2026-07-15,Kolhapur,Kolhapur Block-2,Kolhapur Block-2 Village-4,goat,3,0,9,38.0,,False,False,False,False,False,False,False,False,True,False,False,False,0.0,LOW
3200,2026-07-15,Amravati,Amravati Block-1,Amravati Block-1 Village-3,sheep,2,0,5,38.1,Reported by local field worker.,False,False,False,False,True,False,False,False,False,False,False,False,0.0,LOW
3201,2026-07-15,Kolhapur,Kolhapur Block-3,Kolhapur Block-3 Village-4,cattle,4,0,4,38.7,Animals isolated as precaution.,False,False,False,False,True,False,False,False,False,False,False,False,0.0,LOW
3202,2026-07-15,Pune,Pune Block-2,Pune Block-2 Village-3,cattle,2,0,5,37.8,Animals isolated as precaution.,False,False,False,False,False,False,False,False,False,True,False,False,0.0,LOW
3203,2026-07-15,Nashik,Nashik Block-1,Nashik Block-1 Village-3,goat,4,0,9,40.8,Reported by local field worker.,True,False,False,False,False,False,False,False,False,False,False,True,0.0,MEDIUM
3204,2026-07-15,Amravati,Amravati Block-1,Amravati Block-1 Village-4,goat,3,0,7,41.5,Animals isolated as precaution.,True,False,True,True,False,False,False,False,False,False,False,False,0.0,LOW
3205,2026-07-15,Kolhapur,Kolhapur Block-2,Kolhapur Block-2 Village-2,cattle,2,0,8,,Reported by local field worker.,False,False,True,False,False,False,False,False,False,True,False,False,0.0,LOW
3206,2026-07-16,Pune,Pune Block-1,Pune Block-1 Village-1,buffalo,4,0,4,39.2,,False,False,False,False,False,False,False,True,False,False,False,False,0.0,LOW
3207,2026-07-16,Nagpur,Nagpur Block-3,Nagpur Block-3 Village-4,cattle,5,1,3,39.1,,False,True,False,False,False,False,False,False,False,False,False,False,0.2,LOW
3208,2026-07-16,Pune,Pune Block-3,Pune Block-3 Village-2,cattle,2,0,9,38.3,Farmer requested urgent visit.,False,False,False,False,False,False,False,False,True,False,False,False,0.0,LOW
3209,2026-07-16,Nashik,Nashik Block-2,Nashik Block-2 Village-3,goat,1,0,5,,,True,False,False,False,False,False,False,False,False,False,False,False,0.0,LOW
3210,2026-07-16,Kolhapur,Kolhapur Block-2,Kolhapur Block-2 Village-4,goat,4,0,2,38.3,Farmer requested urgent visit.,False,False,True,False,True,True,True,False,False,False,False,False,0.0,LOW
3211,2026-07-16,Pune,Pune Block-2,Pune Block-2 Village-3,sheep,1,0,8,38.7,,False,False,True,False,False,False,False,False,False,False,False,False,0.0,LOW
3212,2026-07-16,Kolhapur,Kolhapur Block-3,Kolhapur Block-3 Village-3,goat,3,0,8,38.8,,False,False,False,False,False,False,False,False,False,False,True,False,0.0,LOW
3213,2026-07-16,Kolhapur,Kolhapur Block-1,Kolhapur Block-1 Village-3,goat,4,0,3,39.0,,False,False,False,False,False,False,False,False,True,False,False,False,0.0,LOW
3214,2026-07-16,Sambhajinagar,Sambhajinagar Block-2,Sambhajinagar Block-2 Village-1,poultry,2,0,5,41.4,Animals isolated as precaution.,True,False,False,False,False,False,False,False,False,False,False,False,0.0,LOW
3215,2026-07-16,Kolhapur,Kolhapur Block-1,Kolhapur Block-1 Village-1,sheep,1,0,3,38.1,,False,True,False,False,False,False,True,False,False,False,False,True,0.0,LOW
3216,2026-07-16,Amravati,Amravati Block-2,Amravati Block-2 Village-3,cattle,4,0,3,38.6,Similar cases seen in neighbouring herd.,False,False,False,False,False,False,False,False,False,False,True,False,0.0,MEDIUM
3217,2026-07-16,Sambhajinagar,Sambhajinagar Block-1,Sambhajinagar Block-1 Village-1,buffalo,7,1,7,39.0,Farmer requested urgent visit.,False,True,False,True,True,False,False,False,False,False,False,False,0.143,MEDIUM
3218,2026-07-16,Nagpur,Nagpur Block-1,Nagpur Block-1 Village-3,goat,3,0,4,41.2,Animals isolated as precaution.,True,True,False,True,True,True,False,False,False,False,False,False,0.0,LOW
3219,2026-07-16,Nagpur,Nagpur Block-3,Nagpur Block-3 Village-1,buffalo,7,0,4,40.2,Reported by local field worker.,True,True,True,False,False,True,False,True,False,False,False,False,0.0,LOW
3220,2026-07-16,Sambhajinagar,Sambhajinagar Block-1,Sambhajinagar Block-1 Village-2,sheep,3,0,6,38.1,,False,True,False,False,False,False,False,False,False,False,False,False,0.0,LOW
3221,2026-07-16,Nashik,Nashik Block-2,Nashik Block-2 Village-1,goat,3,0,2,40.2,Similar cases seen in neighbouring herd.,True,False,False,False,False,False,False,False,False,False,False,False,0.0,LOW
3222,2026-07-16,Nashik,Nashik Block-2,Nashik Block-2 Village-4,cattle,4,0,4,,,False,False,False,False,False,False,False,False,False,True,False,False,0.0,LOW
3223,2026-07-16,Pune,Pune Block-3,Pune Block-3 Village-2,goat,1,0,2,,Similar cases seen in neighbouring herd.,False,True,True,False,False,False,False,False,False,False,False,False,0.0,LOW
3224,2026-07-16,Nagpur,Nagpur Block-2,Nagpur Block-2 Village-5,goat,4,0,3,38.8,,False,True,True,False,False,False,False,False,False,True,False,False,0.0,LOW
3225,2026-07-16,Amravati,Amravati Block-2,Amravati Block-2 Village-3,goat,3,0,5,40.8,Reported by local field worker.,True,True,False,False,False,True,False,False,False,False,False,False,0.0,LOW
3226,2026-07-16,Nashik,Nashik Block-3,Nashik Block-3 Village-2,buffalo,1,0,9,38.8,Similar cases seen in neighbouring herd.,False,False,True,False,False,False,False,False,False,False,False,False,0.0,LOW
3227,2026-07-16,Nashik,Nashik Block-1,Nashik Block-1 Village-2,goat,3,1,8,39.9,,True,False,False,False,False,False,False,False,False,False,False,False,0.333,LOW
3228,2026-07-16,Nashik,Nashik Block-3,Nashik Block-3 Village-1,cattle,2,0,3,,Reported by local field worker.,False,True,True,False,False,False,False,False,False,False,False,False,0.0,LOW
3229,2026-07-16,Pune,Pune Block-1,Pune Block-1 Village-4,cattle,1,0,9,39.9,,True,False,False,False,False,False,False,False,False,False,False,True,0.0,LOW
3230,2026-07-16,Sambhajinagar,Sambhajinagar Block-1,Sambhajinagar Block-1 Village-3,buffalo,2,0,8,,,False,False,False,False,False,False,True,False,False,False,False,False,0.0,LOW
3231,2026-07-16,Nagpur,Nagpur Block-1,Nagpur Block-1 Village-3,buffalo,2,0,4,,Farmer requested urgent visit.,False,False,False,False,False,False,False,True,True,False,False,False,0.0,LOW
3232,2026-07-16,Nagpur,Nagpur Block-1,Nagpur Block-1 Village-1,cattle,3,0,5,,Animals isolated as precaution.,False,False,True,False,False,False,False,False,False,False,False,False,0.0,LOW
3233,2026-07-16,Kolhapur,Kolhapur Block-3,Kolhapur Block-3 Village-1,cattle,2,0,1,38.2,,False,False,False,False,False,False,False,False,False,False,True,False,0.0,MEDIUM
3234,2026-07-16,Pune,Pune Block-1,Pune Block-1 Village-1,cattle,3,0,5,38.8,Farmer requested urgent visit.,False,False,True,False,False,False,False,False,True,False,False,False,0.0,LOW
3235,2026-07-16,Nagpur,Nagpur Block-3,Nagpur Block-3 Village-2,poultry,1,0,5,,Animals isolated as precaution.,True,False,True,True,False,False,False,False,False,True,False,False,0.0,LOW
3236,2026-07-16,Pune,Pune Block-3,Pune Block-3 Village-1,goat,2,0,7,38.8,Reported by local field worker.,False,False,False,True,False,False,False,False,False,False,False,False,0.0,LOW
3237,2026-07-16,Nashik,Nashik Block-3,Nashik Block-3 Village-2,sheep,7,1,9,40.7,,True,False,True,False,False,False,False,False,False,False,False,False,0.143,LOW
3238,2026-07-16,Sambhajinagar,Sambhajinagar Block-1,Sambhajinagar Block-1 Village-3,goat,4,0,2,41.4,Animals isolated as precaution.,True,False,True,False,True,True,True,False,False,False,False,False,0.0,LOW
3239,2026-07-17,Nagpur,Nagpur Block-2,Nagpur Block-2 Village-4,buffalo,3,0,1,38.3,Reported by local field worker.,False,True,False,False,False,False,False,False,False,False,False,False,0.0,LOW
3240,2026-07-17,Nagpur,Nagpur Block-2,Nagpur Block-2 Village-3,sheep,3,0,5,,,False,False,False,True,False,False,False,False,False,False,False,False,0.0,LOW
3241,2026-07-17,Nashik,Nashik Block-2,Nashik Block-2 Village-1,goat,2,0,7,,,False,False,False,False,False,False,False,False,False,False,False,True,0.0,LOW
3242,2026-07-17,Kolhapur,Kolhapur Block-3,Kolhapur Block-3 Village-4,sheep,3,0,1,,Reported by local field worker.,False,False,False,True,False,False,False,False,True,False,False,False,0.0,LOW
3243,2026-07-17,Sambhajinagar,Sambhajinagar Block-2,Sambhajinagar Block-2 Village-5,sheep,1,0,1,,Reported by local field worker.,False,False,False,True,False,True,False,False,False,False,False,False,0.0,LOW
3244,2026-07-17,Pune,Pune Block-2,Pune Block-2 Village-1,sheep,3,0,6,38.4,,False,False,False,True,True,False,False,False,False,False,False,False,0.0,LOW
3245,2026-07-17,Kolhapur,Kolhapur Block-3,Kolhapur Block-3 Village-4,poultry,2,0,3,39.1,,False,False,False,True,False,False,False,True,False,False,False,False,0.0,LOW
3246,2026-07-17,Pune,Pune Block-1,Pune Block-1 Village-2,cattle,6,0,2,,Similar cases seen in neighbouring herd.,True,False,False,False,False,False,True,True,False,False,False,False,0.0,LOW
3247,2026-07-17,Nagpur,Nagpur Block-2,Nagpur Block-2 Village-3,sheep,5,0,1,40.4,,True,True,False,True,True,True,False,True,False,False,False,False,0.0,LOW
3248,2026-07-17,Pune,Pune Block-1,Pune Block-1 Village-5,sheep,3,0,2,,Reported by local field worker.,False,False,True,False,False,False,False,False,False,False,False,False,0.0,LOW
3249,2026-07-17,Pune,Pune Block-2,Pune Block-2 Village-3,sheep,3,0,2,39.1,,False,False,True,True,True,False,False,False,True,False,False,False,0.0,LOW
3250,2026-07-17,Kolhapur,Kolhapur Block-1,Kolhapur Block-1 Village-4,sheep,4,0,8,37.9,,False,False,True,True,False,True,False,False,False,False,False,False,0.0,LOW
3251,2026-07-17,Amravati,Amravati Block-1,Amravati Block-1 Village-4,goat,1,0,4,40.6,,True,False,False,False,False,False,False,False,False,False,False,False,0.0,LOW
3252,2026-07-17,Kolhapur,Kolhapur Block-3,Kolhapur Block-3 Village-5,cattle,3,0,1,39.0,,False,False,False,False,False,False,False,False,False,False,True,False,0.0,MEDIUM
3253,2026-07-17,Kolhapur,Kolhapur Block-3,Kolhapur Block-3 Village-1,sheep,8,2,5,,Similar cases seen in neighbouring herd.,False,True,False,False,False,False,False,False,False,False,False,False,0.25,MEDIUM
3254,2026-07-17,Nashik,Nashik Block-1,Nashik Block-1 Village-5,cattle,1,0,7,,,False,False,False,False,False,False,True,False,False,False,False,False,0.0,LOW
3255,2026-07-17,Amravati,Amravati Block-2,Amravati Block-2 Village-3,cattle,4,1,1,,Reported by local field worker.,True,False,True,False,False,False,True,False,False,False,False,False,0.25,LOW
3256,2026-07-17,Nashik,Nashik Block-2,Nashik Block-2 Village-4,buffalo,9,1,3,41.2,Animals isolated as precaution.,True,False,False,False,True,False,True,False,False,True,False,False,0.111,MEDIUM
3257,2026-07-17,Nagpur,Nagpur Block-1,Nagpur Block-1 Village-5,cattle,9,1,6,39.4,,True,True,True,False,False,False,False,False,False,False,False,False,0.111,LOW
3258,2026-07-17,Nagpur,Nagpur Block-1,Nagpur Block-1 Village-5,sheep,3,0,9,41.1,Animals isolated as precaution.,True,True,False,True,False,False,False,False,False,False,False,False,0.0,LOW
3259,2026-07-17,Nagpur,Nagpur Block-2,Nagpur Block-2 Village-3,buffalo,2,0,2,38.7,,False,True,True,False,False,False,False,False,True,False,False,False,0.0,LOW
3260,2026-07-17,Sambhajinagar,Sambhajinagar Block-3,Sambhajinagar Block-3 Village-5,cattle,1,0,3,,Animals isolated as precaution.,False,False,False,True,False,False,False,False,False,False,False,False,0.0,LOW
3261,2026-07-17,Nashik,Nashik Block-2,Nashik Block-2 Village-2,goat,2,0,5,38.8,Reported by local field worker.,False,True,False,False,False,False,False,False,False,False,False,False,0.0,LOW
3262,2026-07-17,Nagpur,Nagpur Block-2,Nagpur Block-2 Village-4,sheep,4,0,8,38.5,,False,True,False,False,True,True,False,False,True,False,False,False,0.0,LOW
3263,2026-07-17,Sambhajinagar,Sambhajinagar Block-2,Sambhajinagar Block-2 Village-4,sheep,1,0,9,39.6,,True,False,False,False,False,False,False,False,False,False,False,False,0.0,LOW
3264,2026-07-17,Nagpur,Nagpur Block-2,Nagpur Block-2 Village-1,cattle,1,0,3,41.0,,True,True,False,False,False,False,False,True,False,False,False,False,0.0,LOW
3265,2026-07-17,Sambhajinagar,Sambhajinagar Block-3,Sambhajinagar Block-3 Village-5,sheep,22,6,3,40.7,,True,True,False,True,False,False,False,False,False,False,False,False,0.273,MEDIUM
3266,2026-07-17,Nagpur,Nagpur Block-3,Nagpur Block-3 Village-3,poultry,1,0,8,,Animals isolated as precaution.,False,False,False,False,True,True,False,False,False,False,False,False,0.0,LOW
3267,2026-07-17,Amravati,Amravati Block-3,Amravati Block-3 Village-5,buffalo,2,0,2,39.0,Reported by local field worker.,False,True,False,False,False,True,False,False,True,False,False,False,0.0,LOW
3268,2026-07-17,Kolhapur,Kolhapur Block-1,Kolhapur Block-1 Village-3,cattle,2,0,1,,,False,True,False,False,True,False,False,False,False,False,False,False,0.0,LOW
3269,2026-07-17,Kolhapur,Kolhapur Block-1,Kolhapur Block-1 Village-4,goat,3,0,4,38.4,Similar cases seen in neighbouring herd.,False,True,False,False,False,False,False,False,False,False,False,False,0.0,LOW
3270,2026-07-17,Amravati,Amravati Block-2,Amravati Block-2 Village-1,sheep,1,0,2,,Similar cases seen in neighbouring herd.,False,False,False,True,False,False,False,False,False,False,False,False,0.0,LOW
3271,2026-07-17,Pune,Pune Block-1,Pune Block-1 Village-5,sheep,4,0,7,,Animals isolated as precaution.,True,True,False,True,True,False,False,False,False,False,False,False,0.0,LOW
3272,2026-07-17,Pune,Pune Block-1,Pune Block-1 Village-1,goat,4,0,7,,Animals isolated as precaution.,False,True,False,False,False,False,True,False,False,False,False,False,0.0,LOW
3273,2026-07-17,Pune,Pune Block-3,Pune Block-3 Village-1,goat,1,0,7,40.4,Farmer requested urgent visit.,True,False,False,True,True,False,False,False,False,False,False,False,0.0,LOW
3274,2026-07-17,Nashik,Nashik Block-1,Nashik Block-1 Village-3,cattle,4,0,6,41.4,Reported by local field worker.,True,True,False,False,False,False,False,False,False,False,False,False,0.0,LOW
3275,2026-07-17,Kolhapur,Kolhapur Block-3,Kolhapur Block-3 Village-4,sheep,24,4,1,41.0,Animals isolated as precaution.,True,False,True,True,True,True,True,False,False,True,False,False,0.167,HIGH
3276,2026-07-17,Sambhajinagar,Sambhajinagar Block-2,Sambhajinagar Block-2 Village-4,cattle,3,0,4,38.1,Reported by local field worker.,False,False,False,False,False,False,False,True,False,False,False,False,0.0,LOW
3277,2026-07-17,Pune,Pune Block-3,Pune Block-3 Village-4,poultry,3,0,3,38.1,Similar cases seen in neighbouring herd.,False,False,False,True,False,False,False,False,False,False,False,False,0.0,LOW
3278,2026-07-17,Pune,Pune Block-3,Pune Block-3 Village-5,sheep,7,1,4,40.9,,True,False,False,False,False,False,True,False,False,False,False,False,0.143,LOW
3279,2026-07-17,Sambhajinagar,Sambhajinagar Block-2,Sambhajinagar Block-2 Village-3,cattle,4,0,9,40.7,,True,False,False,True,False,False,False,False,False,False,False,False,0.0,LOW
3280,2026-07-18,Amravati,Amravati Block-2,Amravati Block-2 Village-1,buffalo,2,0,3,38.0,Reported by local field worker.,False,True,False,False,False,True,False,True,False,False,False,False,0.0,LOW
3281,2026-07-18,Nagpur,Nagpur Block-2,Nagpur Block-2 Village-5,buffalo,1,0,1,38.0,,False,False,True,False,False,False,False,False,False,False,False,False,0.0,LOW
3282,2026-07-18,Nagpur,Nagpur Block-2,Nagpur Block-2 Village-1,goat,3,0,5,39.7,,True,False,False,False,False,False,True,False,False,False,False,False,0.0,LOW
3283,2026-07-18,Kolhapur,Kolhapur Block-2,Kolhapur Block-2 Village-5,buffalo,1,0,5,,Reported by local field worker.,True,False,True,True,False,False,False,False,False,False,False,False,0.0,LOW
3284,2026-07-18,Nashik,Nashik Block-2,Nashik Block-2 Village-5,goat,3,0,3,39.8,,True,False,False,True,False,False,True,True,False,False,False,False,0.0,LOW
3285,2026-07-18,Sambhajinagar,Sambhajinagar Block-3,Sambhajinagar Block-3 Village-5,goat,3,0,7,,,False,False,False,False,False,False,False,False,False,False,True,False,0.0,LOW
3286,2026-07-18,Amravati,Amravati Block-2,Amravati Block-2 Village-4,goat,2,0,1,41.3,,True,False,True,True,False,False,False,False,False,True,False,False,0.0,LOW
3287,2026-07-18,Nagpur,Nagpur Block-1,Nagpur Block-1 Village-2,goat,1,0,2,39.2,Reported by local field worker.,False,False,False,False,False,False,True,False,False,False,False,False,0.0,LOW
3288,2026-07-18,Nashik,Nashik Block-2,Nashik Block-2 Village-4,cattle,3,0,6,38.4,,False,False,True,False,False,False,False,False,True,False,False,False,0.0,LOW
3289,2026-07-18,Pune,Pune Block-1,Pune Block-1 Village-3,cattle,2,0,9,37.8,Farmer requested urgent visit.,False,False,False,True,False,False,True,False,False,False,False,False,0.0,LOW
3290,2026-07-18,Pune,Pune Block-3,Pune Block-3 Village-4,poultry,4,1,4,41.2,Similar cases seen in neighbouring herd.,True,False,False,False,False,False,False,False,False,False,False,False,0.25,MEDIUM
3291,2026-07-18,Kolhapur,Kolhapur Block-2,Kolhapur Block-2 Village-1,cattle,1,0,2,39.7,,True,False,False,True,False,True,False,False,False,False,False,False,0.0,LOW
3292,2026-07-18,Sambhajinagar,Sambhajinagar Block-1,Sambhajinagar Block-1 Village-1,buffalo,5,0,1,41.5,,True,False,True,True,False,True,False,False,False,False,False,False,0.0,LOW
3293,2026-07-18,Sambhajinagar,Sambhajinagar Block-1,Sambhajinagar Block-1 Village-3,poultry,3,0,5,40.8,Farmer requested urgent visit.,True,False,False,False,False,False,True,False,True,False,False,False,0.0,LOW
3294,2026-07-18,Pune,Pune Block-2,Pune Block-2 Village-2,poultry,2,0,2,38.1,Farmer requested urgent visit.,False,True,False,False,False,False,False,False,True,False,False,False,0.0,LOW
3295,2026-07-18,Nashik,Nashik Block-2,Nashik Block-2 Village-5,cattle,8,2,1,39.7,Animals isolated as precaution.,True,False,True,False,False,False,False,False,False,False,False,False,0.25,LOW
3296,2026-07-18,Pune,Pune Block-1,Pune Block-1 Village-2,goat,2,0,8,39.1,,False,False,True,False,False,False,False,False,False,False,False,False,0.0,LOW
3297,2026-07-18,Amravati,Amravati Block-3,Amravati Block-3 Village-5,goat,2,0,2,39.4,Reported by local field worker.,True,False,False,True,False,False,False,False,False,False,False,False,0.0,LOW
3298,2026-07-18,Nashik,Nashik Block-1,Nashik Block-1 Village-1,goat,4,0,5,38.4,Farmer requested urgent visit.,False,True,False,False,True,True,False,False,False,False,False,False,0.0,LOW
3299,2026-07-18,Nagpur,Nagpur Block-2,Nagpur Block-2 Village-5,poultry,4,0,1,39.7,,True,False,False,False,False,False,False,False,False,False,False,False,0.0,LOW
3300,2026-07-18,Sambhajinagar,Sambhajinagar Block-1,Sambhajinagar Block-1 Village-1,sheep,2,0,7,,Reported by local field worker.,False,False,True,False,False,False,False,False,False,False,False,False,0.0,LOW
3301,2026-07-18,Amravati,Amravati Block-1,Amravati Block-1 Village-2,sheep,7,0,2,37.6,,False,False,False,False,False,False,True,False,False,False,False,False,0.0,LOW
3302,2026-07-18,Nashik,Nashik Block-3,Nashik Block-3 Village-4,cattle,2,0,8,38.5,Animals isolated as precaution.,False,False,False,True,False,False,True,False,False,False,False,False,0.0,LOW
3303,2026-07-18,Pune,Pune Block-2,Pune Block-2 Village-2,cattle,1,0,8,,Farmer requested urgent visit.,False,False,False,True,False,False,False,False,False,False,False,True,0.0,MEDIUM
3304,2026-07-18,Nagpur,Nagpur Block-2,Nagpur Block-2 Village-2,cattle,4,0,9,40.2,,True,False,True,True,True,False,True,False,False,False,False,False,0.0,LOW
3305,2026-07-18,Sambhajinagar,Sambhajinagar Block-2,Sambhajinagar Block-2 Village-5,cattle,3,0,4,39.5,,True,True,False,False,False,False,False,False,True,False,False,False,0.0,LOW
3306,2026-07-18,Sambhajinagar,Sambhajinagar Block-1,Sambhajinagar Block-1 Village-1,goat,4,0,5,,Reported by local field worker.,False,False,True,False,False,True,False,False,False,True,False,False,0.0,LOW
3307,2026-07-18,Nashik,Nashik Block-2,Nashik Block-2 Village-5,sheep,2,0,5,40.0,Reported by local field worker.,True,True,False,False,True,False,False,False,False,False,False,False,0.0,LOW
3308,2026-07-18,Kolhapur,Kolhapur Block-2,Kolhapur Block-2 Village-1,goat,1,0,5,38.2,Reported by local field worker.,False,False,False,False,False,True,False,False,False,False,False,False,0.0,LOW
3309,2026-07-18,Amravati,Amravati Block-3,Amravati Block-3 Village-3,cattle,1,0,6,,,False,False,False,False,True,True,False,False,False,False,False,False,0.0,LOW
3310,2026-07-18,Nagpur,Nagpur Block-2,Nagpur Block-2 Village-4,buffalo,2,0,2,,,True,False,False,False,True,False,True,False,False,False,False,False,0.0,LOW
3311,2026-07-18,Pune,Pune Block-2,Pune Block-2 Village-4,cattle,4,0,2,,Farmer requested urgent visit.,False,False,False,False,True,True,True,False,False,False,False,False,0.0,LOW
3312,2026-07-18,Nagpur,Nagpur Block-2,Nagpur Block-2 Village-4,goat,4,0,1,38.3,Reported by local field worker.,False,True,False,True,False,False,False,False,False,False,False,False,0.0,LOW
3313,2026-07-18,Sambhajinagar,Sambhajinagar Block-1,Sambhajinagar Block-1 Village-2,cattle,3,0,8,,,False,False,False,False,True,False,False,False,False,False,False,False,0.0,LOW
3314,2026-07-18,Nashik,Nashik Block-1,Nashik Block-1 Village-4,goat,3,0,5,41.5,,True,False,False,False,True,False,True,True,False,False,False,False,0.0,LOW
3315,2026-07-18,Sambhajinagar,Sambhajinagar Block-3,Sambhajinagar Block-3 Village-4,poultry,1,0,5,,,False,True,True,False,False,False,False,False,False,False,False,False,0.0,LOW
3316,2026-07-18,Pune,Pune Block-1,Pune Block-1 Village-3,sheep,4,0,3,40.2,Farmer requested urgent visit.,True,False,True,False,False,False,False,True,False,False,False,False,0.0,LOW
3317,2026-07-18,Amravati,Amravati Block-3,Amravati Block-3 Village-5,cattle,3,0,4,40.6,Similar cases seen in neighbouring herd.,True,False,False,True,True,True,False,False,False,False,False,False,0.0,LOW
3318,2026-07-18,Amravati,Amravati Block-3,Amravati Block-3 Village-4,sheep,3,0,2,38.2,,False,True,False,False,False,False,False,False,False,False,False,False,0.0,LOW
3319,2026-07-18,Amravati,Amravati Block-3,Amravati Block-3 Village-2,cattle,2,0,3,,Reported by local field worker.,True,True,False,False,False,True,False,False,True,False,False,False,0.0,LOW
3320,2026-07-18,Nashik,Nashik Block-1,Nashik Block-1 Village-5,sheep,3,0,3,41.2,Animals isolated as precaution.,True,False,False,False,False,False,False,False,False,False,False,False,0.0,LOW
3321,2026-07-18,Amravati,Amravati Block-2,Amravati Block-2 Village-2,cattle,1,0,5,40.0,,True,False,False,True,False,False,False,False,False,False,False,False,0.0,LOW
3322,2026-07-18,Pune,Pune Block-3,Pune Block-3 Village-2,cattle,7,1,6,40.2,Animals isolated as precaution.,True,True,False,True,False,False,False,False,False,False,False,False,0.143,LOW
3323,2026-07-18,Nagpur,Nagpur Block-3,Nagpur Block-3 Village-2,cattle,4,0,9,,Farmer requested urgent visit.,False,False,False,True,False,True,False,False,False,False,False,False,0.0,LOW
3324,2026-07-18,Pune,Pune Block-1,Pune Block-1 Village-4,cattle,2,0,5,,,False,True,False,False,False,True,True,False,False,False,False,False,0.0,LOW
3325,2026-07-18,Pune,Pune Block-3,Pune Block-3 Village-4,sheep,7,1,9,,Animals isolated as precaution.,True,True,False,True,False,False,False,False,False,False,False,False,0.143,LOW
3326,2026-07-18,Nagpur,Nagpur Block-3,Nagpur Block-3 Village-3,sheep,2,0,8,38.5,Similar cases seen in neighbouring herd.,False,False,False,False,False,False,False,False,False,False,False,True,0.0,LOW
3327,2026-07-18,Nagpur,Nagpur Block-1,Nagpur Block-1 Village-5,cattle,3,0,2,37.9,,False,False,False,False,True,False,False,False,False,False,False,False,0.0,LOW
3328,2026-07-18,Kolhapur,Kolhapur Block-1,Kolhapur Block-1 Village-3,goat,1,0,8,,,False,False,False,True,False,False,False,False,False,False,False,False,0.0,LOW
3329,2026-07-18,Nagpur,Nagpur Block-2,Nagpur Block-2 Village-2,cattle,3,0,5,,Reported by local field worker.,True,False,False,False,False,False,False,False,False,False,False,False,0.0,LOW
3330,2026-07-18,Nashik,Nashik Block-3,Nashik Block-3 Village-2,cattle,7,1,1,40.5,Reported by local field worker.,True,True,True,False,False,False,False,False,False,False,True,False,0.143,MEDIUM
3331,2026-07-18,Sambhajinagar,Sambhajinagar Block-2,Sambhajinagar Block-2 Village-2,goat,20,7,3,,Farmer requested urgent visit.,True,False,False,False,False,False,False,True,False,False,False,False,0.35,MEDIUM
3332,2026-07-18,Nashik,Nashik Block-1,Nashik Block-1 Village-2,sheep,3,0,4,39.1,,False,False,False,False,False,True,False,False,False,False,False,False,0.0,LOW
3333,2026-07-19,Amravati,Amravati Block-1,Amravati Block-1 Village-1,buffalo,15,4,3,39.9,,True,True,True,True,False,True,True,False,False,False,False,False,0.267,MEDIUM
3334,2026-07-19,Nashik,Nashik Block-2,Nashik Block-2 Village-2,buffalo,1,0,5,39.2,Animals isolated as precaution.,False,False,False,False,True,False,False,False,False,False,False,False,0.0,LOW
3335,2026-07-19,Pune,Pune Block-3,Pune Block-3 Village-3,cattle,4,0,6,37.9,,False,False,True,False,False,False,False,False,False,False,False,False,0.0,LOW
3336,2026-07-19,Sambhajinagar,Sambhajinagar Block-3,Sambhajinagar Block-3 Village-5,goat,4,0,8,39.4,,True,True,True,False,False,False,True,False,False,False,False,False,0.0,LOW
3337,2026-07-19,Nagpur,Nagpur Block-3,Nagpur Block-3 Village-2,sheep,1,0,1,,Reported by local field worker.,False,True,False,False,False,False,False,False,False,False,False,False,0.0,LOW
3338,2026-07-19,Nashik,Nashik Block-3,Nashik Block-3 Village-1,buffalo,1,0,9,38.8,Animals isolated as precaution.,False,False,False,False,False,False,False,False,False,True,False,False,0.0,LOW
3339,2026-07-19,Kolhapur,Kolhapur Block-2,Kolhapur Block-2 Village-1,cattle,2,0,3,,Reported by local field worker.,False,False,False,False,False,False,False,False,False,False,True,False,0.0,MEDIUM
3340,2026-07-19,Sambhajinagar,Sambhajinagar Block-3,Sambhajinagar Block-3 Village-5,goat,2,0,3,,,True,False,False,True,False,False,True,False,True,False,False,False,0.0,LOW
3341,2026-07-19,Nagpur,Nagpur Block-1,Nagpur Block-1 Village-4,poultry,2,0,3,38.1,,False,False,False,False,True,False,False,False,False,False,False,False,0.0,LOW
3342,2026-07-19,Pune,Pune Block-2,Pune Block-2 Village-5,buffalo,2,0,3,39.0,,False,False,False,False,False,True,False,True,True,False,False,False,0.0,LOW
3343,2026-07-19,Nagpur,Nagpur Block-2,Nagpur Block-2 Village-1,sheep,4,0,9,,Reported by local field worker.,False,False,False,False,False,False,True,False,False,False,False,False,0.0,LOW
3344,2026-07-19,Kolhapur,Kolhapur Block-3,Kolhapur Block-3 Village-3,poultry,2,0,3,,Reported by local field worker.,False,True,False,False,False,False,False,False,False,False,False,False,0.0,LOW
3345,2026-07-19,Kolhapur,Kolhapur Block-3,Kolhapur Block-3 Village-3,buffalo,1,0,4,40.5,Animals isolated as precaution.,True,False,False,False,False,False,False,False,False,False,False,False,0.0,LOW
3346,2026-07-19,Nagpur,Nagpur Block-2,Nagpur Block-2 Village-5,goat,3,0,9,,,True,True,True,True,True,False,False,False,False,True,False,False,0.0,LOW
3347,2026-07-19,Amravati,Amravati Block-2,Amravati Block-2 Village-1,buffalo,7,1,7,40.7,Farmer requested urgent visit.,True,False,False,False,False,True,False,False,False,False,False,False,0.143,LOW
3348,2026-07-19,Sambhajinagar,Sambhajinagar Block-2,Sambhajinagar Block-2 Village-1,sheep,9,1,3,38.0,,False,False,True,False,False,True,False,False,False,False,False,False,0.111,LOW
3349,2026-07-19,Amravati,Amravati Block-1,Amravati Block-1 Village-3,goat,4,1,3,,,True,True,False,True,False,False,True,False,False,False,False,False,0.25,LOW
3350,2026-07-19,Nashik,Nashik Block-1,Nashik Block-1 Village-4,buffalo,2,0,6,,,False,True,False,True,True,False,False,False,False,False,False,False,0.0,LOW
3351,2026-07-19,Pune,Pune Block-3,Pune Block-3 Village-2,cattle,3,0,3,39.4,Farmer requested urgent visit.,True,False,False,False,False,False,False,False,False,False,False,False,0.0,LOW
3352,2026-07-19,Amravati,Amravati Block-2,Amravati Block-2 Village-5,sheep,3,0,5,37.8,Animals isolated as precaution.,False,False,False,False,False,True,False,False,False,False,False,False,0.0,LOW
3353,2026-07-19,Amravati,Amravati Block-3,Amravati Block-3 Village-1,cattle,4,0,4,39.4,,True,True,False,True,False,False,False,False,False,False,False,True,0.0,MEDIUM
3354,2026-07-19,Sambhajinagar,Sambhajinagar Block-1,Sambhajinagar Block-1 Village-5,goat,4,1,4,40.6,Reported by local field worker.,True,False,False,False,False,True,False,False,False,False,False,False,0.25,LOW
3355,2026-07-19,Pune,Pune Block-1,Pune Block-1 Village-3,buffalo,1,0,3,40.1,Reported by local field worker.,True,False,False,True,False,True,False,False,False,False,True,True,0.0,MEDIUM
3356,2026-07-19,Nagpur,Nagpur Block-1,Nagpur Block-1 Village-2,goat,2,0,3,39.8,Reported by local field worker.,True,False,True,True,False,False,False,False,False,False,False,False,0.0,LOW
3357,2026-07-19,Amravati,Amravati Block-1,Amravati Block-1 Village-1,cattle,4,0,7,,Animals isolated as precaution.,False,False,True,False,False,False,False,False,False,False,False,False,0.0,LOW
3358,2026-07-19,Nashik,Nashik Block-3,Nashik Block-3 Village-5,sheep,2,0,5,40.8,Reported by local field worker.,True,False,False,False,False,True,False,False,False,False,True,False,0.0,MEDIUM
3359,2026-07-19,Kolhapur,Kolhapur Block-3,Kolhapur Block-3 Village-2,cattle,4,0,3,38.2,,False,False,False,False,True,True,True,False,False,False,False,False,0.0,LOW
3360,2026-07-19,Sambhajinagar,Sambhajinagar Block-2,Sambhajinagar Block-2 Village-3,cattle,1,0,3,38.5,,False,True,False,True,False,False,False,False,False,False,False,False,0.0,LOW
3361,2026-07-19,Kolhapur,Kolhapur Block-2,Kolhapur Block-2 Village-5,buffalo,2,0,1,39.8,Farmer requested urgent visit.,True,True,True,False,False,True,False,False,True,False,False,False,0.0,LOW
3362,2026-07-19,Kolhapur,Kolhapur Block-1,Kolhapur Block-1 Village-1,cattle,1,0,7,,Reported by local field worker.,False,False,False,True,False,False,True,False,False,False,False,False,0.0,LOW
3363,2026-07-19,Pune,Pune Block-3,Pune Block-3 Village-3,cattle,4,0,9,40.7,Reported by local field worker.,True,False,False,False,False,True,False,False,True,False,True,False,0.0,MEDIUM
3364,2026-07-19,Pune,Pune Block-3,Pune Block-3 Village-4,cattle,4,0,9,38.5,,False,False,True,False,False,False,True,False,False,False,False,False,0.0,LOW
3365,2026-07-19,Pune,Pune Block-1,Pune Block-1 Village-4,cattle,3,0,2,38.7,,False,False,False,False,False,True,False,False,False,False,False,False,0.0,LOW
3366,2026-07-19,Kolhapur,Kolhapur Block-2,Kolhapur Block-2 Village-5,goat,3,0,6,41.3,,True,True,False,False,False,False,False,True,False,False,False,False,0.0,LOW
3367,2026-07-19,Nagpur,Nagpur Block-1,Nagpur Block-1 Village-2,sheep,4,0,9,,Farmer requested urgent visit.,True,True,False,True,False,False,False,False,False,False,False,False,0.0,LOW
3368,2026-07-20,Kolhapur,Kolhapur Block-2,Kolhapur Block-2 Village-1,sheep,1,0,2,,Similar cases seen in neighbouring herd.,False,True,False,False,False,False,False,False,False,False,False,False,0.0,LOW
3369,2026-07-20,Nagpur,Nagpur Block-3,Nagpur Block-3 Village-5,buffalo,1,0,6,38.6,Animals isolated as precaution.,False,False,True,True,False,False,False,False,False,False,False,False,0.0,LOW
3370,2026-07-20,Nagpur,Nagpur Block-1,Nagpur Block-1 Village-1,cattle,2,0,6,39.6,Similar cases seen in neighbouring herd.,True,True,False,False,False,False,False,False,False,True,False,False,0.0,LOW
3371,2026-07-20,Nashik,Nashik Block-2,Nashik Block-2 Village-3,sheep,2,0,7,41.5,,True,True,False,False,False,True,True,True,False,False,False,False,0.0,LOW
3372,2026-07-20,Nagpur,Nagpur Block-2,Nagpur Block-2 Village-1,goat,3,0,6,37.7,Reported by local field worker.,False,False,False,False,False,True,False,False,False,False,False,False,0.0,LOW
3373,2026-07-20,Nagpur,Nagpur Block-2,Nagpur Block-2 Village-4,sheep,3,0,6,41.2,,True,False,False,False,False,False,False,False,False,False,False,False,0.0,LOW
3374,2026-07-20,Amravati,Amravati Block-3,Amravati Block-3 Village-2,buffalo,4,0,2,37.7,Reported by local field worker.,False,False,False,False,False,False,False,False,False,True,False,False,0.0,LOW
3375,2026-07-20,Nashik,Nashik Block-2,Nashik Block-2 Village-5,goat,4,0,7,,Similar cases seen in neighbouring herd.,False,False,False,True,True,False,True,False,False,False,False,False,0.0,LOW
3376,2026-07-20,Sambhajinagar,Sambhajinagar Block-3,Sambhajinagar Block-3 Village-3,cattle,3,0,8,38.4,Similar cases seen in neighbouring herd.,False,False,False,False,False,False,False,False,True,False,False,False,0.0,LOW
3377,2026-07-20,Sambhajinagar,Sambhajinagar Block-1,Sambhajinagar Block-1 Village-1,goat,4,0,3,,Similar cases seen in neighbouring herd.,True,False,False,False,False,True,False,False,False,True,False,False,0.0,LOW
3378,2026-07-20,Sambhajinagar,Sambhajinagar Block-1,Sambhajinagar Block-1 Village-5,goat,2,0,2,,,False,True,False,False,False,False,False,False,True,False,False,False,0.0,LOW
3379,2026-07-20,Amravati,Amravati Block-3,Amravati Block-3 Village-2,cattle,3,0,7,40.0,,True,False,False,False,False,False,False,False,False,False,False,False,0.0,LOW
3380,2026-07-20,Kolhapur,Kolhapur Block-1,Kolhapur Block-1 Village-2,cattle,3,0,8,,,False,False,True,False,False,False,False,False,False,False,False,False,0.0,LOW
3381,2026-07-20,Nagpur,Nagpur Block-3,Nagpur Block-3 Village-5,goat,8,0,9,,,True,True,False,False,True,False,False,True,True,False,False,False,0.0,LOW
3382,2026-07-20,Pune,Pune Block-3,Pune Block-3 Village-3,cattle,3,0,9,,Animals isolated as precaution.,False,True,False,True,False,False,True,True,False,False,False,False,0.0,LOW
3383,2026-07-20,Sambhajinagar,Sambhajinagar Block-3,Sambhajinagar Block-3 Village-5,poultry,1,0,9,,Reported by local field worker.,False,False,True,False,True,False,True,False,False,False,False,True,0.0,LOW
3384,2026-07-20,Nagpur,Nagpur Block-2,Nagpur Block-2 Village-5,goat,1,0,6,38.5,Reported by local field worker.,False,False,False,True,False,False,False,False,False,False,False,False,0.0,LOW
3385,2026-07-20,Nashik,Nashik Block-3,Nashik Block-3 Village-3,sheep,3,0,2,38.5,Similar cases seen in neighbouring herd.,False,False,True,False,False,False,False,False,False,False,False,False,0.0,LOW
3386,2026-07-20,Sambhajinagar,Sambhajinagar Block-2,Sambhajinagar Block-2 Village-5,goat,2,0,9,,,False,False,False,False,False,True,False,False,False,False,False,False,0.0,LOW
3387,2026-07-20,Kolhapur,Kolhapur Block-2,Kolhapur Block-2 Village-2,buffalo,1,0,7,38.8,Similar cases seen in neighbouring herd.,False,True,False,False,False,True,False,False,False,False,False,False,0.0,LOW
3388,2026-07-20,Amravati,Amravati Block-1,Amravati Block-1 Village-2,goat,2,0,3,,,False,False,False,False,False,False,False,True,False,False,False,False,0.0,LOW
3389,2026-07-20,Amravati,Amravati Block-1,Amravati Block-1 Village-4,sheep,4,0,9,38.7,Similar cases seen in neighbouring herd.,False,True,False,True,False,False,False,False,False,False,False,False,0.0,LOW
3390,2026-07-20,Pune,Pune Block-3,Pune Block-3 Village-3,cattle,1,0,8,38.5,,False,False,False,False,False,False,False,False,True,False,False,False,0.0,LOW
3391,2026-07-20,Nagpur,Nagpur Block-2,Nagpur Block-2 Village-5,poultry,7,0,4,,,False,True,False,False,False,False,False,False,False,False,False,False,0.0,LOW
3392,2026-07-20,Sambhajinagar,Sambhajinagar Block-1,Sambhajinagar Block-1 Village-2,poultry,2,0,5,38.2,Animals isolated as precaution.,False,False,False,False,False,False,True,False,False,False,False,False,0.0,LOW
3393,2026-07-20,Kolhapur,Kolhapur Block-2,Kolhapur Block-2 Village-1,cattle,3,0,5,41.2,,True,False,False,True,False,False,False,False,False,False,False,False,0.0,LOW
3394,2026-07-20,Nashik,Nashik Block-3,Nashik Block-3 Village-3,cattle,4,0,9,40.9,Similar cases seen in neighbouring herd.,True,False,False,False,False,False,False,False,False,False,False,False,0.0,LOW
3395,2026-07-20,Nagpur,Nagpur Block-3,Nagpur Block-3 Village-4,buffalo,4,0,4,,Animals isolated as precaution.,False,True,False,False,False,False,False,False,False,False,False,False,0.0,LOW
3396,2026-07-20,Nashik,Nashik Block-1,Nashik Block-1 Village-1,goat,2,0,9,38.9,Similar cases seen in neighbouring herd.,False,False,False,True,False,False,False,False,False,False,False,False,0.0,LOW
3397,2026-07-20,Amravati,Amravati Block-2,Amravati Block-2 Village-5,sheep,9,2,5,38.7,,False,False,True,False,False,False,True,False,False,False,False,False,0.222,LOW
3398,2026-07-20,Kolhapur,Kolhapur Block-3,Kolhapur Block-3 Village-4,poultry,2,0,8,,,False,False,False,True,False,True,False,False,False,False,False,False,0.0,LOW
3399,2026-07-20,Sambhajinagar,Sambhajinagar Block-2,Sambhajinagar Block-2 Village-5,sheep,3,0,6,38.1,Reported by local field worker.,False,True,False,False,False,False,False,False,False,False,False,False,0.0,LOW
3400,2026-07-20,Pune,Pune Block-1,Pune Block-1 Village-5,buffalo,2,0,8,41.0,,True,False,True,False,False,False,True,True,False,False,False,False,0.0,LOW
3401,2026-07-20,Kolhapur,Kolhapur Block-1,Kolhapur Block-1 Village-4,sheep,9,1,5,39.0,,False,True,False,False,False,False,False,False,False,False,False,False,0.111,LOW
3402,2026-07-20,Nashik,Nashik Block-3,Nashik Block-3 Village-4,poultry,8,1,7,39.2,Similar cases seen in neighbouring herd.,False,False,False,True,False,False,True,False,True,False,False,False,0.125,LOW
3403,2026-07-21,Sambhajinagar,Sambhajinagar Block-2,Sambhajinagar Block-2 Village-3,poultry,4,0,5,39.7,,True,False,False,False,False,False,False,False,False,False,False,False,0.0,LOW
3404,2026-07-21,Amravati,Amravati Block-1,Amravati Block-1 Village-3,sheep,5,0,6,38.7,Animals isolated as precaution.,False,False,False,False,False,False,False,True,True,False,False,False,0.0,LOW
3405,2026-07-21,Kolhapur,Kolhapur Block-1,Kolhapur Block-1 Village-4,goat,2,0,3,,,False,False,False,True,False,False,False,False,False,False,False,False,0.0,LOW
3406,2026-07-21,Sambhajinagar,Sambhajinagar Block-1,Sambhajinagar Block-1 Village-4,cattle,1,0,1,,Similar cases seen in neighbouring herd.,True,False,False,True,False,True,False,False,False,False,False,False,0.0,LOW
3407,2026-07-21,Nashik,Nashik Block-3,Nashik Block-3 Village-3,goat,1,0,4,37.8,Similar cases seen in neighbouring herd.,False,True,False,False,False,False,False,False,False,False,False,False,0.0,LOW
3408,2026-07-21,Nashik,Nashik Block-3,Nashik Block-3 Village-2,poultry,2,0,3,40.4,,True,True,True,False,False,False,False,True,False,False,False,False,0.0,LOW
3409,2026-07-21,Amravati,Amravati Block-2,Amravati Block-2 Village-4,poultry,2,0,7,37.8,,False,False,False,True,False,False,False,False,False,False,False,False,0.0,LOW
3410,2026-07-21,Sambhajinagar,Sambhajinagar Block-2,Sambhajinagar Block-2 Village-4,cattle,1,0,8,,Animals isolated as precaution.,False,False,False,True,False,False,False,False,False,False,False,False,0.0,LOW
3411,2026-07-21,Sambhajinagar,Sambhajinagar Block-3,Sambhajinagar Block-3 Village-1,poultry,1,0,7,38.7,Reported by local field worker.,False,False,False,False,False,False,True,False,False,False,False,False,0.0,LOW
3412,2026-07-21,Sambhajinagar,Sambhajinagar Block-1,Sambhajinagar Block-1 Village-3,cattle,4,0,4,41.2,,True,False,False,False,False,False,False,False,False,False,False,False,0.0,LOW
3413,2026-07-21,Nashik,Nashik Block-2,Nashik Block-2 Village-2,goat,5,2,1,,Reported by local field worker.,True,True,False,True,True,True,True,False,False,False,False,False,0.4,MEDIUM
3414,2026-07-21,Nagpur,Nagpur Block-3,Nagpur Block-3 Village-2,cattle,4,0,1,37.9,Farmer requested urgent visit.,False,False,False,False,True,False,False,False,False,False,False,False,0.0,LOW
3415,2026-07-21,Sambhajinagar,Sambhajinagar Block-3,Sambhajinagar Block-3 Village-4,cattle,4,0,7,,,True,False,False,False,False,False,False,False,False,False,False,False,0.0,LOW
3416,2026-07-21,Kolhapur,Kolhapur Block-2,Kolhapur Block-2 Village-2,goat,24,13,3,,Animals isolated as precaution.,True,True,False,True,True,True,True,False,False,False,False,False,0.542,HIGH
3417,2026-07-21,Nagpur,Nagpur Block-2,Nagpur Block-2 Village-2,sheep,3,0,7,37.8,Reported by local field worker.,False,False,False,True,False,False,False,False,False,False,False,False,0.0,LOW
3418,2026-07-21,Nagpur,Nagpur Block-2,Nagpur Block-2 Village-3,cattle,4,0,5,37.8,,False,False,False,True,False,False,False,False,False,False,False,False,0.0,LOW
3419,2026-07-21,Amravati,Amravati Block-3,Amravati Block-3 Village-4,cattle,3,0,7,41.4,Similar cases seen in neighbouring herd.,True,True,True,False,False,False,False,False,False,False,False,False,0.0,LOW
3420,2026-07-21,Nagpur,Nagpur Block-2,Nagpur Block-2 Village-2,buffalo,3,0,9,40.1,Similar cases seen in neighbouring herd.,True,False,False,False,False,False,False,False,False,False,False,False,0.0,LOW
3421,2026-07-21,Nashik,Nashik Block-3,Nashik Block-3 Village-3,goat,2,0,2,38.2,,False,True,True,False,False,False,False,False,False,False,False,False,0.0,LOW
3422,2026-07-21,Nagpur,Nagpur Block-3,Nagpur Block-3 Village-5,cattle,4,0,2,41.2,,True,False,False,True,True,False,False,False,False,False,False,False,0.0,LOW
3423,2026-07-21,Amravati,Amravati Block-1,Amravati Block-1 Village-2,sheep,4,0,8,38.4,,False,True,False,False,False,False,False,False,False,False,False,False,0.0,LOW
3424,2026-07-21,Pune,Pune Block-2,Pune Block-2 Village-4,poultry,2,0,2,39.2,,False,False,True,False,False,True,True,False,False,False,False,False,0.0,LOW
3425,2026-07-21,Amravati,Amravati Block-1,Amravati Block-1 Village-1,cattle,1,0,1,,Reported by local field worker.,False,False,False,False,False,True,False,False,True,True,False,False,0.0,LOW
3426,2026-07-21,Nashik,Nashik Block-2,Nashik Block-2 Village-4,buffalo,2,0,9,,,True,False,False,False,False,False,False,False,False,False,False,False,0.0,LOW
3427,2026-07-21,Pune,Pune Block-3,Pune Block-3 Village-3,buffalo,4,0,7,41.5,,True,True,True,True,False,False,True,False,False,False,False,False,0.0,LOW
3428,2026-07-21,Nashik,Nashik Block-2,Nashik Block-2 Village-4,goat,1,0,1,40.7,,True,False,True,True,False,False,False,False,False,True,False,False,0.0,LOW
3429,2026-07-21,Nashik,Nashik Block-3,Nashik Block-3 Village-3,buffalo,1,0,5,,Reported by local field worker.,False,True,True,False,False,False,False,False,False,True,False,False,0.0,LOW
3430,2026-07-21,Pune,Pune Block-3,Pune Block-3 Village-2,sheep,3,0,9,,,False,True,False,False,False,False,False,False,False,False,False,False,0.0,LOW
3431,2026-07-21,Nagpur,Nagpur Block-1,Nagpur Block-1 Village-5,cattle,4,0,2,38.4,Reported by local field worker.,False,True,False,True,False,True,False,True,False,False,False,False,0.0,LOW
3432,2026-07-21,Sambhajinagar,Sambhajinagar Block-3,Sambhajinagar Block-3 Village-5,cattle,1,0,3,,Animals isolated as precaution.,True,False,False,False,False,True,False,False,False,False,False,False,0.0,LOW
3433,2026-07-21,Nashik,Nashik Block-1,Nashik Block-1 Village-2,cattle,3,0,1,38.9,Similar cases seen in neighbouring herd.,False,False,False,True,False,False,False,False,False,False,False,False,0.0,LOW
3434,2026-07-21,Kolhapur,Kolhapur Block-3,Kolhapur Block-3 Village-5,goat,2,0,7,,Farmer requested urgent visit.,True,False,True,False,True,True,False,False,False,True,False,False,0.0,LOW
3435,2026-07-21,Nagpur,Nagpur Block-3,Nagpur Block-3 Village-1,buffalo,2,0,2,40.9,Similar cases seen in neighbouring herd.,True,False,False,False,False,True,True,True,False,False,False,False,0.0,LOW
3436,2026-07-21,Nashik,Nashik Block-3,Nashik Block-3 Village-3,buffalo,1,0,2,,Reported by local field worker.,False,False,False,True,True,False,True,False,False,False,False,False,0.0,LOW
3437,2026-07-21,Nagpur,Nagpur Block-2,Nagpur Block-2 Village-4,cattle,4,0,4,,Reported by local field worker.,False,True,False,False,False,False,False,False,False,False,False,False,0.0,LOW
3438,2026-07-21,Pune,Pune Block-1,Pune Block-1 Village-4,sheep,4,0,2,38.7,,False,False,True,False,False,False,False,False,False,False,False,False,0.0,LOW
3439,2026-07-21,Amravati,Amravati Block-2,Amravati Block-2 Village-1,cattle,3,0,3,38.4,Reported by local field worker.,False,True,True,True,False,False,False,False,False,False,False,False,0.0,LOW
3440,2026-07-21,Nagpur,Nagpur Block-3,Nagpur Block-3 Village-3,sheep,2,0,3,38.1,Farmer requested urgent visit.,False,False,False,True,False,True,False,False,False,True,False,False,0.0,LOW
3441,2026-07-21,Pune,Pune Block-3,Pune Block-3 Village-3,goat,3,0,6,41.3,Similar cases seen in neighbouring herd.,True,False,False,False,False,False,False,False,False,False,False,False,0.0,LOW
3442,2026-07-21,Pune,Pune Block-2,Pune Block-2 Village-2,sheep,4,0,2,,Farmer requested urgent visit.,False,False,False,False,False,False,False,False,True,False,False,False,0.0,LOW
3443,2026-07-21,Amravati,Amravati Block-1,Amravati Block-1 Village-4,cattle,1,0,2,38.6,Animals isolated as precaution.,False,False,False,False,False,False,False,True,False,False,False,False,0.0,LOW
3444,2026-07-21,Kolhapur,Kolhapur Block-2,Kolhapur Block-2 Village-4,cattle,3,0,5,40.6,Animals isolated as precaution.,True,False,False,False,False,False,False,False,False,False,False,False,0.0,LOW
3445,2026-07-21,Kolhapur,Kolhapur Block-2,Kolhapur Block-2 Village-1,poultry,3,0,6,39.5,Animals isolated as precaution.,True,False,True,False,False,True,False,False,False,False,False,False,0.0,LOW
3446,2026-07-21,Sambhajinagar,Sambhajinagar Block-1,Sambhajinagar Block-1 Village-3,cattle,3,0,9,38.4,,False,True,True,False,True,False,False,False,False,False,False,False,0.0,LOW
3447,2026-07-21,Kolhapur,Kolhapur Block-2,Kolhapur Block-2 Village-5,cattle,2,0,1,38.5,,False,False,False,False,False,True,False,False,False,False,False,True,0.0,MEDIUM
3448,2026-07-21,Nashik,Nashik Block-1,Nashik Block-1 Village-5,sheep,1,0,8,40.3,Similar cases seen in neighbouring herd.,True,False,False,False,False,False,False,False,False,False,False,False,0.0,LOW
3449,2026-07-21,Nashik,Nashik Block-3,Nashik Block-3 Village-1,poultry,4,0,7,38.0,Similar cases seen in neighbouring herd.,False,False,True,False,False,False,False,False,False,False,False,False,0.0,LOW
3450,2026-07-21,Nagpur,Nagpur Block-2,Nagpur Block-2 Village-1,cattle,4,0,3,38.8,Animals isolated as precaution.,False,False,False,False,False,True,False,False,False,True,False,False,0.0,LOW
3451,2026-07-21,Nashik,Nashik Block-2,Nashik Block-2 Village-3,cattle,3,1,1,,Animals isolated as precaution.,False,False,False,False,True,False,False,False,False,False,False,False,0.333,MEDIUM
3452,2026-07-21,Sambhajinagar,Sambhajinagar Block-2,Sambhajinagar Block-2 Village-3,sheep,2,0,1,39.1,,False,False,True,True,False,True,False,False,False,False,False,False,0.0,LOW
3453,2026-07-21,Amravati,Amravati Block-1,Amravati Block-1 Village-4,sheep,5,1,8,,Similar cases seen in neighbouring herd.,False,False,False,True,False,False,False,False,True,False,False,False,0.2,MEDIUM
3454,2026-07-21,Amravati,Amravati Block-2,Amravati Block-2 Village-1,cattle,3,0,4,,Similar cases seen in neighbouring herd.,False,False,False,False,True,False,False,True,False,False,False,False,0.0,LOW
3455,2026-07-22,Sambhajinagar,Sambhajinagar Block-3,Sambhajinagar Block-3 Village-5,buffalo,4,0,6,,Similar cases seen in neighbouring herd.,True,False,True,False,False,True,True,False,False,False,False,False,0.0,LOW
3456,2026-07-22,Amravati,Amravati Block-2,Amravati Block-2 Village-1,poultry,2,0,1,39.4,,True,True,False,False,True,False,False,False,False,False,False,False,0.0,LOW
3457,2026-07-22,Nagpur,Nagpur Block-3,Nagpur Block-3 Village-2,sheep,2,0,6,39.3,Similar cases seen in neighbouring herd.,True,False,False,False,False,False,False,False,False,False,False,False,0.0,LOW
3458,2026-07-22,Pune,Pune Block-2,Pune Block-2 Village-3,goat,3,0,1,38.2,,False,False,True,True,False,False,False,False,False,False,False,False,0.0,LOW
3459,2026-07-22,Nashik,Nashik Block-1,Nashik Block-1 Village-5,goat,3,0,2,41.4,,True,False,True,True,True,False,False,False,False,False,False,False,0.0,LOW
3460,2026-07-22,Amravati,Amravati Block-1,Amravati Block-1 Village-3,cattle,4,0,1,40.4,,True,False,True,False,False,False,False,False,False,False,False,False,0.0,LOW
3461,2026-07-22,Nagpur,Nagpur Block-3,Nagpur Block-3 Village-2,sheep,5,1,2,41.5,,True,True,True,True,True,True,True,False,False,True,False,False,0.2,LOW
3462,2026-07-22,Sambhajinagar,Sambhajinagar Block-2,Sambhajinagar Block-2 Village-2,cattle,3,0,9,,Similar cases seen in neighbouring herd.,False,True,False,False,False,False,True,False,False,False,False,False,0.0,LOW
3463,2026-07-22,Amravati,Amravati Block-3,Amravati Block-3 Village-5,poultry,1,0,4,38.8,Similar cases seen in neighbouring herd.,False,True,False,False,False,False,False,False,False,False,False,False,0.0,LOW
3464,2026-07-22,Pune,Pune Block-3,Pune Block-3 Village-5,buffalo,1,0,6,38.7,Farmer requested urgent visit.,False,False,False,False,False,True,True,False,False,False,False,True,0.0,MEDIUM
3465,2026-07-22,Pune,Pune Block-2,Pune Block-2 Village-2,poultry,5,1,6,41.3,Farmer requested urgent visit.,True,True,False,True,True,False,False,False,True,False,False,False,0.2,LOW
3466,2026-07-22,Amravati,Amravati Block-1,Amravati Block-1 Village-2,cattle,9,1,5,,Animals isolated as precaution.,True,False,True,True,False,True,False,False,False,False,False,False,0.111,LOW
3467,2026-07-22,Nagpur,Nagpur Block-2,Nagpur Block-2 Village-4,buffalo,3,0,1,,Reported by local field worker.,False,False,False,False,False,False,False,False,False,False,False,True,0.0,LOW
3468,2026-07-22,Amravati,Amravati Block-2,Amravati Block-2 Village-3,sheep,4,0,8,37.8,Reported by local field worker.,False,False,False,False,False,False,True,False,False,False,True,False,0.0,LOW
3469,2026-07-22,Kolhapur,Kolhapur Block-1,Kolhapur Block-1 Village-2,buffalo,1,0,6,37.9,Similar cases seen in neighbouring herd.,False,False,False,False,True,False,False,False,False,False,False,False,0.0,LOW
3470,2026-07-22,Pune,Pune Block-1,Pune Block-1 Village-5,goat,3,0,5,41.4,,True,True,True,True,False,False,False,False,False,False,False,False,0.0,LOW
3471,2026-07-22,Nagpur,Nagpur Block-3,Nagpur Block-3 Village-2,cattle,4,0,9,,,False,False,False,True,False,False,False,False,False,False,False,False,0.0,LOW
3472,2026-07-22,Nashik,Nashik Block-2,Nashik Block-2 Village-1,cattle,4,0,2,,Similar cases seen in neighbouring herd.,True,False,False,False,True,False,False,False,False,False,False,False,0.0,LOW
3473,2026-07-22,Amravati,Amravati Block-3,Amravati Block-3 Village-5,goat,5,1,7,,,False,True,False,False,False,True,False,True,False,False,False,False,0.2,LOW
3474,2026-07-22,Kolhapur,Kolhapur Block-2,Kolhapur Block-2 Village-5,sheep,2,0,3,38.2,Similar cases seen in neighbouring herd.,False,False,True,True,True,True,False,True,False,False,False,False,0.0,LOW
3475,2026-07-22,Amravati,Amravati Block-1,Amravati Block-1 Village-3,goat,1,0,9,,,False,False,True,False,False,False,False,False,True,False,False,False,0.0,LOW
3476,2026-07-22,Kolhapur,Kolhapur Block-2,Kolhapur Block-2 Village-4,goat,4,0,8,41.5,,True,False,False,True,False,False,False,False,False,False,False,False,0.0,LOW
3477,2026-07-22,Pune,Pune Block-2,Pune Block-2 Village-1,cattle,3,0,9,38.3,Similar cases seen in neighbouring herd.,False,False,False,False,False,False,True,False,False,False,False,False,0.0,LOW
3478,2026-07-22,Pune,Pune Block-1,Pune Block-1 Village-1,sheep,7,1,7,,,False,False,False,False,True,False,False,False,False,False,False,False,0.143,LOW
3479,2026-07-22,Sambhajinagar,Sambhajinagar Block-2,Sambhajinagar Block-2 Village-4,buffalo,4,0,8,,,True,False,False,False,False,False,False,False,False,False,False,False,0.0,LOW
3480,2026-07-22,Nashik,Nashik Block-1,Nashik Block-1 Village-1,buffalo,4,0,6,38.4,,False,False,False,True,False,False,False,False,True,False,False,False,0.0,LOW
3481,2026-07-22,Amravati,Amravati Block-3,Amravati Block-3 Village-4,cattle,4,0,1,40.5,Animals isolated as precaution.,True,False,False,False,False,True,False,True,False,False,False,False,0.0,LOW
3482,2026-07-22,Kolhapur,Kolhapur Block-2,Kolhapur Block-2 Village-2,buffalo,8,1,1,37.7,Animals isolated as precaution.,False,True,True,True,True,False,True,False,False,False,False,False,0.125,LOW
3483,2026-07-22,Nashik,Nashik Block-1,Nashik Block-1 Village-3,goat,4,0,4,40.2,,True,False,False,True,False,False,False,False,False,False,False,False,0.0,LOW
3484,2026-07-22,Nagpur,Nagpur Block-3,Nagpur Block-3 Village-4,goat,4,0,6,38.0,,False,False,False,False,False,False,False,True,False,False,False,False,0.0,LOW
3485,2026-07-22,Kolhapur,Kolhapur Block-1,Kolhapur Block-1 Village-1,poultry,2,0,2,38.6,,False,True,False,False,False,False,False,False,False,False,False,False,0.0,LOW
3486,2026-07-22,Sambhajinagar,Sambhajinagar Block-2,Sambhajinagar Block-2 Village-1,buffalo,3,0,1,,Animals isolated as precaution.,True,False,False,False,False,False,False,False,False,False,False,False,0.0,LOW
3487,2026-07-22,Amravati,Amravati Block-3,Amravati Block-3 Village-2,goat,4,0,3,,Farmer requested urgent visit.,False,True,False,False,False,False,False,False,False,False,False,False,0.0,LOW
3488,2026-07-22,Sambhajinagar,Sambhajinagar Block-2,Sambhajinagar Block-2 Village-3,sheep,3,0,7,41.0,Similar cases seen in neighbouring herd.,True,True,False,False,False,False,False,False,False,False,False,False,0.0,LOW
3489,2026-07-22,Nashik,Nashik Block-1,Nashik Block-1 Village-2,goat,3,0,1,,,False,False,False,False,True,False,False,False,False,False,False,False,0.0,LOW
3490,2026-07-22,Sambhajinagar,Sambhajinagar Block-3,Sambhajinagar Block-3 Village-2,goat,4,1,9,,,False,True,True,False,False,False,False,False,False,False,False,False,0.25,LOW
3491,2026-07-22,Kolhapur,Kolhapur Block-1,Kolhapur Block-1 Village-2,poultry,2,0,2,38.0,Farmer requested urgent visit.,False,False,False,False,False,False,False,False,False,False,True,False,0.0,LOW
3492,2026-07-22,Amravati,Amravati Block-1,Amravati Block-1 Village-4,sheep,3,0,9,,Farmer requested urgent visit.,False,False,False,True,False,False,False,False,False,False,False,False,0.0,LOW
3493,2026-07-22,Nagpur,Nagpur Block-3,Nagpur Block-3 Village-4,sheep,1,0,2,,,True,False,False,False,False,False,False,False,False,False,False,False,0.0,LOW
3494,2026-07-22,Nashik,Nashik Block-3,Nashik Block-3 Village-4,goat,4,0,2,40.3,Similar cases seen in neighbouring herd.,True,False,False,False,False,False,False,False,False,False,False,False,0.0,LOW
3495,2026-07-22,Nagpur,Nagpur Block-2,Nagpur Block-2 Village-3,sheep,6,1,6,,,True,True,False,False,False,True,False,False,False,False,False,False,0.167,LOW
3496,2026-07-22,Sambhajinagar,Sambhajinagar Block-2,Sambhajinagar Block-2 Village-3,buffalo,3,0,4,37.9,Farmer requested urgent visit.,False,False,False,False,True,False,False,True,False,False,False,False,0.0,LOW
3497,2026-07-22,Nashik,Nashik Block-3,Nashik Block-3 Village-4,cattle,4,0,1,37.9,Reported by local field worker.,False,False,False,True,False,False,True,True,False,False,False,False,0.0,LOW
3498,2026-07-22,Pune,Pune Block-1,Pune Block-1 Village-3,goat,3,0,7,38.9,Animals isolated as precaution.,False,False,False,False,True,False,False,False,True,False,False,False,0.0,LOW
3499,2026-07-22,Pune,Pune Block-1,Pune Block-1 Village-2,cattle,3,0,6,,Reported by local field worker.,False,True,False,True,False,False,False,False,False,False,False,True,0.0,MEDIUM
3500,2026-07-22,Sambhajinagar,Sambhajinagar Block-2,Sambhajinagar Block-2 Village-5,goat,6,1,9,,,True,False,True,False,False,True,True,False,False,False,True,False,0.167,MEDIUM
3501,2026-07-22,Amravati,Amravati Block-1,Amravati Block-1 Village-1,cattle,3,0,5,,Reported by local field worker.,False,False,False,True,False,False,False,False,False,False,False,False,0.0,LOW
3502,2026-07-22,Nashik,Nashik Block-1,Nashik Block-1 Village-2,sheep,4,0,6,39.1,,False,False,False,False,False,False,False,False,False,False,False,True,0.0,MEDIUM
3503,2026-07-22,Sambhajinagar,Sambhajinagar Block-1,Sambhajinagar Block-1 Village-1,cattle,2,0,9,,Farmer requested urgent visit.,False,False,True,False,False,False,False,True,False,False,False,False,0.0,LOW
3504,2026-07-22,Nagpur,Nagpur Block-2,Nagpur Block-2 Village-1,poultry,3,0,3,38.1,Reported by local field worker.,False,False,False,False,False,True,False,False,False,False,False,False,0.0,LOW
3505,2026-07-22,Pune,Pune Block-1,Pune Block-1 Village-4,cattle,13,7,1,,Similar cases seen in neighbouring herd.,True,True,False,True,True,True,False,False,False,True,False,False,0.538,HIGH
3506,2026-07-22,Nashik,Nashik Block-2,Nashik Block-2 Village-1,buffalo,1,0,8,38.9,,False,False,False,False,False,False,True,False,False,False,False,False,0.0,LOW
3507,2026-07-22,Amravati,Amravati Block-3,Amravati Block-3 Village-3,buffalo,2,0,5,38.7,Animals isolated as precaution.,False,True,False,False,False,False,True,False,False,False,False,False,0.0,LOW
3508,2026-07-23,Pune,Pune Block-2,Pune Block-2 Village-3,goat,4,0,3,,Similar cases seen in neighbouring herd.,False,False,False,True,True,False,False,False,False,False,False,False,0.0,LOW
3509,2026-07-23,Kolhapur,Kolhapur Block-3,Kolhapur Block-3 Village-2,cattle,5,0,4,41.4,Similar cases seen in neighbouring herd.,True,True,False,False,False,False,False,False,False,False,False,False,0.0,LOW
3510,2026-07-23,Amravati,Amravati Block-1,Amravati Block-1 Village-5,sheep,1,0,1,39.1,,False,False,False,False,False,False,False,False,False,True,False,False,0.0,LOW
3511,2026-07-23,Nashik,Nashik Block-3,Nashik Block-3 Village-2,sheep,2,0,5,,Animals isolated as precaution.,True,False,False,False,False,False,False,False,False,True,False,False,0.0,LOW
3512,2026-07-23,Kolhapur,Kolhapur Block-1,Kolhapur Block-1 Village-1,buffalo,20,7,2,40.3,Similar cases seen in neighbouring herd.,True,True,False,True,False,True,True,True,False,True,False,False,0.35,HIGH
3513,2026-07-23,Nagpur,Nagpur Block-1,Nagpur Block-1 Village-4,poultry,4,0,6,37.7,Similar cases seen in neighbouring herd.,False,True,True,False,False,False,False,False,False,False,False,False,0.0,LOW
3514,2026-07-23,Kolhapur,Kolhapur Block-2,Kolhapur Block-2 Village-4,goat,1,0,6,40.1,Animals isolated as precaution.,True,True,False,False,True,False,False,False,False,False,False,False,0.0,LOW
3515,2026-07-23,Amravati,Amravati Block-1,Amravati Block-1 Village-2,sheep,1,0,7,38.7,Similar cases seen in neighbouring herd.,False,False,False,True,False,False,False,False,False,False,False,False,0.0,LOW
3516,2026-07-23,Amravati,Amravati Block-2,Amravati Block-2 Village-3,buffalo,1,0,3,,,False,False,True,False,True,False,False,False,False,True,False,False,0.0,LOW
3517,2026-07-23,Nashik,Nashik Block-1,Nashik Block-1 Village-2,goat,3,0,2,41.3,Reported by local field worker.,True,False,False,False,False,False,True,False,False,False,False,False,0.0,LOW
3518,2026-07-23,Kolhapur,Kolhapur Block-2,Kolhapur Block-2 Village-3,buffalo,3,0,9,,Similar cases seen in neighbouring herd.,False,True,False,False,False,True,False,False,False,False,False,False,0.0,LOW
3519,2026-07-23,Nashik,Nashik Block-1,Nashik Block-1 Village-5,cattle,2,0,3,39.4,Similar cases seen in neighbouring herd.,True,False,False,False,False,False,False,False,False,False,False,False,0.0,LOW
3520,2026-07-23,Kolhapur,Kolhapur Block-1,Kolhapur Block-1 Village-1,cattle,4,0,9,,,False,True,False,False,False,False,False,False,False,False,False,False,0.0,LOW
3521,2026-07-23,Amravati,Amravati Block-2,Amravati Block-2 Village-1,poultry,3,0,5,37.8,,False,False,False,False,False,False,True,False,True,False,False,False,0.0,LOW
3522,2026-07-23,Amravati,Amravati Block-2,Amravati Block-2 Village-3,sheep,8,2,6,38.2,,False,False,False,True,True,False,False,False,False,False,False,False,0.25,MEDIUM
3523,2026-07-23,Sambhajinagar,Sambhajinagar Block-3,Sambhajinagar Block-3 Village-1,goat,3,0,1,38.3,,False,True,False,False,False,False,False,False,False,False,False,False,0.0,LOW
3524,2026-07-23,Kolhapur,Kolhapur Block-2,Kolhapur Block-2 Village-2,buffalo,2,0,7,38.6,,False,True,False,True,True,True,False,False,False,False,False,False,0.0,LOW
3525,2026-07-23,Pune,Pune Block-3,Pune Block-3 Village-5,goat,4,0,7,,Animals isolated as precaution.,False,False,False,False,False,False,False,False,False,True,False,False,0.0,LOW
3526,2026-07-23,Sambhajinagar,Sambhajinagar Block-1,Sambhajinagar Block-1 Village-4,cattle,2,0,8,,Reported by local field worker.,True,False,False,False,False,True,False,False,False,False,False,False,0.0,LOW
3527,2026-07-23,Sambhajinagar,Sambhajinagar Block-3,Sambhajinagar Block-3 Village-2,poultry,16,3,1,40.8,Animals isolated as precaution.,True,True,True,True,True,True,True,False,False,False,False,False,0.188,MEDIUM
3528,2026-07-23,Amravati,Amravati Block-1,Amravati Block-1 Village-4,poultry,4,0,1,40.9,,True,False,False,True,False,False,False,False,False,False,False,False,0.0,LOW
3529,2026-07-23,Sambhajinagar,Sambhajinagar Block-3,Sambhajinagar Block-3 Village-3,buffalo,2,0,9,,,False,False,False,True,False,False,False,False,False,False,False,False,0.0,LOW
3530,2026-07-23,Nagpur,Nagpur Block-2,Nagpur Block-2 Village-3,sheep,8,0,2,39.9,,True,False,True,False,True,True,False,False,False,True,False,False,0.0,LOW
3531,2026-07-23,Sambhajinagar,Sambhajinagar Block-2,Sambhajinagar Block-2 Village-1,cattle,7,1,9,40.1,,True,False,True,False,False,False,False,False,False,False,False,False,0.143,MEDIUM
3532,2026-07-23,Nagpur,Nagpur Block-2,Nagpur Block-2 Village-5,buffalo,4,0,2,,Farmer requested urgent visit.,False,False,True,False,False,True,True,False,False,True,False,False,0.0,LOW
3533,2026-07-23,Amravati,Amravati Block-2,Amravati Block-2 Village-1,sheep,1,0,2,38.3,,False,False,False,False,True,False,False,False,False,False,False,False,0.0,LOW
3534,2026-07-23,Pune,Pune Block-2,Pune Block-2 Village-3,cattle,1,0,3,37.8,Reported by local field worker.,False,False,False,True,False,True,False,False,False,False,False,False,0.0,LOW
3535,2026-07-23,Amravati,Amravati Block-2,Amravati Block-2 Village-2,buffalo,7,0,4,40.1,,True,True,False,False,True,False,False,False,False,False,False,False,0.0,LOW
3536,2026-07-23,Sambhajinagar,Sambhajinagar Block-3,Sambhajinagar Block-3 Village-2,cattle,2,0,6,37.9,,False,False,False,False,False,False,True,False,False,False,False,False,0.0,LOW
3537,2026-07-23,Kolhapur,Kolhapur Block-1,Kolhapur Block-1 Village-4,cattle,3,0,6,38.3,Reported by local field worker.,False,False,False,False,False,False,False,False,False,True,False,False,0.0,LOW
3538,2026-07-23,Nagpur,Nagpur Block-1,Nagpur Block-1 Village-4,cattle,9,1,1,39.0,Reported by local field worker.,False,True,True,True,False,False,False,False,False,False,False,False,0.111,LOW
3539,2026-07-23,Kolhapur,Kolhapur Block-1,Kolhapur Block-1 Village-3,cattle,2,0,8,,Farmer requested urgent visit.,False,False,True,False,False,True,False,False,True,False,False,False,0.0,LOW
3540,2026-07-23,Sambhajinagar,Sambhajinagar Block-2,Sambhajinagar Block-2 Village-3,poultry,8,1,6,,,True,True,True,False,True,False,False,False,False,False,False,False,0.125,LOW
3541,2026-07-23,Sambhajinagar,Sambhajinagar Block-1,Sambhajinagar Block-1 Village-4,buffalo,2,0,3,38.3,Reported by local field worker.,False,False,False,False,False,False,True,False,False,False,False,False,0.0,LOW
3542,2026-07-23,Amravati,Amravati Block-3,Amravati Block-3 Village-4,cattle,2,0,4,40.6,Reported by local field worker.,True,False,False,True,False,False,False,False,False,True,False,False,0.0,LOW
3543,2026-07-23,Nagpur,Nagpur Block-1,Nagpur Block-1 Village-4,buffalo,4,0,6,38.9,,False,False,False,True,False,False,False,False,False,False,False,False,0.0,LOW
3544,2026-07-23,Nashik,Nashik Block-3,Nashik Block-3 Village-5,buffalo,2,0,2,,Reported by local field worker.,True,False,False,False,False,False,False,True,False,False,False,False,0.0,LOW
3545,2026-07-23,Kolhapur,Kolhapur Block-2,Kolhapur Block-2 Village-2,cattle,7,1,5,38.4,,False,True,False,True,False,False,False,False,False,False,False,False,0.143,LOW
3546,2026-07-23,Pune,Pune Block-3,Pune Block-3 Village-3,cattle,2,0,4,41.0,Similar cases seen in neighbouring herd.,True,False,False,False,False,False,False,False,False,False,False,False,0.0,LOW
3547,2026-07-23,Nashik,Nashik Block-1,Nashik Block-1 Village-1,cattle,2,0,5,38.4,Animals isolated as precaution.,False,False,True,False,False,False,False,False,False,False,False,False,0.0,LOW
3548,2026-07-23,Pune,Pune Block-1,Pune Block-1 Village-3,cattle,3,0,3,38.6,,False,False,False,True,True,False,False,True,False,False,False,False,0.0,LOW
3549,2026-07-23,Amravati,Amravati Block-2,Amravati Block-2 Village-2,cattle,4,0,3,,,True,True,False,True,False,False,False,True,True,False,False,False,0.0,LOW
3550,2026-07-23,Kolhapur,Kolhapur Block-1,Kolhapur Block-1 Village-2,sheep,3,0,1,,,False,True,True,False,False,False,False,False,True,False,True,False,0.0,LOW
3551,2026-07-24,Kolhapur,Kolhapur Block-1,Kolhapur Block-1 Village-4,sheep,1,0,1,,Reported by local field worker.,True,False,False,False,False,False,False,False,False,False,False,False,0.0,LOW
3552,2026-07-24,Nashik,Nashik Block-2,Nashik Block-2 Village-3,poultry,1,0,3,,Animals isolated as precaution.,True,False,False,True,False,True,False,False,False,False,False,False,0.0,LOW
3553,2026-07-24,Kolhapur,Kolhapur Block-3,Kolhapur Block-3 Village-3,sheep,1,0,1,38.8,,False,True,False,False,False,False,False,False,False,False,False,False,0.0,LOW
3554,2026-07-24,Pune,Pune Block-1,Pune Block-1 Village-4,poultry,1,0,3,39.9,,True,True,False,False,True,True,False,False,False,False,False,False,0.0,LOW
3555,2026-07-24,Nagpur,Nagpur Block-1,Nagpur Block-1 Village-5,goat,4,0,8,,Farmer requested urgent visit.,True,False,False,False,True,False,False,False,True,True,False,False,0.0,LOW
3556,2026-07-24,Pune,Pune Block-3,Pune Block-3 Village-2,goat,1,0,9,,,False,False,False,True,True,False,True,False,True,False,False,False,0.0,LOW
3557,2026-07-24,Pune,Pune Block-2,Pune Block-2 Village-4,goat,2,0,4,38.1,,False,False,False,True,False,True,False,False,False,False,False,False,0.0,LOW
3558,2026-07-24,Kolhapur,Kolhapur Block-1,Kolhapur Block-1 Village-3,sheep,4,0,5,40.5,,True,True,False,True,False,True,False,False,True,False,False,False,0.0,LOW
3559,2026-07-24,Kolhapur,Kolhapur Block-3,Kolhapur Block-3 Village-4,cattle,1,0,4,39.1,Reported by local field worker.,False,False,False,True,False,False,False,False,False,False,False,False,0.0,LOW
3560,2026-07-24,Amravati,Amravati Block-3,Amravati Block-3 Village-5,sheep,2,0,9,39.6,,True,True,True,False,True,False,False,False,False,False,False,False,0.0,LOW
3561,2026-07-24,Kolhapur,Kolhapur Block-3,Kolhapur Block-3 Village-2,goat,4,0,6,38.5,Farmer requested urgent visit.,False,False,False,True,False,False,False,False,False,False,False,False,0.0,LOW
3562,2026-07-24,Nagpur,Nagpur Block-1,Nagpur Block-1 Village-2,cattle,8,1,1,40.1,,True,False,False,False,False,False,True,False,False,False,False,False,0.125,LOW
3563,2026-07-24,Sambhajinagar,Sambhajinagar Block-1,Sambhajinagar Block-1 Village-2,cattle,4,0,1,,Animals isolated as precaution.,False,False,False,True,False,False,False,False,False,False,False,False,0.0,LOW
3564,2026-07-24,Amravati,Amravati Block-3,Amravati Block-3 Village-5,cattle,4,0,8,,Reported by local field worker.,False,True,False,False,False,False,True,False,False,False,False,False,0.0,LOW
3565,2026-07-24,Nashik,Nashik Block-1,Nashik Block-1 Village-2,goat,3,0,9,,Animals isolated as precaution.,True,False,True,True,False,False,False,False,False,False,False,False,0.0,LOW
3566,2026-07-24,Nagpur,Nagpur Block-1,Nagpur Block-1 Village-1,sheep,4,0,3,39.1,,False,True,False,False,False,False,False,False,False,False,False,False,0.0,LOW
3567,2026-07-24,Pune,Pune Block-3,Pune Block-3 Village-4,cattle,2,0,6,,Reported by local field worker.,True,True,False,True,False,False,False,True,False,False,False,False,0.0,LOW
3568,2026-07-24,Kolhapur,Kolhapur Block-2,Kolhapur Block-2 Village-2,buffalo,4,0,6,41.4,,True,False,False,False,False,False,False,False,False,False,False,False,0.0,LOW
3569,2026-07-24,Pune,Pune Block-2,Pune Block-2 Village-1,sheep,3,0,1,38.0,Reported by local field worker.,False,False,True,False,False,False,True,False,False,False,False,False,0.0,LOW
3570,2026-07-24,Amravati,Amravati Block-3,Amravati Block-3 Village-1,goat,2,0,8,40.1,Similar cases seen in neighbouring herd.,True,False,False,True,True,False,False,False,False,False,False,False,0.0,LOW
3571,2026-07-24,Nashik,Nashik Block-3,Nashik Block-3 Village-3,poultry,3,0,3,,,False,False,False,False,False,False,False,False,False,True,False,False,0.0,LOW
3572,2026-07-24,Amravati,Amravati Block-2,Amravati Block-2 Village-5,poultry,3,0,7,37.6,Reported by local field worker.,False,False,False,False,False,True,False,False,False,False,False,False,0.0,LOW
3573,2026-07-24,Amravati,Amravati Block-1,Amravati Block-1 Village-5,buffalo,3,0,2,38.8,Similar cases seen in neighbouring herd.,False,False,True,True,False,True,False,True,False,False,False,True,0.0,MEDIUM
3574,2026-07-24,Pune,Pune Block-2,Pune Block-2 Village-5,buffalo,2,0,1,41.4,Similar cases seen in neighbouring herd.,True,False,True,False,False,False,False,False,False,False,False,False,0.0,LOW
3575,2026-07-24,Amravati,Amravati Block-2,Amravati Block-2 Village-4,goat,3,0,3,,,False,False,False,False,False,False,False,True,False,False,False,False,0.0,LOW
3576,2026-07-24,Sambhajinagar,Sambhajinagar Block-2,Sambhajinagar Block-2 Village-5,goat,4,0,6,37.6,,False,False,True,False,False,False,False,False,False,False,False,False,0.0,LOW
3577,2026-07-24,Pune,Pune Block-1,Pune Block-1 Village-2,buffalo,4,0,6,,Farmer requested urgent visit.,True,False,False,False,False,False,False,False,False,False,False,False,0.0,LOW
3578,2026-07-24,Amravati,Amravati Block-2,Amravati Block-2 Village-5,sheep,3,0,3,37.6,Reported by local field worker.,False,False,True,False,False,True,False,False,False,False,False,True,0.0,MEDIUM
3579,2026-07-24,Nagpur,Nagpur Block-2,Nagpur Block-2 Village-3,buffalo,3,0,7,40.8,,True,False,False,False,False,False,True,False,False,False,False,False,0.0,LOW
3580,2026-07-24,Kolhapur,Kolhapur Block-1,Kolhapur Block-1 Village-3,goat,4,0,9,,,False,False,False,True,False,False,False,False,False,False,False,False,0.0,LOW
3581,2026-07-24,Amravati,Amravati Block-3,Amravati Block-3 Village-4,sheep,1,0,9,41.4,Reported by local field worker.,True,False,True,True,False,False,False,False,False,False,False,False,0.0,LOW
3582,2026-07-24,Pune,Pune Block-2,Pune Block-2 Village-2,cattle,4,0,7,,,False,False,True,False,True,False,True,False,False,False,False,False,0.0,LOW
3583,2026-07-24,Nagpur,Nagpur Block-1,Nagpur Block-1 Village-4,buffalo,3,0,1,,Reported by local field worker.,False,True,False,False,False,False,False,False,False,False,False,False,0.0,LOW
3584,2026-07-25,Sambhajinagar,Sambhajinagar Block-1,Sambhajinagar Block-1 Village-4,buffalo,1,0,7,40.8,Animals isolated as precaution.,True,False,False,False,False,True,False,False,False,False,False,False,0.0,LOW
3585,2026-07-25,Amravati,Amravati Block-3,Amravati Block-3 Village-4,goat,3,0,2,40.0,,True,False,False,False,False,False,False,False,False,False,False,False,0.0,LOW
3586,2026-07-25,Sambhajinagar,Sambhajinagar Block-2,Sambhajinagar Block-2 Village-3,buffalo,2,0,7,,,False,False,False,False,False,False,False,True,False,True,False,False,0.0,LOW
3587,2026-07-25,Pune,Pune Block-2,Pune Block-2 Village-3,buffalo,2,0,4,39.5,Similar cases seen in neighbouring herd.,True,False,False,True,False,False,True,False,False,False,False,False,0.0,LOW
3588,2026-07-25,Amravati,Amravati Block-1,Amravati Block-1 Village-4,cattle,3,0,1,39.2,,False,False,False,False,False,False,False,True,False,True,False,False,0.0,LOW
3589,2026-07-25,Nagpur,Nagpur Block-2,Nagpur Block-2 Village-2,cattle,2,0,1,38.1,,False,False,False,False,False,True,False,False,False,False,False,False,0.0,LOW
3590,2026-07-25,Sambhajinagar,Sambhajinagar Block-3,Sambhajinagar Block-3 Village-4,cattle,3,0,1,,Reported by local field worker.,False,False,False,True,True,False,False,False,False,False,False,False,0.0,LOW
3591,2026-07-25,Amravati,Amravati Block-2,Amravati Block-2 Village-5,cattle,4,0,7,38.3,Similar cases seen in neighbouring herd.,False,False,False,True,False,False,False,False,False,False,False,False,0.0,LOW
3592,2026-07-25,Nagpur,Nagpur Block-3,Nagpur Block-3 Village-3,goat,22,12,1,40.7,,True,False,False,True,True,False,True,False,True,False,False,False,0.545,HIGH
3593,2026-07-25,Nashik,Nashik Block-1,Nashik Block-1 Village-1,sheep,1,0,2,38.1,Similar cases seen in neighbouring herd.,False,True,False,False,False,False,False,False,False,False,False,False,0.0,LOW
3594,2026-07-25,Sambhajinagar,Sambhajinagar Block-3,Sambhajinagar Block-3 Village-1,cattle,2,0,7,41.1,,True,False,False,False,False,True,False,False,True,False,False,False,0.0,LOW
3595,2026-07-25,Pune,Pune Block-1,Pune Block-1 Village-3,goat,1,0,3,40.0,Animals isolated as precaution.,True,False,False,True,False,True,True,False,False,False,False,False,0.0,LOW
3596,2026-07-25,Sambhajinagar,Sambhajinagar Block-3,Sambhajinagar Block-3 Village-3,cattle,4,0,5,,Reported by local field worker.,True,False,False,True,False,False,True,False,False,False,False,True,0.0,MEDIUM
3597,2026-07-25,Pune,Pune Block-1,Pune Block-1 Village-5,goat,3,0,6,38.1,,False,True,False,True,False,True,False,False,False,False,False,False,0.0,LOW
3598,2026-07-25,Kolhapur,Kolhapur Block-1,Kolhapur Block-1 Village-4,sheep,1,0,9,,Reported by local field worker.,True,False,True,False,False,False,False,False,False,False,False,False,0.0,LOW
3599,2026-07-25,Amravati,Amravati Block-1,Amravati Block-1 Village-1,buffalo,7,0,7,39.7,,True,True,True,False,True,False,False,False,False,False,False,False,0.0,LOW
3600,2026-07-25,Kolhapur,Kolhapur Block-1,Kolhapur Block-1 Village-3,cattle,3,0,3,38.3,,False,False,False,False,False,False,False,True,False,True,False,False,0.0,LOW
3601,2026-07-25,Nagpur,Nagpur Block-1,Nagpur Block-1 Village-4,cattle,1,0,4,39.1,Similar cases seen in neighbouring herd.,False,False,False,False,False,True,True,False,False,False,False,False,0.0,LOW
3602,2026-07-25,Pune,Pune Block-3,Pune Block-3 Village-5,poultry,4,1,2,38.8,Reported by local field worker.,False,True,False,False,False,True,True,False,True,False,False,False,0.25,MEDIUM
3603,2026-07-25,Amravati,Amravati Block-1,Amravati Block-1 Village-4,goat,3,0,3,,,True,True,False,False,True,False,True,False,False,False,False,False,0.0,LOW
3604,2026-07-25,Nashik,Nashik Block-3,Nashik Block-3 Village-4,goat,7,1,8,39.1,Farmer requested urgent visit.,False,True,False,False,True,False,True,False,False,False,False,False,0.143,LOW
3605,2026-07-25,Amravati,Amravati Block-1,Amravati Block-1 Village-4,cattle,1,0,3,41.3,Farmer requested urgent visit.,True,False,False,True,False,False,False,False,True,False,False,False,0.0,LOW
3606,2026-07-25,Amravati,Amravati Block-2,Amravati Block-2 Village-1,buffalo,3,0,5,,,False,False,True,False,True,False,False,True,False,False,False,False,0.0,LOW
3607,2026-07-25,Kolhapur,Kolhapur Block-3,Kolhapur Block-3 Village-2,sheep,4,0,7,39.0,,False,False,False,False,False,False,False,True,False,False,False,False,0.0,LOW
3608,2026-07-25,Kolhapur,Kolhapur Block-1,Kolhapur Block-1 Village-2,buffalo,1,0,8,38.1,Animals isolated as precaution.,False,False,False,True,False,False,False,True,False,True,False,False,0.0,LOW
3609,2026-07-25,Kolhapur,Kolhapur Block-3,Kolhapur Block-3 Village-2,sheep,8,1,5,39.5,Animals isolated as precaution.,True,True,False,False,False,False,False,False,False,False,False,True,0.125,HIGH
3610,2026-07-25,Nashik,Nashik Block-2,Nashik Block-2 Village-5,cattle,4,0,3,38.3,Farmer requested urgent visit.,False,True,False,False,False,True,False,False,False,False,False,False,0.0,LOW
3611,2026-07-25,Amravati,Amravati Block-1,Amravati Block-1 Village-1,goat,4,0,7,,Similar cases seen in neighbouring herd.,False,True,False,True,False,False,True,False,False,False,False,False,0.0,LOW
3612,2026-07-25,Pune,Pune Block-1,Pune Block-1 Village-2,cattle,1,0,7,37.7,,False,False,False,False,False,False,True,False,False,False,False,False,0.0,LOW
3613,2026-07-25,Kolhapur,Kolhapur Block-3,Kolhapur Block-3 Village-3,cattle,1,0,9,38.2,,False,False,False,False,False,False,False,False,False,True,False,False,0.0,LOW
3614,2026-07-25,Pune,Pune Block-1,Pune Block-1 Village-4,buffalo,3,0,6,40.7,Animals isolated as precaution.,True,True,False,False,False,False,False,False,False,False,False,False,0.0,LOW
3615,2026-07-25,Nagpur,Nagpur Block-2,Nagpur Block-2 Village-4,cattle,3,0,9,37.9,Similar cases seen in neighbouring herd.,False,False,True,False,False,False,True,False,False,False,False,False,0.0,LOW
3616,2026-07-25,Amravati,Amravati Block-1,Amravati Block-1 Village-3,sheep,6,1,3,38.3,,False,False,False,True,True,False,False,True,False,True,False,False,0.167,LOW
3617,2026-07-25,Sambhajinagar,Sambhajinagar Block-3,Sambhajinagar Block-3 Village-4,cattle,3,0,2,37.7,Animals isolated as precaution.,False,False,True,False,False,False,False,False,False,True,False,False,0.0,LOW
3618,2026-07-25,Kolhapur,Kolhapur Block-3,Kolhapur Block-3 Village-4,cattle,3,0,7,38.7,Animals isolated as precaution.,False,True,True,False,False,False,False,False,False,False,False,False,0.0,LOW
3619,2026-07-25,Sambhajinagar,Sambhajinagar Block-2,Sambhajinagar Block-2 Village-1,sheep,1,0,6,38.3,Farmer requested urgent visit.,False,False,False,True,False,False,False,False,False,True,False,False,0.0,LOW
3620,2026-07-25,Kolhapur,Kolhapur Block-2,Kolhapur Block-2 Village-2,poultry,2,0,6,38.2,,False,False,False,True,False,False,False,False,False,False,False,False,0.0,LOW
3621,2026-07-25,Kolhapur,Kolhapur Block-1,Kolhapur Block-1 Village-5,sheep,4,0,9,38.2,Farmer requested urgent visit.,False,True,False,False,False,False,False,False,False,False,False,False,0.0,LOW
3622,2026-07-26,Pune,Pune Block-1,Pune Block-1 Village-2,buffalo,6,1,8,,Reported by local field worker.,True,False,False,False,False,False,False,False,True,False,False,False,0.167,LOW
3623,2026-07-26,Kolhapur,Kolhapur Block-3,Kolhapur Block-3 Village-1,buffalo,5,1,1,38.4,Reported by local field worker.,False,False,False,True,False,False,False,False,False,False,False,False,0.2,LOW
3624,2026-07-26,Amravati,Amravati Block-2,Amravati Block-2 Village-3,goat,1,0,4,,,False,True,False,False,False,False,False,False,True,False,False,False,0.0,LOW
3625,2026-07-26,Sambhajinagar,Sambhajinagar Block-2,Sambhajinagar Block-2 Village-1,cattle,2,0,7,38.4,,False,True,True,False,False,True,False,False,True,True,False,False,0.0,LOW
3626,2026-07-26,Amravati,Amravati Block-2,Amravati Block-2 Village-3,cattle,13,5,2,,,False,True,False,True,False,False,True,False,False,False,False,False,0.385,HIGH
3627,2026-07-26,Nagpur,Nagpur Block-2,Nagpur Block-2 Village-1,goat,13,5,2,39.8,,True,False,False,True,False,True,False,False,False,False,False,False,0.385,MEDIUM
3628,2026-07-26,Amravati,Amravati Block-3,Amravati Block-3 Village-5,goat,2,0,7,38.0,Animals isolated as precaution.,False,False,False,True,False,False,False,False,False,False,False,False,0.0,LOW
3629,2026-07-26,Sambhajinagar,Sambhajinagar Block-3,Sambhajinagar Block-3 Village-1,goat,1,0,3,37.8,Reported by local field worker.,False,True,False,False,False,False,False,False,False,False,False,False,0.0,LOW
3630,2026-07-26,Pune,Pune Block-3,Pune Block-3 Village-1,cattle,3,0,7,,Animals isolated as precaution.,False,False,True,False,False,False,True,False,False,False,False,False,0.0,LOW
3631,2026-07-26,Amravati,Amravati Block-3,Amravati Block-3 Village-4,cattle,4,0,2,,,False,False,True,False,False,False,False,True,True,False,False,False,0.0,LOW
3632,2026-07-26,Nashik,Nashik Block-3,Nashik Block-3 Village-1,cattle,3,0,7,,,True,False,False,False,False,False,False,False,False,False,False,False,0.0,LOW
3633,2026-07-26,Nagpur,Nagpur Block-3,Nagpur Block-3 Village-5,sheep,2,0,6,37.9,Animals isolated as precaution.,False,True,False,False,False,False,False,True,False,True,False,False,0.0,LOW
3634,2026-07-26,Pune,Pune Block-1,Pune Block-1 Village-3,goat,2,0,9,41.5,Similar cases seen in neighbouring herd.,True,False,False,True,True,True,True,False,False,False,False,False,0.0,LOW
3635,2026-07-26,Pune,Pune Block-2,Pune Block-2 Village-2,cattle,1,0,3,40.1,,True,False,True,True,False,True,False,False,False,False,False,False,0.0,LOW
3636,2026-07-26,Kolhapur,Kolhapur Block-2,Kolhapur Block-2 Village-1,poultry,8,1,3,,,True,False,True,True,False,False,True,False,False,False,False,False,0.125,LOW
3637,2026-07-26,Nagpur,Nagpur Block-2,Nagpur Block-2 Village-1,cattle,2,0,1,,,False,True,False,False,True,False,False,False,False,False,False,False,0.0,LOW
3638,2026-07-26,Nagpur,Nagpur Block-3,Nagpur Block-3 Village-1,poultry,4,0,5,39.1,Similar cases seen in neighbouring herd.,False,False,False,True,True,False,False,False,False,True,False,False,0.0,LOW
3639,2026-07-26,Amravati,Amravati Block-1,Amravati Block-1 Village-5,cattle,3,0,5,,Animals isolated as precaution.,True,True,False,False,False,False,True,True,False,False,False,False,0.0,LOW
3640,2026-07-26,Sambhajinagar,Sambhajinagar Block-2,Sambhajinagar Block-2 Village-2,cattle,8,1,4,38.6,Reported by local field worker.,False,True,False,True,False,False,False,False,False,False,False,False,0.125,LOW
3641,2026-07-26,Sambhajinagar,Sambhajinagar Block-2,Sambhajinagar Block-2 Village-3,goat,1,0,9,37.8,,False,False,False,True,False,False,False,False,False,False,False,False,0.0,LOW
3642,2026-07-26,Sambhajinagar,Sambhajinagar Block-1,Sambhajinagar Block-1 Village-2,buffalo,2,0,9,38.2,Similar cases seen in neighbouring herd.,False,False,True,False,False,False,False,False,False,False,False,False,0.0,LOW
3643,2026-07-26,Nagpur,Nagpur Block-1,Nagpur Block-1 Village-1,buffalo,1,0,3,,Similar cases seen in neighbouring herd.,True,False,False,True,False,False,True,False,False,False,False,False,0.0,LOW
3644,2026-07-26,Nashik,Nashik Block-1,Nashik Block-1 Village-2,goat,4,0,8,39.1,Animals isolated as precaution.,False,False,False,False,False,False,False,False,False,True,False,False,0.0,LOW
3645,2026-07-26,Pune,Pune Block-1,Pune Block-1 Village-4,buffalo,1,0,6,,,False,False,True,False,False,False,False,False,False,False,False,False,0.0,LOW
3646,2026-07-26,Nashik,Nashik Block-2,Nashik Block-2 Village-4,cattle,4,0,8,37.8,,False,False,True,False,False,False,False,False,False,False,False,False,0.0,LOW
3647,2026-07-26,Nagpur,Nagpur Block-2,Nagpur Block-2 Village-5,poultry,3,0,1,38.0,Reported by local field worker.,False,False,False,True,True,True,False,False,False,False,False,False,0.0,LOW
3648,2026-07-26,Sambhajinagar,Sambhajinagar Block-1,Sambhajinagar Block-1 Village-4,goat,3,0,5,,Animals isolated as precaution.,False,False,False,False,False,False,False,True,False,False,False,False,0.0,LOW
3649,2026-07-26,Sambhajinagar,Sambhajinagar Block-1,Sambhajinagar Block-1 Village-5,buffalo,1,0,6,39.8,Reported by local field worker.,True,False,False,True,False,False,False,False,True,False,False,False,0.0,LOW
3650,2026-07-26,Nagpur,Nagpur Block-3,Nagpur Block-3 Village-4,sheep,2,0,4,41.5,Animals isolated as precaution.,True,False,False,False,False,False,False,False,False,False,False,False,0.0,LOW
3651,2026-07-26,Pune,Pune Block-3,Pune Block-3 Village-1,buffalo,4,1,2,38.2,,False,True,False,True,False,False,False,False,False,False,False,False,0.25,LOW
3652,2026-07-26,Nashik,Nashik Block-1,Nashik Block-1 Village-1,cattle,3,0,6,38.7,Animals isolated as precaution.,False,False,False,False,False,False,True,False,False,False,False,False,0.0,LOW
3653,2026-07-26,Kolhapur,Kolhapur Block-2,Kolhapur Block-2 Village-2,cattle,9,1,4,,,True,False,False,False,False,True,False,False,False,False,False,False,0.111,LOW
3654,2026-07-26,Nashik,Nashik Block-2,Nashik Block-2 Village-2,buffalo,16,3,3,,,True,True,False,True,False,True,True,False,False,False,False,False,0.188,MEDIUM
3655,2026-07-26,Nashik,Nashik Block-1,Nashik Block-1 Village-1,cattle,2,0,6,,Farmer requested urgent visit.,False,True,False,False,True,True,False,True,False,False,False,False,0.0,LOW
3656,2026-07-26,Sambhajinagar,Sambhajinagar Block-2,Sambhajinagar Block-2 Village-4,goat,3,0,7,38.3,Reported by local field worker.,False,False,False,False,False,False,False,False,True,False,False,False,0.0,LOW
3657,2026-07-26,Amravati,Amravati Block-3,Amravati Block-3 Village-5,cattle,20,3,1,40.2,,True,True,False,True,True,False,False,False,True,False,False,False,0.15,MEDIUM
3658,2026-07-26,Nashik,Nashik Block-2,Nashik Block-2 Village-1,goat,2,0,8,38.0,Farmer requested urgent visit.,False,False,False,False,False,True,False,True,False,True,False,False,0.0,LOW
3659,2026-07-26,Pune,Pune Block-1,Pune Block-1 Village-2,buffalo,2,0,8,37.9,Similar cases seen in neighbouring herd.,False,False,False,False,False,False,True,False,False,False,False,True,0.0,MEDIUM
3660,2026-07-26,Kolhapur,Kolhapur Block-2,Kolhapur Block-2 Village-3,buffalo,4,0,3,38.3,,False,False,False,False,False,False,False,False,True,False,False,False,0.0,LOW
3661,2026-07-26,Kolhapur,Kolhapur Block-1,Kolhapur Block-1 Village-4,goat,4,0,5,39.0,,False,False,False,False,True,False,False,False,False,False,False,False,0.0,LOW
3662,2026-07-26,Amravati,Amravati Block-3,Amravati Block-3 Village-2,sheep,3,0,9,41.1,,True,False,False,False,False,True,False,False,False,False,True,False,0.0,MEDIUM
3663,2026-07-26,Amravati,Amravati Block-3,Amravati Block-3 Village-2,poultry,7,1,4,,Reported by local field worker.,False,False,True,False,False,False,True,False,False,False,False,False,0.143,LOW
3664,2026-07-26,Kolhapur,Kolhapur Block-2,Kolhapur Block-2 Village-4,buffalo,2,0,7,41.1,Farmer requested urgent visit.,True,False,True,False,False,True,False,False,False,False,False,False,0.0,LOW
3665,2026-07-26,Amravati,Amravati Block-3,Amravati Block-3 Village-3,poultry,2,0,1,38.1,Similar cases seen in neighbouring herd.,False,False,False,False,True,False,False,False,False,False,False,False,0.0,LOW
3666,2026-07-26,Sambhajinagar,Sambhajinagar Block-3,Sambhajinagar Block-3 Village-3,goat,2,0,7,,,True,False,False,False,False,True,False,False,False,False,False,False,0.0,LOW
3667,2026-07-26,Nashik,Nashik Block-2,Nashik Block-2 Village-3,goat,1,0,9,38.6,Animals isolated as precaution.,False,False,False,True,False,False,False,False,False,False,False,False,0.0,LOW
3668,2026-07-27,Pune,Pune Block-3,Pune Block-3 Village-4,buffalo,1,0,6,37.7,,False,False,False,False,True,False,True,True,False,False,False,False,0.0,LOW
3669,2026-07-27,Amravati,Amravati Block-2,Amravati Block-2 Village-1,goat,1,0,2,38.4,Farmer requested urgent visit.,False,True,False,False,True,True,True,False,False,False,False,False,0.0,LOW
3670,2026-07-27,Amravati,Amravati Block-3,Amravati Block-3 Village-3,goat,8,0,1,39.1,Animals isolated as precaution.,False,False,True,False,True,False,True,False,False,False,False,False,0.0,LOW
3671,2026-07-27,Nagpur,Nagpur Block-3,Nagpur Block-3 Village-3,sheep,3,0,8,,,False,False,False,False,True,True,False,False,False,False,False,False,0.0,LOW
3672,2026-07-27,Sambhajinagar,Sambhajinagar Block-2,Sambhajinagar Block-2 Village-5,cattle,6,0,5,38.8,,False,False,True,False,False,False,False,True,False,False,False,False,0.0,LOW
3673,2026-07-27,Kolhapur,Kolhapur Block-3,Kolhapur Block-3 Village-1,goat,9,1,9,38.1,Animals isolated as precaution.,False,True,False,True,False,True,False,False,True,False,False,False,0.111,MEDIUM
3674,2026-07-27,Pune,Pune Block-1,Pune Block-1 Village-3,poultry,10,3,3,,Animals isolated as precaution.,True,True,False,True,True,True,False,True,False,False,False,False,0.3,MEDIUM
3675,2026-07-27,Nagpur,Nagpur Block-2,Nagpur Block-2 Village-1,cattle,3,0,2,38.4,Farmer requested urgent visit.,False,False,False,False,True,False,False,False,False,False,False,False,0.0,LOW
3676,2026-07-27,Nagpur,Nagpur Block-1,Nagpur Block-1 Village-2,cattle,4,0,1,38.7,Farmer requested urgent visit.,False,True,False,False,False,False,True,False,False,False,False,False,0.0,LOW
3677,2026-07-27,Nashik,Nashik Block-3,Nashik Block-3 Village-2,cattle,2,0,1,38.6,Similar cases seen in neighbouring herd.,False,True,False,False,False,False,False,False,False,False,False,False,0.0,LOW
3678,2026-07-27,Amravati,Amravati Block-1,Amravati Block-1 Village-3,buffalo,3,0,6,41.0,,True,False,False,True,False,False,False,False,False,False,False,False,0.0,LOW
3679,2026-07-27,Pune,Pune Block-1,Pune Block-1 Village-2,cattle,1,0,9,38.2,Farmer requested urgent visit.,False,False,False,False,False,False,False,False,True,False,False,False,0.0,LOW
3680,2026-07-27,Amravati,Amravati Block-2,Amravati Block-2 Village-5,poultry,3,0,1,40.1,,True,True,False,False,False,True,False,False,False,False,False,False,0.0,LOW
3681,2026-07-27,Amravati,Amravati Block-3,Amravati Block-3 Village-2,goat,2,0,8,39.4,Reported by local field worker.,True,False,False,False,False,False,False,False,False,False,False,False,0.0,LOW
3682,2026-07-27,Sambhajinagar,Sambhajinagar Block-3,Sambhajinagar Block-3 Village-1,goat,1,0,9,39.6,Farmer requested urgent visit.,True,False,False,False,True,False,False,False,False,False,False,False,0.0,LOW
3683,2026-07-27,Kolhapur,Kolhapur Block-3,Kolhapur Block-3 Village-1,goat,5,1,4,40.4,Farmer requested urgent visit.,True,False,True,True,False,True,False,False,False,False,False,False,0.2,LOW
3684,2026-07-27,Nashik,Nashik Block-1,Nashik Block-1 Village-5,buffalo,2,0,9,38.3,,False,False,False,False,False,False,False,False,False,True,False,False,0.0,LOW
3685,2026-07-27,Nashik,Nashik Block-2,Nashik Block-2 Village-5,poultry,4,0,7,,Similar cases seen in neighbouring herd.,False,False,False,False,False,False,True,False,False,False,False,False,0.0,LOW
3686,2026-07-27,Nagpur,Nagpur Block-2,Nagpur Block-2 Village-3,goat,3,0,6,,Animals isolated as precaution.,True,True,False,False,False,False,False,True,False,False,False,True,0.0,MEDIUM
3687,2026-07-27,Nagpur,Nagpur Block-1,Nagpur Block-1 Village-1,buffalo,11,3,3,40.3,,True,True,True,True,False,True,False,True,False,False,False,False,0.273,MEDIUM
3688,2026-07-27,Pune,Pune Block-2,Pune Block-2 Village-3,goat,1,0,1,38.3,,False,False,False,False,False,False,False,False,False,False,True,False,0.0,LOW
3689,2026-07-27,Amravati,Amravati Block-3,Amravati Block-3 Village-4,cattle,4,0,2,,Farmer requested urgent visit.,False,True,False,False,False,False,False,False,False,False,False,False,0.0,LOW
3690,2026-07-27,Amravati,Amravati Block-2,Amravati Block-2 Village-3,cattle,2,0,7,39.0,Farmer requested urgent visit.,False,False,False,False,False,False,True,False,False,False,False,False,0.0,LOW
3691,2026-07-27,Amravati,Amravati Block-2,Amravati Block-2 Village-1,cattle,3,0,1,,Farmer requested urgent visit.,True,False,False,True,False,False,False,False,False,False,False,False,0.0,LOW
3692,2026-07-27,Kolhapur,Kolhapur Block-2,Kolhapur Block-2 Village-4,sheep,3,1,9,38.0,,False,False,False,False,True,False,False,False,False,False,False,False,0.333,LOW
3693,2026-07-27,Nashik,Nashik Block-3,Nashik Block-3 Village-2,sheep,3,0,7,38.5,Similar cases seen in neighbouring herd.,False,False,False,False,False,False,False,False,False,False,False,True,0.0,MEDIUM
3694,2026-07-27,Sambhajinagar,Sambhajinagar Block-1,Sambhajinagar Block-1 Village-3,goat,2,0,9,38.1,Animals isolated as precaution.,False,True,False,True,False,False,True,False,False,False,False,False,0.0,LOW
3695,2026-07-27,Nashik,Nashik Block-2,Nashik Block-2 Village-2,cattle,6,2,2,41.2,Farmer requested urgent visit.,True,True,True,True,True,True,False,False,False,True,True,False,0.333,HIGH
3696,2026-07-27,Pune,Pune Block-2,Pune Block-2 Village-4,goat,2,0,5,37.8,,False,False,True,False,False,False,False,False,False,False,False,False,0.0,LOW
3697,2026-07-27,Amravati,Amravati Block-2,Amravati Block-2 Village-4,goat,4,0,2,39.1,,False,True,False,False,True,True,False,False,True,False,False,False,0.0,LOW
3698,2026-07-27,Kolhapur,Kolhapur Block-1,Kolhapur Block-1 Village-3,cattle,3,0,8,,Farmer requested urgent visit.,False,True,True,False,False,False,False,False,False,False,False,False,0.0,LOW
3699,2026-07-27,Amravati,Amravati Block-2,Amravati Block-2 Village-5,buffalo,3,0,9,40.5,,True,False,False,False,True,False,False,False,False,False,False,False,0.0,LOW
3700,2026-07-27,Sambhajinagar,Sambhajinagar Block-3,Sambhajinagar Block-3 Village-4,cattle,3,0,5,,Animals isolated as precaution.,False,True,False,True,True,True,False,False,False,False,False,False,0.0,LOW
3701,2026-07-27,Nashik,Nashik Block-3,Nashik Block-3 Village-4,cattle,2,0,7,,,False,False,False,False,False,False,False,False,False,True,False,False,0.0,LOW
3702,2026-07-27,Amravati,Amravati Block-1,Amravati Block-1 Village-1,goat,3,0,9,39.1,,False,False,False,False,True,False,False,False,False,False,False,False,0.0,LOW
3703,2026-07-27,Nagpur,Nagpur Block-3,Nagpur Block-3 Village-4,buffalo,2,0,5,38.8,Similar cases seen in neighbouring herd.,False,False,False,True,False,False,False,False,True,False,False,False,0.0,LOW
3704,2026-07-27,Nagpur,Nagpur Block-3,Nagpur Block-3 Village-3,goat,4,0,7,39.5,,True,False,False,False,False,True,True,False,False,False,False,False,0.0,LOW
3705,2026-07-27,Sambhajinagar,Sambhajinagar Block-1,Sambhajinagar Block-1 Village-3,cattle,3,0,1,,,False,True,False,False,False,True,False,False,False,False,False,False,0.0,LOW
3706,2026-07-27,Pune,Pune Block-2,Pune Block-2 Village-4,buffalo,4,0,8,,Reported by local field worker.,False,False,False,False,False,True,False,True,False,False,False,False,0.0,LOW
3707,2026-07-27,Sambhajinagar,Sambhajinagar Block-3,Sambhajinagar Block-3 Village-1,buffalo,1,0,1,,,False,False,True,True,False,False,False,False,False,False,False,False,0.0,LOW
3708,2026-07-28,Kolhapur,Kolhapur Block-2,Kolhapur Block-2 Village-1,cattle,2,0,8,39.2,,False,False,False,False,False,False,True,False,False,False,False,False,0.0,LOW
3709,2026-07-28,Amravati,Amravati Block-2,Amravati Block-2 Village-4,sheep,7,1,2,,Similar cases seen in neighbouring herd.,False,False,False,True,False,False,False,False,False,False,False,False,0.143,LOW
3710,2026-07-28,Sambhajinagar,Sambhajinagar Block-3,Sambhajinagar Block-3 Village-4,goat,4,0,7,38.6,,False,True,True,False,False,False,False,False,False,False,False,False,0.0,LOW
3711,2026-07-28,Nagpur,Nagpur Block-2,Nagpur Block-2 Village-5,cattle,3,0,4,,Animals isolated as precaution.,False,True,False,False,False,True,False,False,False,False,False,False,0.0,LOW
3712,2026-07-28,Nashik,Nashik Block-3,Nashik Block-3 Village-1,goat,18,6,1,,,True,True,True,True,False,False,False,False,False,False,False,False,0.333,HIGH
3713,2026-07-28,Kolhapur,Kolhapur Block-2,Kolhapur Block-2 Village-4,cattle,8,1,5,40.9,Similar cases seen in neighbouring herd.,True,False,False,True,False,False,True,False,False,False,False,False,0.125,LOW
3714,2026-07-28,Amravati,Amravati Block-3,Amravati Block-3 Village-2,cattle,4,0,4,,,False,False,False,False,False,False,False,False,True,False,False,False,0.0,LOW
3715,2026-07-28,Kolhapur,Kolhapur Block-2,Kolhapur Block-2 Village-5,sheep,1,0,5,38.6,Reported by local field worker.,False,False,True,True,False,False,True,False,False,False,False,False,0.0,LOW
3716,2026-07-28,Amravati,Amravati Block-2,Amravati Block-2 Village-4,cattle,1,0,9,39.6,Animals isolated as precaution.,True,True,False,False,True,False,True,False,False,False,False,False,0.0,LOW
3717,2026-07-28,Pune,Pune Block-3,Pune Block-3 Village-2,cattle,4,0,8,,Animals isolated as precaution.,False,False,True,False,False,False,False,False,False,False,False,False,0.0,LOW
3718,2026-07-28,Kolhapur,Kolhapur Block-2,Kolhapur Block-2 Village-1,goat,4,0,5,,Farmer requested urgent visit.,False,False,False,False,False,False,True,False,False,False,False,False,0.0,LOW
3719,2026-07-28,Kolhapur,Kolhapur Block-3,Kolhapur Block-3 Village-5,poultry,7,1,8,38.6,Farmer requested urgent visit.,False,True,False,True,False,True,False,False,False,False,False,False,0.143,LOW
3720,2026-07-28,Pune,Pune Block-1,Pune Block-1 Village-4,poultry,2,0,5,38.1,Reported by local field worker.,False,False,True,True,False,True,True,False,False,False,False,False,0.0,LOW
3721,2026-07-28,Nagpur,Nagpur Block-1,Nagpur Block-1 Village-3,poultry,3,0,2,39.4,Reported by local field worker.,True,False,False,True,False,False,True,False,False,False,False,False,0.0,LOW
3722,2026-07-28,Pune,Pune Block-1,Pune Block-1 Village-5,cattle,1,0,1,38.9,,False,False,True,False,True,False,False,False,False,True,False,False,0.0,LOW
3723,2026-07-28,Sambhajinagar,Sambhajinagar Block-1,Sambhajinagar Block-1 Village-3,cattle,4,0,4,37.6,Farmer requested urgent visit.,False,False,False,False,False,False,True,False,False,False,False,False,0.0,LOW
3724,2026-07-28,Nagpur,Nagpur Block-3,Nagpur Block-3 Village-4,poultry,3,0,3,38.1,,False,True,False,False,False,False,False,False,False,False,False,False,0.0,LOW
3725,2026-07-28,Pune,Pune Block-1,Pune Block-1 Village-1,buffalo,1,0,3,,,True,True,False,True,False,False,False,False,False,False,False,False,0.0,LOW
3726,2026-07-28,Nashik,Nashik Block-2,Nashik Block-2 Village-5,cattle,4,1,7,39.9,,True,True,False,False,True,True,False,False,False,False,False,False,0.25,LOW
3727,2026-07-28,Pune,Pune Block-2,Pune Block-2 Village-2,cattle,4,0,5,40.0,Farmer requested urgent visit.,True,True,False,False,False,False,False,False,False,True,False,False,0.0,LOW
3728,2026-07-28,Pune,Pune Block-1,Pune Block-1 Village-4,cattle,4,0,4,40.3,Farmer requested urgent visit.,True,False,False,True,False,False,False,False,False,False,False,False,0.0,LOW
3729,2026-07-28,Amravati,Amravati Block-1,Amravati Block-1 Village-5,sheep,4,0,2,,Farmer requested urgent visit.,True,False,False,False,False,False,False,False,False,False,True,False,0.0,MEDIUM
3730,2026-07-28,Sambhajinagar,Sambhajinagar Block-3,Sambhajinagar Block-3 Village-2,sheep,7,0,5,37.7,,False,False,True,False,False,False,False,False,False,False,False,False,0.0,LOW
3731,2026-07-28,Sambhajinagar,Sambhajinagar Block-2,Sambhajinagar Block-2 Village-1,cattle,3,0,4,,Farmer requested urgent visit.,False,False,False,False,False,False,False,False,True,False,False,False,0.0,LOW
3732,2026-07-28,Sambhajinagar,Sambhajinagar Block-3,Sambhajinagar Block-3 Village-5,goat,4,0,1,38.0,,False,True,False,False,False,False,False,False,False,False,False,False,0.0,LOW
3733,2026-07-28,Kolhapur,Kolhapur Block-2,Kolhapur Block-2 Village-2,goat,1,0,4,,,True,False,False,False,False,False,True,False,False,False,False,False,0.0,LOW
3734,2026-07-28,Nashik,Nashik Block-2,Nashik Block-2 Village-3,buffalo,2,0,6,,Animals isolated as precaution.,True,False,False,False,True,False,False,False,True,False,False,False,0.0,LOW
3735,2026-07-28,Kolhapur,Kolhapur Block-1,Kolhapur Block-1 Village-4,buffalo,1,0,3,,Similar cases seen in neighbouring herd.,False,False,True,True,False,False,False,False,False,False,False,False,0.0,LOW
3736,2026-07-28,Pune,Pune Block-2,Pune Block-2 Village-3,poultry,2,0,3,39.1,Farmer requested urgent visit.,False,False,False,False,False,False,False,False,True,False,False,False,0.0,LOW
3737,2026-07-28,Kolhapur,Kolhapur Block-1,Kolhapur Block-1 Village-4,goat,9,1,1,,,True,True,True,False,False,False,False,False,False,False,False,False,0.111,LOW
3738,2026-07-28,Amravati,Amravati Block-3,Amravati Block-3 Village-3,goat,2,0,8,,Reported by local field worker.,True,False,False,False,False,False,True,False,False,False,False,False,0.0,LOW
3739,2026-07-28,Amravati,Amravati Block-1,Amravati Block-1 Village-3,cattle,4,0,1,41.5,,True,False,True,False,True,False,False,False,False,False,False,False,0.0,LOW
3740,2026-07-28,Kolhapur,Kolhapur Block-3,Kolhapur Block-3 Village-2,sheep,4,1,7,37.7,,False,False,True,True,False,False,False,False,False,False,False,False,0.25,MEDIUM
3741,2026-07-28,Nashik,Nashik Block-2,Nashik Block-2 Village-2,goat,1,0,7,40.0,Farmer requested urgent visit.,True,False,True,False,False,True,True,False,False,False,False,False,0.0,LOW
3742,2026-07-28,Pune,Pune Block-2,Pune Block-2 Village-3,cattle,3,0,1,,,True,True,False,False,False,False,False,True,False,False,False,False,0.0,LOW
3743,2026-07-28,Nagpur,Nagpur Block-1,Nagpur Block-1 Village-4,buffalo,4,0,6,38.5,Farmer requested urgent visit.,False,True,False,False,False,False,False,False,False,False,False,False,0.0,LOW
3744,2026-07-28,Pune,Pune Block-3,Pune Block-3 Village-4,goat,3,0,7,39.6,Animals isolated as precaution.,True,False,True,False,False,False,False,False,False,False,False,False,0.0,LOW
3745,2026-07-28,Kolhapur,Kolhapur Block-1,Kolhapur Block-1 Village-2,cattle,2,0,2,38.4,Reported by local field worker.,False,False,False,False,False,False,True,False,False,False,False,False,0.0,LOW
3746,2026-07-28,Amravati,Amravati Block-3,Amravati Block-3 Village-2,buffalo,3,0,8,37.7,,False,False,False,False,True,True,False,False,False,False,False,False,0.0,LOW
3747,2026-07-28,Nagpur,Nagpur Block-1,Nagpur Block-1 Village-4,cattle,2,0,2,38.4,Reported by local field worker.,False,True,False,False,True,True,False,False,False,False,False,False,0.0,LOW
3748,2026-07-28,Pune,Pune Block-2,Pune Block-2 Village-5,goat,3,0,1,38.1,Farmer requested urgent visit.,False,False,False,False,False,False,False,True,False,False,False,False,0.0,LOW
3749,2026-07-28,Kolhapur,Kolhapur Block-3,Kolhapur Block-3 Village-5,sheep,3,0,2,38.3,Similar cases seen in neighbouring herd.,False,False,True,False,True,False,False,False,False,False,False,False,0.0,LOW
3750,2026-07-28,Pune,Pune Block-1,Pune Block-1 Village-1,goat,3,0,3,39.7,,True,False,False,False,False,False,False,False,False,False,False,False,0.0,LOW
3751,2026-07-28,Amravati,Amravati Block-1,Amravati Block-1 Village-4,cattle,6,3,1,40.4,Animals isolated as precaution.,True,True,False,True,False,True,True,True,True,False,False,False,0.5,HIGH
3752,2026-07-28,Pune,Pune Block-1,Pune Block-1 Village-5,cattle,4,0,2,37.6,Similar cases seen in neighbouring herd.,False,False,True,True,False,False,False,False,True,False,False,False,0.0,LOW
3753,2026-07-28,Nagpur,Nagpur Block-2,Nagpur Block-2 Village-1,buffalo,3,0,2,39.9,,True,False,False,False,False,False,False,False,True,False,False,False,0.0,LOW
3754,2026-07-29,Pune,Pune Block-2,Pune Block-2 Village-2,sheep,3,0,9,37.7,,False,False,True,False,False,False,False,False,False,False,False,False,0.0,LOW
3755,2026-07-29,Sambhajinagar,Sambhajinagar Block-2,Sambhajinagar Block-2 Village-1,sheep,2,0,5,,,True,True,False,False,False,False,False,False,False,False,False,False,0.0,LOW
3756,2026-07-29,Amravati,Amravati Block-1,Amravati Block-1 Village-1,poultry,2,0,7,41.5,Similar cases seen in neighbouring herd.,True,False,True,True,False,False,False,False,False,False,False,True,0.0,MEDIUM
3757,2026-07-29,Nashik,Nashik Block-1,Nashik Block-1 Village-1,goat,6,1,8,,,True,False,True,False,False,False,True,False,False,False,False,False,0.167,LOW
3758,2026-07-29,Sambhajinagar,Sambhajinagar Block-3,Sambhajinagar Block-3 Village-3,cattle,4,0,6,,Similar cases seen in neighbouring herd.,False,True,False,True,False,False,False,False,False,False,False,False,0.0,LOW
3759,2026-07-29,Kolhapur,Kolhapur Block-3,Kolhapur Block-3 Village-2,cattle,4,0,2,40.8,Farmer requested urgent visit.,True,False,False,False,False,False,False,False,False,False,False,False,0.0,LOW
3760,2026-07-29,Kolhapur,Kolhapur Block-3,Kolhapur Block-3 Village-1,buffalo,18,3,3,,Similar cases seen in neighbouring herd.,True,True,False,True,True,False,False,False,False,False,False,False,0.167,MEDIUM
3761,2026-07-29,Sambhajinagar,Sambhajinagar Block-2,Sambhajinagar Block-2 Village-1,cattle,16,7,2,39.4,,True,True,True,True,True,True,False,False,False,False,False,False,0.438,HIGH
3762,2026-07-29,Nashik,Nashik Block-1,Nashik Block-1 Village-2,poultry,4,0,2,38.9,Reported by local field worker.,False,False,False,True,False,False,False,False,False,False,False,False,0.0,LOW
3763,2026-07-29,Pune,Pune Block-1,Pune Block-1 Village-1,buffalo,4,0,7,38.1,Similar cases seen in neighbouring herd.,False,False,True,False,True,False,True,False,False,False,False,False,0.0,LOW
3764,2026-07-29,Sambhajinagar,Sambhajinagar Block-1,Sambhajinagar Block-1 Village-2,sheep,2,0,3,,,True,True,False,False,False,False,False,False,False,False,False,False,0.0,LOW
3765,2026-07-29,Kolhapur,Kolhapur Block-1,Kolhapur Block-1 Village-5,buffalo,4,0,5,37.8,Reported by local field worker.,False,True,False,False,False,False,False,False,False,False,False,False,0.0,LOW
3766,2026-07-29,Kolhapur,Kolhapur Block-2,Kolhapur Block-2 Village-1,buffalo,1,0,5,39.0,Similar cases seen in neighbouring herd.,False,True,False,False,False,False,False,False,False,False,False,False,0.0,LOW
3767,2026-07-29,Amravati,Amravati Block-1,Amravati Block-1 Village-4,cattle,2,0,8,37.8,Similar cases seen in neighbouring herd.,False,False,False,False,True,False,False,False,False,False,False,False,0.0,LOW
3768,2026-07-29,Pune,Pune Block-1,Pune Block-1 Village-4,cattle,3,0,1,41.1,Animals isolated as precaution.,True,False,False,False,True,False,False,False,False,False,False,False,0.0,LOW
3769,2026-07-29,Sambhajinagar,Sambhajinagar Block-1,Sambhajinagar Block-1 Village-3,cattle,2,0,6,39.6,,True,False,True,False,False,False,False,False,False,False,False,False,0.0,LOW
3770,2026-07-29,Pune,Pune Block-1,Pune Block-1 Village-5,cattle,3,0,2,40.2,,True,False,False,False,False,False,False,False,False,False,False,False,0.0,LOW
3771,2026-07-29,Amravati,Amravati Block-1,Amravati Block-1 Village-2,cattle,5,1,6,41.2,Reported by local field worker.,True,False,False,False,False,True,True,False,False,False,False,False,0.2,LOW
3772,2026-07-29,Amravati,Amravati Block-2,Amravati Block-2 Village-1,sheep,2,0,2,,Farmer requested urgent visit.,False,True,True,False,True,False,False,False,False,False,False,False,0.0,LOW
3773,2026-07-29,Nagpur,Nagpur Block-2,Nagpur Block-2 Village-3,goat,1,0,9,39.4,,True,True,False,False,True,False,False,False,False,False,False,False,0.0,LOW
3774,2026-07-29,Nagpur,Nagpur Block-2,Nagpur Block-2 Village-1,sheep,4,0,5,,Farmer requested urgent visit.,False,True,False,True,False,False,False,True,False,False,False,False,0.0,LOW
3775,2026-07-29,Pune,Pune Block-1,Pune Block-1 Village-1,cattle,2,0,2,,Similar cases seen in neighbouring herd.,True,True,False,True,False,False,False,False,False,False,False,False,0.0,LOW
3776,2026-07-29,Kolhapur,Kolhapur Block-1,Kolhapur Block-1 Village-3,buffalo,4,0,4,37.7,,False,False,False,True,False,False,False,False,False,False,False,True,0.0,MEDIUM
3777,2026-07-29,Nagpur,Nagpur Block-2,Nagpur Block-2 Village-3,goat,3,0,6,38.6,,False,False,False,False,False,False,False,False,False,False,False,True,0.0,LOW
3778,2026-07-29,Nashik,Nashik Block-2,Nashik Block-2 Village-4,sheep,2,0,8,,Farmer requested urgent visit.,False,False,False,True,True,False,False,False,False,False,True,False,0.0,LOW
3779,2026-07-29,Sambhajinagar,Sambhajinagar Block-2,Sambhajinagar Block-2 Village-4,sheep,5,0,6,39.8,Reported by local field worker.,True,False,True,True,False,False,False,False,True,True,False,False,0.0,LOW
3780,2026-07-29,Amravati,Amravati Block-3,Amravati Block-3 Village-3,buffalo,4,0,9,38.5,,False,False,False,False,False,True,False,False,False,False,False,False,0.0,LOW
3781,2026-07-29,Sambhajinagar,Sambhajinagar Block-1,Sambhajinagar Block-1 Village-1,cattle,5,1,9,40.4,Animals isolated as precaution.,True,True,False,True,False,False,False,True,False,False,False,False,0.2,LOW
3782,2026-07-29,Sambhajinagar,Sambhajinagar Block-2,Sambhajinagar Block-2 Village-2,sheep,3,0,9,,Animals isolated as precaution.,False,False,False,True,False,False,False,False,False,False,False,False,0.0,LOW
3783,2026-07-29,Pune,Pune Block-3,Pune Block-3 Village-2,buffalo,9,1,2,39.8,Reported by local field worker.,True,True,False,True,True,False,True,False,False,False,False,False,0.111,LOW
3784,2026-07-29,Nagpur,Nagpur Block-2,Nagpur Block-2 Village-3,goat,2,0,5,,,False,True,False,True,False,False,False,False,False,False,False,False,0.0,LOW
3785,2026-07-29,Pune,Pune Block-1,Pune Block-1 Village-5,sheep,4,0,5,,Animals isolated as precaution.,True,True,True,False,False,True,False,False,True,False,False,False,0.0,LOW
3786,2026-07-29,Nashik,Nashik Block-2,Nashik Block-2 Village-2,buffalo,2,0,4,40.5,,True,False,False,False,False,False,False,False,False,False,False,False,0.0,LOW
3787,2026-07-29,Pune,Pune Block-2,Pune Block-2 Village-3,buffalo,1,0,4,38.1,Similar cases seen in neighbouring herd.,False,True,False,False,False,True,False,False,False,False,False,False,0.0,LOW
3788,2026-07-29,Sambhajinagar,Sambhajinagar Block-1,Sambhajinagar Block-1 Village-1,goat,2,0,4,,Similar cases seen in neighbouring herd.,False,False,True,True,False,False,False,False,False,False,False,False,0.0,LOW
3789,2026-07-29,Pune,Pune Block-3,Pune Block-3 Village-4,cattle,19,7,3,,,True,True,False,True,True,True,False,False,True,False,True,False,0.368,HIGH
3790,2026-07-29,Amravati,Amravati Block-1,Amravati Block-1 Village-3,sheep,3,0,8,37.9,,False,False,True,True,False,False,False,False,False,False,False,False,0.0,LOW
3791,2026-07-29,Sambhajinagar,Sambhajinagar Block-1,Sambhajinagar Block-1 Village-1,cattle,4,0,6,38.4,Animals isolated as precaution.,False,False,True,True,False,True,False,False,False,False,False,False,0.0,LOW
3792,2026-07-29,Sambhajinagar,Sambhajinagar Block-3,Sambhajinagar Block-3 Village-2,cattle,6,1,9,39.5,,True,True,True,False,False,True,False,False,False,False,True,False,0.167,MEDIUM
3793,2026-07-29,Nagpur,Nagpur Block-3,Nagpur Block-3 Village-1,buffalo,2,0,1,37.8,Farmer requested urgent visit.,False,False,False,False,False,False,False,False,True,False,False,False,0.0,LOW
3794,2026-07-29,Sambhajinagar,Sambhajinagar Block-2,Sambhajinagar Block-2 Village-2,sheep,2,0,7,37.7,,False,True,False,False,False,True,False,False,False,False,False,False,0.0,LOW
3795,2026-07-29,Kolhapur,Kolhapur Block-2,Kolhapur Block-2 Village-4,cattle,2,0,9,39.1,,False,True,False,True,False,False,False,False,False,False,False,False,0.0,LOW
3796,2026-07-29,Pune,Pune Block-3,Pune Block-3 Village-2,poultry,3,0,1,,Farmer requested urgent visit.,True,False,False,False,False,True,False,False,False,False,False,False,0.0,LOW
3797,2026-07-30,Nagpur,Nagpur Block-3,Nagpur Block-3 Village-4,cattle,1,0,2,37.6,,False,True,True,False,False,True,False,False,False,False,False,False,0.0,LOW
3798,2026-07-30,Sambhajinagar,Sambhajinagar Block-1,Sambhajinagar Block-1 Village-1,poultry,3,0,3,40.6,,True,False,False,False,True,False,False,False,False,False,False,False,0.0,LOW
3799,2026-07-30,Amravati,Amravati Block-1,Amravati Block-1 Village-4,sheep,4,0,5,39.9,,True,True,False,False,False,False,False,False,False,False,False,False,0.0,LOW
3800,2026-07-30,Kolhapur,Kolhapur Block-1,Kolhapur Block-1 Village-3,sheep,4,0,3,39.8,,True,True,False,False,False,True,False,True,False,True,False,False,0.0,LOW
3801,2026-07-30,Sambhajinagar,Sambhajinagar Block-2,Sambhajinagar Block-2 Village-3,cattle,1,0,9,40.3,Animals isolated as precaution.,True,True,False,False,False,False,True,False,False,True,False,False,0.0,LOW
3802,2026-07-30,Pune,Pune Block-1,Pune Block-1 Village-2,goat,2,0,3,38.6,,False,False,False,True,False,False,False,False,True,False,False,False,0.0,LOW
3803,2026-07-30,Amravati,Amravati Block-2,Amravati Block-2 Village-3,sheep,1,0,1,39.0,Reported by local field worker.,False,False,False,False,False,False,True,False,False,False,False,False,0.0,LOW
3804,2026-07-30,Nagpur,Nagpur Block-3,Nagpur Block-3 Village-1,cattle,2,0,6,,Reported by local field worker.,True,False,True,False,False,False,False,False,False,False,False,False,0.0,LOW
3805,2026-07-30,Kolhapur,Kolhapur Block-2,Kolhapur Block-2 Village-2,buffalo,4,0,1,38.3,Similar cases seen in neighbouring herd.,False,True,True,False,False,True,False,False,False,False,False,False,0.0,LOW
3806,2026-07-30,Amravati,Amravati Block-2,Amravati Block-2 Village-5,cattle,1,0,8,39.0,Farmer requested urgent visit.,False,False,False,True,False,True,False,False,False,False,False,False,0.0,LOW
3807,2026-07-30,Amravati,Amravati Block-2,Amravati Block-2 Village-2,poultry,4,0,4,,Reported by local field worker.,False,False,True,False,False,False,False,False,False,False,False,False,0.0,LOW
3808,2026-07-30,Sambhajinagar,Sambhajinagar Block-3,Sambhajinagar Block-3 Village-4,sheep,3,0,5,,Farmer requested urgent visit.,False,False,False,False,False,False,False,True,False,False,False,False,0.0,LOW
3809,2026-07-30,Nashik,Nashik Block-2,Nashik Block-2 Village-2,cattle,1,0,8,39.6,,True,False,False,True,False,True,False,False,False,False,False,False,0.0,LOW
3810,2026-07-30,Nashik,Nashik Block-2,Nashik Block-2 Village-1,goat,2,0,6,,Reported by local field worker.,False,False,False,False,False,False,False,False,True,False,False,False,0.0,LOW
3811,2026-07-30,Nashik,Nashik Block-3,Nashik Block-3 Village-5,sheep,3,0,3,38.2,Reported by local field worker.,False,False,True,False,False,False,False,False,False,False,False,False,0.0,LOW
3812,2026-07-30,Nashik,Nashik Block-1,Nashik Block-1 Village-5,goat,2,0,3,38.5,Reported by local field worker.,False,False,False,False,False,False,True,False,False,False,False,False,0.0,LOW
3813,2026-07-30,Kolhapur,Kolhapur Block-3,Kolhapur Block-3 Village-2,cattle,3,0,4,38.6,,False,False,False,True,False,False,False,False,True,False,False,False,0.0,LOW
3814,2026-07-30,Amravati,Amravati Block-2,Amravati Block-2 Village-5,sheep,3,0,1,38.5,Animals isolated as precaution.,False,True,False,False,False,False,False,False,False,False,False,False,0.0,LOW
3815,2026-07-30,Amravati,Amravati Block-2,Amravati Block-2 Village-5,cattle,2,0,8,38.6,Similar cases seen in neighbouring herd.,False,False,False,False,False,True,True,False,False,False,False,False,0.0,LOW
3816,2026-07-30,Nashik,Nashik Block-1,Nashik Block-1 Village-5,goat,3,0,5,,,False,False,False,True,False,False,False,False,False,False,False,False,0.0,LOW
3817,2026-07-30,Amravati,Amravati Block-2,Amravati Block-2 Village-4,cattle,3,0,9,,Similar cases seen in neighbouring herd.,False,False,True,False,False,False,True,True,False,False,False,False,0.0,LOW
3818,2026-07-30,Sambhajinagar,Sambhajinagar Block-3,Sambhajinagar Block-3 Village-4,poultry,4,0,1,,,False,False,False,True,False,False,False,False,False,False,False,False,0.0,LOW
3819,2026-07-30,Sambhajinagar,Sambhajinagar Block-1,Sambhajinagar Block-1 Village-1,goat,2,0,7,38.1,Farmer requested urgent visit.,False,False,False,True,False,False,False,True,True,False,False,False,0.0,LOW
3820,2026-07-30,Kolhapur,Kolhapur Block-1,Kolhapur Block-1 Village-2,cattle,1,0,1,,,True,False,True,False,False,True,False,False,False,False,False,False,0.0,LOW
3821,2026-07-30,Kolhapur,Kolhapur Block-2,Kolhapur Block-2 Village-1,buffalo,1,0,1,40.1,,True,True,False,False,False,False,False,False,False,False,False,False,0.0,LOW
3822,2026-07-30,Amravati,Amravati Block-2,Amravati Block-2 Village-1,cattle,3,0,9,,,True,False,False,False,False,False,False,False,False,False,False,False,0.0,LOW
3823,2026-07-30,Nagpur,Nagpur Block-2,Nagpur Block-2 Village-2,goat,2,0,4,,,False,False,False,False,False,True,False,False,False,False,False,False,0.0,LOW
3824,2026-07-30,Kolhapur,Kolhapur Block-3,Kolhapur Block-3 Village-3,goat,2,0,2,,Animals isolated as precaution.,False,False,False,True,False,False,False,False,False,False,False,False,0.0,LOW
3825,2026-07-30,Nashik,Nashik Block-1,Nashik Block-1 Village-1,goat,2,0,8,,,False,False,False,False,False,False,False,False,False,False,True,False,0.0,LOW
3826,2026-07-30,Kolhapur,Kolhapur Block-1,Kolhapur Block-1 Village-2,goat,3,0,3,,Reported by local field worker.,False,True,False,False,False,True,False,True,False,False,False,False,0.0,LOW
3827,2026-07-30,Pune,Pune Block-3,Pune Block-3 Village-3,buffalo,2,0,2,40.0,Reported by local field worker.,True,False,True,False,True,False,False,False,False,False,False,False,0.0,LOW
3828,2026-07-30,Nagpur,Nagpur Block-3,Nagpur Block-3 Village-2,buffalo,8,2,3,,Farmer requested urgent visit.,True,True,True,True,False,True,False,True,False,False,False,False,0.25,MEDIUM
3829,2026-07-30,Nashik,Nashik Block-1,Nashik Block-1 Village-2,poultry,1,0,4,39.1,,False,True,False,True,True,False,False,False,False,False,False,False,0.0,LOW
3830,2026-07-30,Sambhajinagar,Sambhajinagar Block-1,Sambhajinagar Block-1 Village-5,buffalo,7,1,9,37.6,Animals isolated as precaution.,False,True,False,False,True,False,False,False,False,False,False,False,0.143,MEDIUM
3831,2026-07-30,Amravati,Amravati Block-2,Amravati Block-2 Village-1,sheep,4,0,8,,,True,False,False,True,False,False,False,False,False,False,False,False,0.0,LOW
3832,2026-07-30,Pune,Pune Block-3,Pune Block-3 Village-5,goat,2,0,2,,Reported by local field worker.,False,False,False,False,False,True,False,False,False,False,False,False,0.0,LOW
3833,2026-07-30,Amravati,Amravati Block-1,Amravati Block-1 Village-4,goat,8,1,7,39.2,,False,False,False,True,False,False,False,False,False,False,False,False,0.125,LOW
3834,2026-07-30,Kolhapur,Kolhapur Block-2,Kolhapur Block-2 Village-5,buffalo,1,0,7,38.6,,False,False,False,False,True,False,False,False,False,False,False,False,0.0,LOW
3835,2026-07-30,Sambhajinagar,Sambhajinagar Block-1,Sambhajinagar Block-1 Village-1,cattle,1,0,9,40.0,Similar cases seen in neighbouring herd.,True,True,True,False,False,False,False,False,False,False,False,False,0.0,LOW
3836,2026-07-30,Kolhapur,Kolhapur Block-3,Kolhapur Block-3 Village-5,sheep,1,0,4,,,True,False,False,False,False,False,False,False,False,False,False,False,0.0,LOW
3837,2026-07-30,Sambhajinagar,Sambhajinagar Block-3,Sambhajinagar Block-3 Village-2,cattle,4,0,1,37.6,Similar cases seen in neighbouring herd.,False,False,False,True,False,True,False,False,False,False,False,True,0.0,MEDIUM
3838,2026-07-31,Kolhapur,Kolhapur Block-1,Kolhapur Block-1 Village-4,cattle,1,0,3,39.9,,True,False,False,False,False,False,False,False,False,False,False,False,0.0,LOW
3839,2026-07-31,Nagpur,Nagpur Block-1,Nagpur Block-1 Village-1,poultry,4,0,5,38.8,Farmer requested urgent visit.,False,False,False,True,False,False,False,False,True,False,False,False,0.0,LOW
3840,2026-07-31,Nashik,Nashik Block-2,Nashik Block-2 Village-2,sheep,1,0,9,38.2,,False,False,False,False,False,False,False,False,True,False,False,False,0.0,LOW
3841,2026-07-31,Amravati,Amravati Block-3,Amravati Block-3 Village-2,poultry,2,0,3,41.3,Farmer requested urgent visit.,True,False,True,True,False,False,False,False,False,False,False,False,0.0,LOW
3842,2026-07-31,Nagpur,Nagpur Block-3,Nagpur Block-3 Village-4,poultry,3,0,6,38.3,Farmer requested urgent visit.,False,False,False,True,False,False,False,False,False,False,False,False,0.0,LOW
3843,2026-07-31,Amravati,Amravati Block-1,Amravati Block-1 Village-2,cattle,3,0,8,41.0,,True,False,True,False,False,True,False,False,False,False,False,False,0.0,LOW
3844,2026-07-31,Amravati,Amravati Block-3,Amravati Block-3 Village-5,poultry,2,0,8,38.6,Similar cases seen in neighbouring herd.,False,False,False,False,True,False,False,False,True,False,False,False,0.0,LOW
3845,2026-07-31,Kolhapur,Kolhapur Block-1,Kolhapur Block-1 Village-5,buffalo,9,0,8,,Similar cases seen in neighbouring herd.,False,True,False,True,False,False,False,False,True,False,False,False,0.0,LOW
3846,2026-07-31,Kolhapur,Kolhapur Block-2,Kolhapur Block-2 Village-3,buffalo,4,0,8,,,False,True,False,False,False,True,True,False,True,False,False,False,0.0,LOW
3847,2026-07-31,Amravati,Amravati Block-2,Amravati Block-2 Village-3,sheep,4,0,9,38.3,,False,False,False,False,False,True,False,False,False,False,False,False,0.0,LOW
3848,2026-07-31,Nashik,Nashik Block-3,Nashik Block-3 Village-1,goat,4,0,9,38.1,,False,False,True,False,False,False,True,False,False,False,False,False,0.0,LOW
3849,2026-07-31,Nashik,Nashik Block-2,Nashik Block-2 Village-2,goat,1,0,3,,,False,True,False,False,False,False,True,False,False,False,False,False,0.0,LOW
3850,2026-07-31,Pune,Pune Block-3,Pune Block-3 Village-4,goat,4,0,6,41.1,,True,False,False,True,False,True,False,False,True,False,False,False,0.0,LOW
3851,2026-07-31,Kolhapur,Kolhapur Block-2,Kolhapur Block-2 Village-4,sheep,2,0,5,38.7,,False,False,True,False,False,False,False,False,True,True,False,False,0.0,LOW
3852,2026-07-31,Kolhapur,Kolhapur Block-2,Kolhapur Block-2 Village-2,goat,3,0,3,38.6,,False,True,False,False,False,False,False,False,True,False,False,False,0.0,LOW
3853,2026-07-31,Nashik,Nashik Block-3,Nashik Block-3 Village-1,sheep,2,0,3,,Similar cases seen in neighbouring herd.,True,True,True,True,False,True,False,False,False,False,False,False,0.0,LOW
3854,2026-07-31,Kolhapur,Kolhapur Block-1,Kolhapur Block-1 Village-1,goat,4,0,9,40.2,Farmer requested urgent visit.,True,True,True,True,False,False,False,False,False,False,False,False,0.0,LOW
3855,2026-07-31,Sambhajinagar,Sambhajinagar Block-2,Sambhajinagar Block-2 Village-2,sheep,6,2,2,,Reported by local field worker.,False,False,False,True,False,True,False,False,False,False,False,False,0.333,MEDIUM
3856,2026-07-31,Kolhapur,Kolhapur Block-1,Kolhapur Block-1 Village-4,goat,3,0,2,38.4,Animals isolated as precaution.,False,False,False,False,True,True,False,False,False,False,False,False,0.0,LOW
3857,2026-07-31,Nashik,Nashik Block-1,Nashik Block-1 Village-2,goat,2,0,2,,Farmer requested urgent visit.,False,False,False,False,False,False,False,True,True,False,False,False,0.0,LOW
3858,2026-07-31,Sambhajinagar,Sambhajinagar Block-2,Sambhajinagar Block-2 Village-4,cattle,8,0,7,38.8,Animals isolated as precaution.,False,True,False,False,False,False,False,False,False,False,False,False,0.0,LOW
3859,2026-07-31,Kolhapur,Kolhapur Block-3,Kolhapur Block-3 Village-2,buffalo,7,1,2,,Reported by local field worker.,True,False,False,False,True,False,False,False,False,False,False,False,0.143,LOW
3860,2026-07-31,Sambhajinagar,Sambhajinagar Block-1,Sambhajinagar Block-1 Village-3,cattle,4,0,8,38.3,Farmer requested urgent visit.,False,False,False,False,False,False,True,False,False,False,False,False,0.0,LOW
3861,2026-07-31,Sambhajinagar,Sambhajinagar Block-3,Sambhajinagar Block-3 Village-3,poultry,3,0,7,37.9,,False,False,False,True,False,False,False,False,False,False,False,False,0.0,LOW
3862,2026-07-31,Amravati,Amravati Block-3,Amravati Block-3 Village-4,poultry,2,0,6,37.7,Animals isolated as precaution.,False,False,False,False,False,False,False,True,False,False,False,False,0.0,LOW
3863,2026-07-31,Sambhajinagar,Sambhajinagar Block-3,Sambhajinagar Block-3 Village-4,goat,2,0,4,38.5,Farmer requested urgent visit.,False,True,False,False,False,True,False,False,False,False,False,False,0.0,LOW
3864,2026-07-31,Kolhapur,Kolhapur Block-2,Kolhapur Block-2 Village-3,sheep,1,0,3,39.5,,True,True,False,False,False,False,False,False,True,False,False,False,0.0,LOW
3865,2026-07-31,Nashik,Nashik Block-1,Nashik Block-1 Village-2,cattle,1,0,6,39.4,Animals isolated as precaution.,True,False,False,False,False,False,False,False,False,False,False,False,0.0,LOW
3866,2026-07-31,Sambhajinagar,Sambhajinagar Block-3,Sambhajinagar Block-3 Village-3,buffalo,3,0,8,,,False,True,False,False,False,False,False,False,False,False,False,False,0.0,LOW
3867,2026-07-31,Amravati,Amravati Block-2,Amravati Block-2 Village-3,goat,6,1,4,,Reported by local field worker.,False,False,True,True,False,True,False,False,False,False,False,True,0.167,MEDIUM
3868,2026-07-31,Amravati,Amravati Block-3,Amravati Block-3 Village-4,sheep,1,0,7,38.7,Animals isolated as precaution.,False,False,False,False,False,False,True,False,False,False,False,False,0.0,LOW
3869,2026-07-31,Nashik,Nashik Block-1,Nashik Block-1 Village-2,buffalo,1,0,8,38.5,Reported by local field worker.,False,False,False,False,False,True,True,True,False,False,False,False,0.0,LOW
3870,2026-07-31,Sambhajinagar,Sambhajinagar Block-1,Sambhajinagar Block-1 Village-3,cattle,2,0,6,39.0,Reported by local field worker.,False,False,False,True,True,False,True,False,True,False,False,False,0.0,LOW
3871,2026-07-31,Kolhapur,Kolhapur Block-2,Kolhapur Block-2 Village-5,buffalo,3,0,1,40.2,Reported by local field worker.,True,False,False,False,False,False,True,False,False,False,False,False,0.0,LOW
3872,2026-07-31,Nashik,Nashik Block-3,Nashik Block-3 Village-4,goat,7,1,8,40.7,Reported by local field worker.,True,False,False,False,True,False,False,False,False,False,False,False,0.143,LOW
3873,2026-07-31,Kolhapur,Kolhapur Block-2,Kolhapur Block-2 Village-5,sheep,8,0,4,40.4,,True,False,True,True,False,True,False,False,False,True,False,False,0.0,LOW
3874,2026-07-31,Nagpur,Nagpur Block-1,Nagpur Block-1 Village-3,cattle,1,0,4,39.8,,True,False,True,True,False,False,False,False,False,False,False,False,0.0,LOW
3875,2026-07-31,Kolhapur,Kolhapur Block-2,Kolhapur Block-2 Village-5,goat,1,0,2,39.1,,False,False,True,True,False,False,False,False,False,False,False,False,0.0,LOW
3876,2026-07-31,Amravati,Amravati Block-3,Amravati Block-3 Village-3,goat,9,1,3,40.7,Reported by local field worker.,True,False,True,True,False,False,False,False,False,False,False,False,0.111,LOW
3877,2026-07-31,Kolhapur,Kolhapur Block-2,Kolhapur Block-2 Village-4,goat,1,0,3,38.8,Similar cases seen in neighbouring herd.,False,False,False,False,False,False,True,False,False,False,False,False,0.0,LOW
3878,2026-07-31,Kolhapur,Kolhapur Block-2,Kolhapur Block-2 Village-3,cattle,2,0,7,40.5,Reported by local field worker.,True,True,False,True,False,True,False,False,False,False,False,False,0.0,LOW
3879,2026-07-31,Pune,Pune Block-3,Pune Block-3 Village-4,buffalo,3,0,3,,,False,False,False,False,False,False,True,False,False,False,False,False,0.0,LOW
3880,2026-07-31,Pune,Pune Block-2,Pune Block-2 Village-4,buffalo,3,0,9,,Animals isolated as precaution.,False,True,True,False,False,False,True,False,False,False,False,False,0.0,LOW
3881,2026-07-31,Pune,Pune Block-2,Pune Block-2 Village-2,buffalo,2,0,5,37.8,Reported by local field worker.,False,False,False,False,False,False,True,False,False,False,False,False,0.0,LOW
3882,2026-07-31,Amravati,Amravati Block-3,Amravati Block-3 Village-3,goat,1,0,1,40.4,,True,False,False,False,False,False,False,False,False,False,False,False,0.0,LOW
3883,2026-07-31,Kolhapur,Kolhapur Block-3,Kolhapur Block-3 Village-2,sheep,4,0,7,38.4,Similar cases seen in neighbouring herd.,False,True,False,True,False,False,False,False,False,False,False,False,0.0,LOW
3884,2026-07-31,Sambhajinagar,Sambhajinagar Block-3,Sambhajinagar Block-3 Village-4,poultry,1,0,5,39.2,Farmer requested urgent visit.,False,False,True,False,False,False,False,False,False,False,False,False,0.0,LOW
3885,2026-07-31,Pune,Pune Block-1,Pune Block-1 Village-4,goat,3,0,9,,,False,False,True,False,False,False,False,False,False,False,False,False,0.0,LOW
3886,2026-07-31,Sambhajinagar,Sambhajinagar Block-3,Sambhajinagar Block-3 Village-5,cattle,4,0,9,39.1,,False,True,False,True,False,False,True,False,False,False,False,False,0.0,LOW
3887,2026-08-01,Amravati,Amravati Block-2,Amravati Block-2 Village-1,goat,4,0,9,,,True,False,False,True,True,False,True,True,False,False,False,False,0.0,LOW
3888,2026-08-01,Nashik,Nashik Block-2,Nashik Block-2 Village-5,poultry,4,0,9,38.9,Similar cases seen in neighbouring herd.,False,False,False,False,False,False,True,False,False,False,False,False,0.0,LOW
3889,2026-08-01,Amravati,Amravati Block-2,Amravati Block-2 Village-5,poultry,7,1,5,40.8,Reported by local field worker.,True,True,True,False,True,False,True,False,False,False,False,False,0.143,LOW
3890,2026-08-01,Amravati,Amravati Block-1,Amravati Block-1 Village-5,buffalo,2,0,6,,,False,False,False,False,False,False,False,False,False,True,False,False,0.0,LOW
3891,2026-08-01,Nashik,Nashik Block-3,Nashik Block-3 Village-3,cattle,3,0,9,39.4,Similar cases seen in neighbouring herd.,True,False,False,False,False,True,False,False,False,False,False,False,0.0,LOW
3892,2026-08-01,Nagpur,Nagpur Block-1,Nagpur Block-1 Village-2,goat,3,0,2,39.3,,True,True,False,True,False,False,False,False,False,False,False,False,0.0,LOW
3893,2026-08-01,Nashik,Nashik Block-2,Nashik Block-2 Village-5,buffalo,3,0,6,39.3,Farmer requested urgent visit.,True,False,False,True,False,True,False,False,True,True,False,False,0.0,LOW
3894,2026-08-01,Pune,Pune Block-2,Pune Block-2 Village-4,sheep,2,0,2,,Similar cases seen in neighbouring herd.,False,False,False,True,True,False,False,False,False,False,False,False,0.0,LOW
3895,2026-08-01,Kolhapur,Kolhapur Block-2,Kolhapur Block-2 Village-3,poultry,3,0,7,41.2,Farmer requested urgent visit.,True,False,False,False,False,False,False,False,False,False,False,False,0.0,LOW
3896,2026-08-01,Sambhajinagar,Sambhajinagar Block-2,Sambhajinagar Block-2 Village-2,sheep,4,0,9,38.5,,False,False,False,False,True,False,True,False,False,False,False,False,0.0,LOW
3897,2026-08-01,Amravati,Amravati Block-2,Amravati Block-2 Village-4,sheep,2,0,6,38.5,Reported by local field worker.,False,True,False,False,False,True,False,False,True,False,False,False,0.0,LOW
3898,2026-08-01,Sambhajinagar,Sambhajinagar Block-2,Sambhajinagar Block-2 Village-4,goat,6,0,9,40.5,Similar cases seen in neighbouring herd.,True,True,True,True,False,True,True,False,False,False,True,False,0.0,MEDIUM
3899,2026-08-01,Pune,Pune Block-3,Pune Block-3 Village-4,buffalo,4,0,6,39.4,Reported by local field worker.,True,False,True,True,False,False,False,False,False,False,False,False,0.0,LOW
3900,2026-08-01,Nagpur,Nagpur Block-2,Nagpur Block-2 Village-2,goat,2,0,1,38.3,,False,True,False,False,False,False,False,False,False,False,False,False,0.0,LOW
3901,2026-08-01,Amravati,Amravati Block-1,Amravati Block-1 Village-4,goat,1,0,2,40.9,Reported by local field worker.,True,False,False,False,False,False,False,False,True,False,False,False,0.0,LOW
3902,2026-08-01,Sambhajinagar,Sambhajinagar Block-1,Sambhajinagar Block-1 Village-5,goat,1,0,7,40.9,,True,True,True,False,False,False,True,False,False,False,False,False,0.0,LOW
3903,2026-08-01,Kolhapur,Kolhapur Block-3,Kolhapur Block-3 Village-4,poultry,4,0,3,,,True,False,False,False,True,False,False,False,False,False,False,False,0.0,LOW
3904,2026-08-01,Nashik,Nashik Block-3,Nashik Block-3 Village-2,cattle,4,0,3,37.8,Animals isolated as precaution.,False,False,False,False,False,False,False,False,True,False,False,False,0.0,LOW
3905,2026-08-01,Sambhajinagar,Sambhajinagar Block-2,Sambhajinagar Block-2 Village-3,cattle,3,0,5,40.9,Farmer requested urgent visit.,True,False,False,False,False,False,True,False,False,False,False,False,0.0,LOW
3906,2026-08-01,Pune,Pune Block-3,Pune Block-3 Village-1,cattle,4,0,5,38.1,,False,True,False,False,True,False,True,False,False,False,False,False,0.0,LOW
3907,2026-08-01,Nagpur,Nagpur Block-3,Nagpur Block-3 Village-5,goat,3,0,8,38.5,,False,False,True,False,False,False,False,False,True,False,False,False,0.0,LOW
3908,2026-08-01,Nashik,Nashik Block-3,Nashik Block-3 Village-5,cattle,1,0,9,41.1,Reported by local field worker.,True,False,True,True,False,True,False,False,False,False,False,False,0.0,LOW
3909,2026-08-01,Nashik,Nashik Block-2,Nashik Block-2 Village-1,poultry,5,0,3,40.5,,True,True,True,True,False,False,True,False,False,False,True,False,0.0,MEDIUM
3910,2026-08-01,Nagpur,Nagpur Block-2,Nagpur Block-2 Village-5,cattle,1,0,5,37.6,Animals isolated as precaution.,False,True,True,True,False,False,False,False,False,False,False,False,0.0,LOW
3911,2026-08-01,Sambhajinagar,Sambhajinagar Block-2,Sambhajinagar Block-2 Village-3,cattle,6,1,8,40.2,,True,True,False,False,False,True,False,False,False,True,True,False,0.167,HIGH
3912,2026-08-01,Pune,Pune Block-1,Pune Block-1 Village-5,buffalo,6,0,3,39.4,Farmer requested urgent visit.,True,False,True,False,False,False,False,False,False,False,False,False,0.0,LOW
3913,2026-08-01,Sambhajinagar,Sambhajinagar Block-3,Sambhajinagar Block-3 Village-1,poultry,2,0,9,39.0,,False,True,True,False,False,False,False,False,True,True,False,False,0.0,LOW
3914,2026-08-01,Amravati,Amravati Block-1,Amravati Block-1 Village-2,buffalo,2,0,6,38.8,,False,False,False,False,True,False,False,False,False,False,False,True,0.0,LOW
3915,2026-08-01,Nagpur,Nagpur Block-2,Nagpur Block-2 Village-2,cattle,14,3,3,40.9,,True,False,True,True,True,True,False,False,False,False,False,False,0.214,MEDIUM
3916,2026-08-01,Pune,Pune Block-1,Pune Block-1 Village-2,buffalo,6,1,9,,,False,False,False,True,True,False,False,False,False,False,False,False,0.167,LOW
3917,2026-08-01,Nagpur,Nagpur Block-2,Nagpur Block-2 Village-1,cattle,8,1,4,41.4,,True,False,False,False,False,True,True,False,False,False,False,False,0.125,LOW
3918,2026-08-01,Kolhapur,Kolhapur Block-2,Kolhapur Block-2 Village-5,goat,3,0,9,37.7,,False,False,False,False,False,True,False,False,False,False,False,False,0.0,LOW
3919,2026-08-01,Kolhapur,Kolhapur Block-1,Kolhapur Block-1 Village-3,buffalo,9,1,3,41.2,Farmer requested urgent visit.,True,True,True,False,False,False,False,True,False,False,False,True,0.111,MEDIUM
3920,2026-08-01,Nashik,Nashik Block-1,Nashik Block-1 Village-2,cattle,4,0,9,,Animals isolated as precaution.,True,True,True,False,False,False,False,False,False,False,False,False,0.0,LOW
3921,2026-08-01,Sambhajinagar,Sambhajinagar Block-2,Sambhajinagar Block-2 Village-3,cattle,2,0,5,40.0,,True,False,False,False,False,False,False,False,False,False,False,False,0.0,LOW
3922,2026-08-01,Nashik,Nashik Block-1,Nashik Block-1 Village-2,buffalo,1,0,1,38.2,,False,False,False,True,True,False,False,True,False,False,False,False,0.0,LOW
3923,2026-08-01,Kolhapur,Kolhapur Block-2,Kolhapur Block-2 Village-1,buffalo,4,0,4,,Reported by local field worker.,True,False,False,False,False,False,False,False,False,False,False,False,0.0,LOW
3924,2026-08-01,Kolhapur,Kolhapur Block-1,Kolhapur Block-1 Village-5,goat,4,1,9,,Animals isolated as precaution.,True,True,False,True,False,False,False,False,False,False,False,False,0.25,LOW
3925,2026-08-01,Kolhapur,Kolhapur Block-2,Kolhapur Block-2 Village-5,goat,5,1,5,40.6,Reported by local field worker.,True,True,False,True,False,False,False,False,True,False,True,False,0.2,MEDIUM
3926,2026-08-01,Pune,Pune Block-2,Pune Block-2 Village-2,buffalo,3,0,6,37.7,,False,False,False,False,False,False,True,False,False,False,False,False,0.0,LOW
3927,2026-08-01,Kolhapur,Kolhapur Block-1,Kolhapur Block-1 Village-4,goat,3,0,6,39.1,Reported by local field worker.,False,False,False,True,False,False,False,False,False,False,False,False,0.0,LOW
3928,2026-08-01,Sambhajinagar,Sambhajinagar Block-2,Sambhajinagar Block-2 Village-2,goat,3,0,3,,Reported by local field worker.,False,True,True,False,False,False,False,False,False,False,False,False,0.0,LOW
3929,2026-08-01,Amravati,Amravati Block-2,Amravati Block-2 Village-1,goat,7,1,1,39.9,Similar cases seen in neighbouring herd.,True,False,False,True,True,False,False,False,False,False,False,False,0.143,LOW
3930,2026-08-01,Pune,Pune Block-1,Pune Block-1 Village-5,buffalo,2,0,3,41.2,Reported by local field worker.,True,False,False,False,False,False,False,False,False,False,False,False,0.0,LOW
3931,2026-08-01,Amravati,Amravati Block-1,Amravati Block-1 Village-2,goat,3,0,9,37.8,Similar cases seen in neighbouring herd.,False,False,False,False,True,False,False,False,False,False,False,False,0.0,LOW
3932,2026-08-01,Sambhajinagar,Sambhajinagar Block-1,Sambhajinagar Block-1 Village-1,buffalo,4,0,3,,Animals isolated as precaution.,False,True,False,True,False,True,True,False,False,False,False,False,0.0,LOW
3933,2026-08-01,Nashik,Nashik Block-3,Nashik Block-3 Village-3,cattle,1,0,5,41.0,Farmer requested urgent visit.,True,False,False,False,False,True,False,False,False,False,False,False,0.0,LOW
3934,2026-08-02,Kolhapur,Kolhapur Block-3,Kolhapur Block-3 Village-1,poultry,6,3,3,40.3,Similar cases seen in neighbouring herd.,True,True,False,True,True,True,False,False,False,False,False,False,0.5,MEDIUM
3935,2026-08-02,Kolhapur,Kolhapur Block-3,Kolhapur Block-3 Village-1,cattle,18,6,3,41.2,Animals isolated as precaution.,True,True,True,False,False,True,False,False,False,False,False,False,0.333,MEDIUM
3936,2026-08-02,Nagpur,Nagpur Block-1,Nagpur Block-1 Village-1,buffalo,4,0,7,38.6,Farmer requested urgent visit.,False,True,False,False,False,False,False,False,False,False,False,False,0.0,LOW
3937,2026-08-02,Kolhapur,Kolhapur Block-3,Kolhapur Block-3 Village-3,goat,3,0,6,38.6,,False,True,False,True,False,False,False,False,False,False,False,False,0.0,LOW
3938,2026-08-02,Kolhapur,Kolhapur Block-2,Kolhapur Block-2 Village-5,buffalo,3,0,1,,Animals isolated as precaution.,False,False,False,False,False,False,False,False,False,False,True,False,0.0,MEDIUM
3939,2026-08-02,Nashik,Nashik Block-1,Nashik Block-1 Village-5,poultry,4,0,4,,Farmer requested urgent visit.,False,True,False,False,False,False,False,False,False,False,False,False,0.0,LOW
3940,2026-08-02,Nagpur,Nagpur Block-2,Nagpur Block-2 Village-2,poultry,5,0,9,41.0,Animals isolated as precaution.,True,True,True,False,False,False,False,True,False,False,False,False,0.0,LOW
3941,2026-08-02,Nashik,Nashik Block-2,Nashik Block-2 Village-5,cattle,2,0,7,37.6,Reported by local field worker.,False,False,False,False,False,True,False,False,False,False,False,False,0.0,LOW
3942,2026-08-02,Kolhapur,Kolhapur Block-2,Kolhapur Block-2 Village-3,sheep,3,0,9,,,True,False,False,False,False,False,False,False,False,False,False,False,0.0,LOW
3943,2026-08-02,Pune,Pune Block-3,Pune Block-3 Village-2,goat,2,0,2,,Farmer requested urgent visit.,True,True,False,False,False,False,False,False,False,False,False,False,0.0,LOW
3944,2026-08-02,Kolhapur,Kolhapur Block-1,Kolhapur Block-1 Village-2,sheep,1,0,4,39.0,Animals isolated as precaution.,False,False,False,True,False,False,False,False,False,False,False,False,0.0,LOW
3945,2026-08-02,Nagpur,Nagpur Block-2,Nagpur Block-2 Village-5,cattle,3,0,9,,Farmer requested urgent visit.,True,True,False,True,False,False,False,False,False,False,False,False,0.0,LOW
3946,2026-08-02,Sambhajinagar,Sambhajinagar Block-3,Sambhajinagar Block-3 Village-5,sheep,2,0,7,37.7,,False,False,False,True,True,False,True,False,False,True,False,False,0.0,LOW
3947,2026-08-02,Nagpur,Nagpur Block-2,Nagpur Block-2 Village-1,goat,7,0,1,41.4,,True,True,False,False,False,True,True,True,True,False,False,False,0.0,LOW
3948,2026-08-02,Nagpur,Nagpur Block-1,Nagpur Block-1 Village-2,poultry,3,0,3,40.9,Reported by local field worker.,True,True,False,False,False,False,False,False,False,False,False,False,0.0,LOW
3949,2026-08-02,Nagpur,Nagpur Block-3,Nagpur Block-3 Village-3,goat,2,0,1,40.8,Reported by local field worker.,True,False,False,False,False,False,False,False,False,False,False,False,0.0,LOW
3950,2026-08-02,Pune,Pune Block-3,Pune Block-3 Village-4,sheep,6,1,8,39.2,Farmer requested urgent visit.,False,True,True,False,True,False,False,False,False,False,False,False,0.167,LOW
3951,2026-08-02,Sambhajinagar,Sambhajinagar Block-2,Sambhajinagar Block-2 Village-2,cattle,4,0,7,38.0,,False,True,False,False,False,False,True,False,False,False,False,False,0.0,LOW
3952,2026-08-02,Pune,Pune Block-2,Pune Block-2 Village-3,buffalo,4,0,3,38.8,,False,False,False,False,False,False,False,False,True,False,False,False,0.0,LOW
3953,2026-08-02,Nashik,Nashik Block-2,Nashik Block-2 Village-3,goat,7,1,6,,Animals isolated as precaution.,True,False,False,False,False,False,True,False,True,False,False,False,0.143,LOW
3954,2026-08-02,Pune,Pune Block-3,Pune Block-3 Village-2,poultry,5,1,6,38.8,Reported by local field worker.,False,True,True,False,False,False,True,False,True,False,False,False,0.2,LOW
3955,2026-08-02,Nagpur,Nagpur Block-3,Nagpur Block-3 Village-1,goat,4,0,8,39.0,Farmer requested urgent visit.,False,False,False,True,False,False,False,False,False,True,False,False,0.0,LOW
3956,2026-08-02,Pune,Pune Block-1,Pune Block-1 Village-4,goat,4,0,4,39.1,Reported by local field worker.,False,True,False,False,True,False,True,False,False,False,False,False,0.0,LOW
3957,2026-08-02,Pune,Pune Block-3,Pune Block-3 Village-1,sheep,3,0,3,40.5,,True,False,False,False,False,True,False,False,False,False,False,False,0.0,LOW
3958,2026-08-02,Sambhajinagar,Sambhajinagar Block-2,Sambhajinagar Block-2 Village-5,buffalo,2,0,9,39.7,,True,False,False,True,False,False,False,True,False,False,False,False,0.0,LOW
3959,2026-08-02,Kolhapur,Kolhapur Block-2,Kolhapur Block-2 Village-5,goat,2,0,7,38.6,Similar cases seen in neighbouring herd.,False,True,True,False,False,True,False,False,False,False,False,False,0.0,LOW
3960,2026-08-02,Kolhapur,Kolhapur Block-1,Kolhapur Block-1 Village-5,sheep,5,0,3,40.2,,True,True,False,True,False,False,False,False,False,False,False,False,0.0,LOW
3961,2026-08-02,Sambhajinagar,Sambhajinagar Block-1,Sambhajinagar Block-1 Village-1,poultry,2,0,5,39.7,,True,False,False,False,False,False,False,False,False,False,False,False,0.0,LOW
3962,2026-08-02,Nashik,Nashik Block-1,Nashik Block-1 Village-2,cattle,2,0,7,38.4,,False,False,True,False,False,False,False,False,False,False,False,True,0.0,LOW
3963,2026-08-02,Amravati,Amravati Block-3,Amravati Block-3 Village-2,cattle,5,1,1,40.8,Animals isolated as precaution.,True,True,False,True,False,False,False,False,False,False,False,False,0.2,MEDIUM
3964,2026-08-02,Kolhapur,Kolhapur Block-2,Kolhapur Block-2 Village-2,goat,3,0,4,,Similar cases seen in neighbouring herd.,False,False,False,True,False,False,False,False,False,False,False,False,0.0,LOW
3965,2026-08-02,Kolhapur,Kolhapur Block-1,Kolhapur Block-1 Village-2,buffalo,4,0,2,38.6,Farmer requested urgent visit.,False,True,False,True,True,False,False,True,False,False,False,False,0.0,LOW
3966,2026-08-02,Kolhapur,Kolhapur Block-3,Kolhapur Block-3 Village-2,goat,4,1,8,,Animals isolated as precaution.,True,False,False,False,False,True,False,False,False,False,False,False,0.25,LOW
3967,2026-08-02,Nashik,Nashik Block-1,Nashik Block-1 Village-3,cattle,3,0,1,38.4,,False,False,False,False,True,False,False,False,False,False,False,False,0.0,LOW
3968,2026-08-02,Pune,Pune Block-3,Pune Block-3 Village-4,buffalo,2,0,6,37.6,,False,True,True,False,False,False,False,False,False,False,False,False,0.0,LOW
3969,2026-08-02,Sambhajinagar,Sambhajinagar Block-1,Sambhajinagar Block-1 Village-1,cattle,2,0,5,,Farmer requested urgent visit.,True,False,False,False,False,False,False,False,False,True,False,False,0.0,LOW
3970,2026-08-02,Amravati,Amravati Block-2,Amravati Block-2 Village-2,cattle,4,0,9,,,False,False,False,True,False,False,False,False,False,False,False,False,0.0,LOW
3971,2026-08-02,Nagpur,Nagpur Block-1,Nagpur Block-1 Village-3,buffalo,4,0,6,39.0,Farmer requested urgent visit.,False,False,False,True,False,False,True,False,False,False,False,False,0.0,LOW
3972,2026-08-02,Pune,Pune Block-3,Pune Block-3 Village-2,goat,2,0,5,,Farmer requested urgent visit.,True,False,False,False,False,True,False,False,False,False,False,False,0.0,LOW
3973,2026-08-02,Sambhajinagar,Sambhajinagar Block-1,Sambhajinagar Block-1 Village-2,goat,22,9,2,40.9,Similar cases seen in neighbouring herd.,True,True,True,True,False,True,True,False,False,False,False,False,0.409,HIGH
3974,2026-08-02,Amravati,Amravati Block-2,Amravati Block-2 Village-5,cattle,3,0,2,40.3,Similar cases seen in neighbouring herd.,True,False,False,False,False,False,False,False,False,False,False,False,0.0,LOW
3975,2026-08-02,Pune,Pune Block-3,Pune Block-3 Village-2,cattle,2,0,6,37.9,,False,False,False,False,False,False,False,False,True,False,False,False,0.0,LOW
3976,2026-08-02,Kolhapur,Kolhapur Block-3,Kolhapur Block-3 Village-2,poultry,1,0,9,,Farmer requested urgent visit.,False,True,False,False,False,False,False,False,False,False,False,False,0.0,LOW
3977,2026-08-02,Sambhajinagar,Sambhajinagar Block-1,Sambhajinagar Block-1 Village-2,goat,3,0,2,39.7,Animals isolated as precaution.,True,False,False,False,True,False,False,False,False,False,False,False,0.0,LOW
3978,2026-08-02,Nashik,Nashik Block-3,Nashik Block-3 Village-5,cattle,4,0,5,38.7,,False,False,True,False,False,False,True,False,False,False,False,False,0.0,LOW
3979,2026-08-02,Nagpur,Nagpur Block-3,Nagpur Block-3 Village-2,cattle,3,0,1,,,False,False,False,False,True,False,True,False,False,False,False,False,0.0,LOW
3980,2026-08-02,Pune,Pune Block-3,Pune Block-3 Village-1,cattle,1,0,4,,Farmer requested urgent visit.,True,False,False,False,False,False,False,False,False,False,True,False,0.0,LOW
3981,2026-08-02,Nagpur,Nagpur Block-1,Nagpur Block-1 Village-2,cattle,4,0,9,40.6,Animals isolated as precaution.,True,True,False,True,False,True,False,False,False,True,False,False,0.0,LOW
3982,2026-08-02,Nagpur,Nagpur Block-2,Nagpur Block-2 Village-3,buffalo,4,0,3,41.1,Reported by local field worker.,True,False,False,False,False,False,False,False,False,False,False,False,0.0,LOW
3983,2026-08-02,Pune,Pune Block-2,Pune Block-2 Village-4,cattle,8,1,4,40.5,Animals isolated as precaution.,True,False,True,True,False,True,False,False,False,False,False,False,0.125,MEDIUM
3984,2026-08-02,Nagpur,Nagpur Block-2,Nagpur Block-2 Village-3,sheep,1,0,9,,Farmer requested urgent visit.,False,True,False,False,False,False,False,False,False,False,False,False,0.0,LOW
3985,2026-08-03,Kolhapur,Kolhapur Block-3,Kolhapur Block-3 Village-1,poultry,9,1,6,38.5,,False,False,True,True,True,False,False,False,False,False,False,False,0.111,LOW
3986,2026-08-03,Kolhapur,Kolhapur Block-3,Kolhapur Block-3 Village-1,poultry,13,2,3,,Animals isolated as precaution.,True,True,True,True,False,False,False,False,False,True,False,False,0.154,LOW
3987,2026-08-03,Sambhajinagar,Sambhajinagar Block-3,Sambhajinagar Block-3 Village-5,cattle,1,0,1,38.5,Similar cases seen in neighbouring herd.,False,False,False,False,False,False,False,False,False,False,True,False,0.0,MEDIUM
3988,2026-08-03,Amravati,Amravati Block-1,Amravati Block-1 Village-2,cattle,7,0,1,,,False,True,True,False,True,False,False,False,False,False,False,False,0.0,LOW
3989,2026-08-03,Nagpur,Nagpur Block-2,Nagpur Block-2 Village-2,cattle,7,1,7,39.5,Farmer requested urgent visit.,True,False,False,False,False,True,False,False,True,False,False,False,0.143,LOW
3990,2026-08-03,Pune,Pune Block-2,Pune Block-2 Village-5,buffalo,2,0,2,37.6,Animals isolated as precaution.,False,True,False,False,False,False,False,False,False,False,False,False,0.0,LOW
3991,2026-08-03,Sambhajinagar,Sambhajinagar Block-1,Sambhajinagar Block-1 Village-1,sheep,4,0,4,39.9,,True,True,True,True,True,False,False,False,False,False,False,False,0.0,LOW
3992,2026-08-03,Kolhapur,Kolhapur Block-3,Kolhapur Block-3 Village-5,cattle,2,0,6,40.7,,True,True,False,False,False,False,True,False,False,False,False,False,0.0,LOW
3993,2026-08-03,Kolhapur,Kolhapur Block-1,Kolhapur Block-1 Village-2,goat,9,1,9,,,True,True,False,True,False,False,False,False,True,False,False,False,0.111,LOW
3994,2026-08-03,Nashik,Nashik Block-1,Nashik Block-1 Village-2,goat,4,0,8,40.2,Farmer requested urgent visit.,True,False,False,False,False,False,False,False,False,False,False,False,0.0,LOW
3995,2026-08-03,Nagpur,Nagpur Block-2,Nagpur Block-2 Village-5,goat,4,0,1,41.4,,True,False,False,False,False,False,False,False,False,False,False,False,0.0,LOW
3996,2026-08-03,Nashik,Nashik Block-1,Nashik Block-1 Village-1,sheep,2,0,7,40.5,Reported by local field worker.,True,False,False,False,False,False,False,False,True,False,False,False,0.0,LOW
3997,2026-08-03,Amravati,Amravati Block-3,Amravati Block-3 Village-2,goat,3,0,2,,Farmer requested urgent visit.,True,False,True,False,False,False,True,False,False,True,False,False,0.0,LOW
3998,2026-08-03,Pune,Pune Block-1,Pune Block-1 Village-1,poultry,2,0,2,37.8,Similar cases seen in neighbouring herd.,False,True,True,False,False,False,False,False,False,False,False,False,0.0,LOW
3999,2026-08-03,Amravati,Amravati Block-1,Amravati Block-1 Village-5,cattle,3,0,8,,,True,True,False,False,False,False,False,False,False,False,False,False,0.0,LOW
4000,2026-08-03,Amravati,Amravati Block-3,Amravati Block-3 Village-4,cattle,2,0,4,,,False,False,False,False,False,False,False,False,False,False,True,False,0.0,LOW
4001,2026-08-03,Pune,Pune Block-1,Pune Block-1 Village-5,sheep,4,0,7,,,False,False,True,False,False,False,True,True,False,False,False,False,0.0,LOW
4002,2026-08-03,Pune,Pune Block-2,Pune Block-2 Village-2,cattle,1,0,6,38.8,Farmer requested urgent visit.,False,True,False,True,False,False,False,False,False,True,False,False,0.0,LOW
4003,2026-08-03,Nashik,Nashik Block-3,Nashik Block-3 Village-5,poultry,2,0,9,37.9,,False,False,False,True,True,False,False,False,False,False,False,False,0.0,LOW
4004,2026-08-03,Amravati,Amravati Block-3,Amravati Block-3 Village-3,poultry,2,0,2,,Similar cases seen in neighbouring herd.,False,False,False,False,True,False,False,False,False,False,False,False,0.0,LOW
4005,2026-08-03,Sambhajinagar,Sambhajinagar Block-3,Sambhajinagar Block-3 Village-1,goat,4,0,2,39.4,,True,False,False,False,False,False,False,True,False,False,False,False,0.0,LOW
4006,2026-08-03,Kolhapur,Kolhapur Block-1,Kolhapur Block-1 Village-2,cattle,2,0,4,37.7,Reported by local field worker.,False,False,False,False,False,False,False,False,False,False,True,False,0.0,LOW
4007,2026-08-03,Nashik,Nashik Block-1,Nashik Block-1 Village-3,buffalo,3,0,3,38.6,Animals isolated as precaution.,False,False,False,False,False,True,False,False,True,False,False,False,0.0,LOW
4008,2026-08-03,Kolhapur,Kolhapur Block-1,Kolhapur Block-1 Village-3,goat,4,1,4,41.2,Animals isolated as precaution.,True,True,False,True,False,True,False,False,True,False,False,False,0.25,MEDIUM
4009,2026-08-03,Nashik,Nashik Block-1,Nashik Block-1 Village-3,goat,5,2,2,39.5,,True,False,True,True,False,True,False,False,False,False,False,False,0.4,MEDIUM
4010,2026-08-03,Amravati,Amravati Block-3,Amravati Block-3 Village-3,buffalo,2,0,9,40.0,,True,False,False,True,False,False,False,False,False,False,False,True,0.0,MEDIUM
4011,2026-08-03,Nagpur,Nagpur Block-3,Nagpur Block-3 Village-5,cattle,8,1,1,40.3,,True,True,False,True,False,True,True,False,False,False,True,False,0.125,MEDIUM
4012,2026-08-03,Nashik,Nashik Block-2,Nashik Block-2 Village-4,cattle,4,0,2,,,False,False,False,True,False,False,True,False,False,False,False,False,0.0,LOW
4013,2026-08-03,Amravati,Amravati Block-2,Amravati Block-2 Village-1,goat,1,0,3,38.3,,False,False,False,False,False,True,False,False,False,False,False,False,0.0,LOW
4014,2026-08-03,Nashik,Nashik Block-1,Nashik Block-1 Village-4,poultry,1,0,5,40.1,,True,False,False,False,False,False,False,False,False,False,False,False,0.0,LOW
4015,2026-08-03,Pune,Pune Block-3,Pune Block-3 Village-4,goat,1,0,6,38.6,Reported by local field worker.,False,False,False,False,False,True,False,False,False,False,False,False,0.0,LOW
4016,2026-08-03,Nagpur,Nagpur Block-2,Nagpur Block-2 Village-2,sheep,4,1,9,39.4,Farmer requested urgent visit.,True,False,False,False,False,False,False,False,True,False,False,False,0.25,MEDIUM
4017,2026-08-03,Amravati,Amravati Block-2,Amravati Block-2 Village-3,goat,2,0,5,,Similar cases seen in neighbouring herd.,False,True,False,False,False,False,False,False,False,False,False,False,0.0,LOW
4018,2026-08-03,Amravati,Amravati Block-2,Amravati Block-2 Village-2,goat,4,0,2,,,False,False,False,False,True,False,False,False,False,False,False,False,0.0,LOW
4019,2026-08-03,Nashik,Nashik Block-3,Nashik Block-3 Village-4,poultry,1,0,7,,Reported by local field worker.,False,False,False,False,True,False,False,False,False,False,True,False,0.0,MEDIUM
4020,2026-08-03,Nashik,Nashik Block-1,Nashik Block-1 Village-4,buffalo,18,7,1,40.6,Reported by local field worker.,True,True,True,True,False,True,False,False,False,True,False,False,0.389,MEDIUM
4021,2026-08-03,Sambhajinagar,Sambhajinagar Block-2,Sambhajinagar Block-2 Village-3,sheep,9,2,5,,Similar cases seen in neighbouring herd.,True,True,False,False,False,False,False,False,False,False,False,False,0.222,LOW
4022,2026-08-03,Pune,Pune Block-1,Pune Block-1 Village-2,buffalo,3,0,8,38.4,,False,True,False,True,False,False,False,False,False,False,False,False,0.0,LOW
4023,2026-08-03,Nagpur,Nagpur Block-1,Nagpur Block-1 Village-2,cattle,7,1,8,38.5,,False,True,True,True,False,False,False,False,False,False,False,False,0.143,LOW
4024,2026-08-03,Pune,Pune Block-1,Pune Block-1 Village-1,buffalo,1,0,4,38.7,Reported by local field worker.,False,True,False,False,False,False,False,False,False,False,False,False,0.0,LOW
4025,2026-08-03,Nagpur,Nagpur Block-2,Nagpur Block-2 Village-4,poultry,12,3,1,,,True,True,True,True,False,False,False,False,False,False,False,False,0.25,MEDIUM
4026,2026-08-03,Nashik,Nashik Block-2,Nashik Block-2 Village-2,buffalo,3,0,3,,,False,False,False,False,False,False,True,False,False,False,False,False,0.0,LOW
4027,2026-08-03,Nagpur,Nagpur Block-3,Nagpur Block-3 Village-4,buffalo,6,1,2,40.0,,True,False,False,True,False,False,False,False,True,False,False,False,0.167,LOW
4028,2026-08-03,Nagpur,Nagpur Block-3,Nagpur Block-3 Village-2,cattle,4,0,3,39.7,Similar cases seen in neighbouring herd.,True,True,True,False,False,False,True,False,False,False,False,False,0.0,LOW
4029,2026-08-03,Kolhapur,Kolhapur Block-3,Kolhapur Block-3 Village-3,cattle,4,0,2,39.8,,True,False,False,False,False,False,True,False,False,False,False,False,0.0,LOW
4030,2026-08-04,Kolhapur,Kolhapur Block-3,Kolhapur Block-3 Village-1,buffalo,22,8,1,40.1,Animals isolated as precaution.,True,True,False,True,True,False,False,False,True,False,False,True,0.364,HIGH
4031,2026-08-04,Kolhapur,Kolhapur Block-3,Kolhapur Block-3 Village-4,goat,2,0,8,,Farmer requested urgent visit.,True,False,False,False,False,False,False,False,True,False,False,False,0.0,LOW
4032,2026-08-04,Nashik,Nashik Block-1,Nashik Block-1 Village-2,goat,2,0,3,37.9,,False,False,False,False,True,False,False,False,False,False,False,False,0.0,LOW
4033,2026-08-04,Sambhajinagar,Sambhajinagar Block-1,Sambhajinagar Block-1 Village-1,goat,2,0,1,38.6,,False,True,True,True,False,False,False,False,False,True,False,False,0.0,LOW
4034,2026-08-04,Nashik,Nashik Block-2,Nashik Block-2 Village-3,goat,3,0,9,,Reported by local field worker.,True,False,False,True,False,True,False,False,True,False,False,False,0.0,LOW
4035,2026-08-04,Amravati,Amravati Block-1,Amravati Block-1 Village-3,goat,3,0,6,38.6,Farmer requested urgent visit.,False,False,False,True,False,False,False,False,False,False,False,False,0.0,LOW
4036,2026-08-04,Nashik,Nashik Block-2,Nashik Block-2 Village-4,goat,3,0,7,,Similar cases seen in neighbouring herd.,False,False,True,False,False,False,False,False,False,False,False,False,0.0,LOW
4037,2026-08-04,Nashik,Nashik Block-1,Nashik Block-1 Village-2,goat,1,0,9,40.1,,True,True,False,False,False,False,False,False,False,False,False,False,0.0,LOW
4038,2026-08-04,Amravati,Amravati Block-1,Amravati Block-1 Village-1,cattle,2,0,1,41.2,Similar cases seen in neighbouring herd.,True,True,False,True,False,True,False,False,False,False,False,False,0.0,LOW
4039,2026-08-04,Pune,Pune Block-2,Pune Block-2 Village-3,sheep,22,10,2,,,True,True,True,True,True,False,True,True,False,True,False,False,0.455,HIGH
4040,2026-08-04,Kolhapur,Kolhapur Block-1,Kolhapur Block-1 Village-2,cattle,2,0,3,,,False,True,False,False,False,False,False,False,False,False,False,False,0.0,LOW
4041,2026-08-04,Pune,Pune Block-1,Pune Block-1 Village-2,sheep,4,0,1,40.2,Animals isolated as precaution.,True,False,False,False,True,True,False,False,False,True,False,False,0.0,LOW
4042,2026-08-04,Amravati,Amravati Block-2,Amravati Block-2 Village-2,sheep,4,0,8,40.6,,True,False,False,False,False,False,False,False,False,False,False,False,0.0,LOW
4043,2026-08-04,Nagpur,Nagpur Block-2,Nagpur Block-2 Village-3,goat,4,0,3,39.9,Animals isolated as precaution.,True,False,True,False,False,False,False,False,False,False,False,False,0.0,LOW
4044,2026-08-04,Sambhajinagar,Sambhajinagar Block-2,Sambhajinagar Block-2 Village-1,cattle,4,0,8,39.5,Farmer requested urgent visit.,True,False,False,False,False,False,True,False,False,False,False,False,0.0,LOW
4045,2026-08-04,Amravati,Amravati Block-3,Amravati Block-3 Village-4,buffalo,4,0,8,41.4,Animals isolated as precaution.,True,True,False,True,False,True,False,False,False,False,False,False,0.0,LOW
4046,2026-08-04,Nagpur,Nagpur Block-2,Nagpur Block-2 Village-5,buffalo,2,0,8,39.9,Reported by local field worker.,True,True,False,False,False,False,False,False,False,False,False,False,0.0,LOW
4047,2026-08-04,Pune,Pune Block-2,Pune Block-2 Village-3,sheep,1,0,2,38.6,Similar cases seen in neighbouring herd.,False,False,False,True,True,False,False,False,False,False,False,False,0.0,LOW
4048,2026-08-04,Nashik,Nashik Block-3,Nashik Block-3 Village-2,cattle,2,0,4,41.0,,True,False,False,False,False,False,False,False,False,False,False,False,0.0,LOW
4049,2026-08-04,Pune,Pune Block-2,Pune Block-2 Village-1,cattle,3,0,1,38.2,Animals isolated as precaution.,False,True,False,False,False,False,False,False,False,False,False,False,0.0,LOW
4050,2026-08-04,Kolhapur,Kolhapur Block-3,Kolhapur Block-3 Village-5,sheep,4,0,2,38.8,Reported by local field worker.,False,False,False,True,False,False,False,False,False,False,False,False,0.0,LOW
4051,2026-08-04,Pune,Pune Block-2,Pune Block-2 Village-3,buffalo,2,0,2,,Farmer requested urgent visit.,False,True,False,False,False,False,False,False,True,False,False,False,0.0,LOW
4052,2026-08-04,Kolhapur,Kolhapur Block-1,Kolhapur Block-1 Village-2,goat,3,0,6,38.8,,False,False,True,False,False,False,False,False,False,False,True,False,0.0,LOW
4053,2026-08-04,Amravati,Amravati Block-2,Amravati Block-2 Village-1,goat,2,0,2,37.9,Farmer requested urgent visit.,False,False,False,False,False,True,False,False,False,False,False,False,0.0,LOW
4054,2026-08-04,Kolhapur,Kolhapur Block-1,Kolhapur Block-1 Village-5,poultry,1,0,7,40.3,Reported by local field worker.,True,False,False,False,False,False,False,False,False,False,False,False,0.0,LOW
4055,2026-08-04,Amravati,Amravati Block-1,Amravati Block-1 Village-2,cattle,4,0,1,38.0,Farmer requested urgent visit.,False,True,False,False,False,False,False,False,False,False,False,False,0.0,LOW
4056,2026-08-04,Pune,Pune Block-2,Pune Block-2 Village-1,goat,4,0,2,,,False,False,False,False,False,True,False,False,False,False,True,False,0.0,MEDIUM
4057,2026-08-04,Amravati,Amravati Block-1,Amravati Block-1 Village-1,goat,10,3,2,40.4,,True,False,True,False,False,True,True,False,False,False,False,False,0.3,MEDIUM
4058,2026-08-04,Kolhapur,Kolhapur Block-1,Kolhapur Block-1 Village-3,goat,4,0,9,,Farmer requested urgent visit.,False,True,False,False,True,False,False,False,False,False,False,False,0.0,LOW
4059,2026-08-04,Amravati,Amravati Block-3,Amravati Block-3 Village-5,cattle,3,0,8,,Similar cases seen in neighbouring herd.,True,False,False,True,False,False,False,True,True,False,False,False,0.0,LOW
4060,2026-08-04,Nagpur,Nagpur Block-2,Nagpur Block-2 Village-5,goat,1,0,8,,Reported by local field worker.,False,False,False,True,False,False,False,False,False,False,False,False,0.0,LOW
4061,2026-08-04,Pune,Pune Block-2,Pune Block-2 Village-3,cattle,4,0,7,37.9,Reported by local field worker.,False,False,True,False,False,True,False,False,False,False,False,False,0.0,LOW
4062,2026-08-04,Amravati,Amravati Block-2,Amravati Block-2 Village-3,sheep,5,1,4,40.8,Farmer requested urgent visit.,True,False,True,False,False,False,False,False,True,False,False,False,0.2,MEDIUM
4063,2026-08-04,Nashik,Nashik Block-3,Nashik Block-3 Village-3,goat,9,1,3,38.3,,False,True,False,False,False,False,False,False,False,False,False,False,0.111,LOW
4064,2026-08-04,Nagpur,Nagpur Block-2,Nagpur Block-2 Village-5,goat,3,0,4,37.9,,False,False,True,False,False,False,False,False,False,False,False,False,0.0,LOW
4065,2026-08-04,Kolhapur,Kolhapur Block-1,Kolhapur Block-1 Village-5,goat,2,0,5,,Reported by local field worker.,True,True,False,False,False,False,False,False,False,False,False,False,0.0,LOW
4066,2026-08-04,Kolhapur,Kolhapur Block-2,Kolhapur Block-2 Village-3,buffalo,8,1,1,38.1,Farmer requested urgent visit.,False,False,False,True,False,False,False,False,False,False,False,False,0.125,LOW
4067,2026-08-04,Kolhapur,Kolhapur Block-1,Kolhapur Block-1 Village-5,goat,1,0,7,38.4,Similar cases seen in neighbouring herd.,False,False,False,False,True,False,False,False,False,False,False,False,0.0,LOW
4068,2026-08-04,Kolhapur,Kolhapur Block-3,Kolhapur Block-3 Village-5,goat,3,0,5,40.3,,True,False,False,False,False,True,False,True,False,False,False,False,0.0,LOW
4069,2026-08-04,Amravati,Amravati Block-3,Amravati Block-3 Village-2,goat,3,0,4,38.6,,False,False,False,False,False,False,False,False,True,False,False,False,0.0,LOW
4070,2026-08-05,Kolhapur,Kolhapur Block-3,Kolhapur Block-3 Village-1,sheep,7,1,4,40.0,Similar cases seen in neighbouring herd.,True,False,False,False,False,False,True,False,False,False,False,False,0.143,LOW
4071,2026-08-05,Kolhapur,Kolhapur Block-3,Kolhapur Block-3 Village-1,poultry,4,1,1,41.4,Reported by local field worker.,True,True,True,True,False,True,False,False,False,False,False,False,0.25,LOW
4072,2026-08-05,Amravati,Amravati Block-2,Amravati Block-2 Village-1,goat,2,0,3,37.7,,False,False,False,False,True,False,False,False,False,False,False,False,0.0,LOW
4073,2026-08-05,Nagpur,Nagpur Block-3,Nagpur Block-3 Village-4,buffalo,4,0,5,38.4,Reported by local field worker.,False,False,False,False,False,True,False,False,False,False,False,False,0.0,LOW
4074,2026-08-05,Pune,Pune Block-3,Pune Block-3 Village-2,buffalo,1,0,8,,,True,False,False,True,False,False,True,False,True,False,False,False,0.0,LOW
4075,2026-08-05,Kolhapur,Kolhapur Block-1,Kolhapur Block-1 Village-4,cattle,7,1,3,41.3,,True,True,False,True,False,True,True,False,False,False,False,False,0.143,LOW
4076,2026-08-05,Pune,Pune Block-1,Pune Block-1 Village-4,buffalo,4,0,3,38.8,Similar cases seen in neighbouring herd.,False,False,True,False,False,False,True,False,False,False,False,False,0.0,LOW
4077,2026-08-05,Nagpur,Nagpur Block-3,Nagpur Block-3 Village-4,buffalo,4,0,2,,,True,False,False,False,False,False,False,False,False,False,False,False,0.0,LOW
4078,2026-08-05,Nagpur,Nagpur Block-2,Nagpur Block-2 Village-5,cattle,24,4,2,41.1,,True,False,False,True,True,False,False,True,False,False,True,False,0.167,HIGH
4079,2026-08-05,Kolhapur,Kolhapur Block-1,Kolhapur Block-1 Village-2,sheep,3,0,8,37.6,,False,False,False,False,False,False,True,False,False,False,False,False,0.0,LOW
4080,2026-08-05,Sambhajinagar,Sambhajinagar Block-1,Sambhajinagar Block-1 Village-1,goat,2,0,6,38.2,Animals isolated as precaution.,False,False,False,False,False,False,False,False,True,False,False,False,0.0,LOW
4081,2026-08-05,Pune,Pune Block-2,Pune Block-2 Village-5,sheep,2,0,1,,Animals isolated as precaution.,False,False,False,False,False,False,True,False,False,False,False,False,0.0,LOW
4082,2026-08-05,Nagpur,Nagpur Block-3,Nagpur Block-3 Village-1,goat,3,0,7,38.3,,False,True,True,True,False,False,False,False,False,False,False,False,0.0,LOW
4083,2026-08-05,Nagpur,Nagpur Block-2,Nagpur Block-2 Village-2,cattle,23,7,1,40.4,Animals isolated as precaution.,True,True,False,False,False,True,False,True,False,False,False,False,0.304,MEDIUM
4084,2026-08-05,Pune,Pune Block-2,Pune Block-2 Village-1,goat,4,0,5,38.2,,False,True,False,False,False,False,False,False,False,False,False,False,0.0,LOW
4085,2026-08-05,Kolhapur,Kolhapur Block-1,Kolhapur Block-1 Village-5,goat,2,0,7,,,True,True,True,False,True,False,True,False,False,False,False,False,0.0,LOW
4086,2026-08-05,Kolhapur,Kolhapur Block-3,Kolhapur Block-3 Village-1,cattle,13,2,2,40.1,,True,True,True,True,False,True,False,True,False,False,False,False,0.154,LOW
4087,2026-08-05,Pune,Pune Block-2,Pune Block-2 Village-1,goat,4,0,4,,Similar cases seen in neighbouring herd.,False,False,False,True,False,False,False,False,False,False,False,False,0.0,LOW
4088,2026-08-05,Nashik,Nashik Block-3,Nashik Block-3 Village-2,buffalo,5,1,7,39.7,Similar cases seen in neighbouring herd.,True,False,True,True,False,False,True,False,True,False,False,True,0.2,HIGH
4089,2026-08-05,Nagpur,Nagpur Block-3,Nagpur Block-3 Village-3,buffalo,1,0,8,,Reported by local field worker.,False,True,False,False,False,False,False,False,False,False,False,False,0.0,LOW
4090,2026-08-05,Nashik,Nashik Block-1,Nashik Block-1 Village-2,cattle,3,0,7,40.4,Animals isolated as precaution.,True,False,False,True,True,False,False,False,False,False,False,False,0.0,LOW
4091,2026-08-05,Sambhajinagar,Sambhajinagar Block-1,Sambhajinagar Block-1 Village-3,sheep,3,0,6,40.7,Reported by local field worker.,True,True,True,False,False,False,False,False,False,False,False,False,0.0,LOW
4092,2026-08-05,Nagpur,Nagpur Block-3,Nagpur Block-3 Village-2,sheep,2,0,5,38.3,Reported by local field worker.,False,False,False,False,False,True,False,False,False,False,False,False,0.0,LOW
4093,2026-08-05,Amravati,Amravati Block-2,Amravati Block-2 Village-5,goat,2,0,1,38.9,Animals isolated as precaution.,False,True,False,False,False,False,False,False,False,False,False,False,0.0,LOW
4094,2026-08-05,Nashik,Nashik Block-3,Nashik Block-3 Village-4,cattle,1,0,1,,,False,True,False,False,False,True,False,False,False,False,False,False,0.0,LOW
4095,2026-08-05,Nashik,Nashik Block-2,Nashik Block-2 Village-4,poultry,6,1,6,,Farmer requested urgent visit.,True,False,False,True,True,False,False,False,False,False,False,False,0.167,LOW
4096,2026-08-05,Nashik,Nashik Block-1,Nashik Block-1 Village-1,cattle,4,0,6,40.3,Animals isolated as precaution.,True,False,False,False,False,False,False,False,False,False,False,False,0.0,LOW
4097,2026-08-05,Amravati,Amravati Block-3,Amravati Block-3 Village-3,poultry,2,0,9,37.8,Animals isolated as precaution.,False,False,False,False,False,False,False,False,True,False,False,False,0.0,LOW
4098,2026-08-05,Nagpur,Nagpur Block-2,Nagpur Block-2 Village-3,poultry,3,0,3,,,True,False,True,False,True,False,False,False,True,False,False,False,0.0,LOW
4099,2026-08-05,Amravati,Amravati Block-3,Amravati Block-3 Village-3,goat,3,0,2,,Similar cases seen in neighbouring herd.,False,True,False,False,False,False,False,False,False,False,False,False,0.0,LOW
4100,2026-08-05,Kolhapur,Kolhapur Block-3,Kolhapur Block-3 Village-4,buffalo,8,2,1,,Animals isolated as precaution.,True,True,True,True,False,False,False,False,False,False,False,False,0.25,LOW
4101,2026-08-05,Sambhajinagar,Sambhajinagar Block-3,Sambhajinagar Block-3 Village-1,buffalo,1,0,6,40.5,Farmer requested urgent visit.,True,False,True,False,False,True,True,False,False,False,False,False,0.0,LOW
4102,2026-08-05,Nagpur,Nagpur Block-1,Nagpur Block-1 Village-1,cattle,3,0,3,39.9,Reported by local field worker.,True,False,True,False,False,False,False,False,False,False,False,False,0.0,LOW
4103,2026-08-05,Amravati,Amravati Block-1,Amravati Block-1 Village-4,buffalo,3,0,2,39.9,Farmer requested urgent visit.,True,False,False,True,False,False,True,False,False,False,False,False,0.0,LOW
4104,2026-08-05,Nagpur,Nagpur Block-2,Nagpur Block-2 Village-1,goat,4,0,9,38.1,Animals isolated as precaution.,False,False,False,False,True,False,False,False,True,False,False,False,0.0,LOW
4105,2026-08-05,Sambhajinagar,Sambhajinagar Block-1,Sambhajinagar Block-1 Village-1,cattle,2,0,9,38.3,Reported by local field worker.,False,True,True,False,False,True,False,False,True,False,False,False,0.0,LOW
4106,2026-08-05,Pune,Pune Block-1,Pune Block-1 Village-1,cattle,4,0,4,,,True,False,False,False,True,False,False,False,False,False,False,True,0.0,MEDIUM
4107,2026-08-05,Nashik,Nashik Block-3,Nashik Block-3 Village-3,sheep,4,0,9,38.8,Farmer requested urgent visit.,False,False,False,False,True,False,False,False,False,False,False,False,0.0,LOW
4108,2026-08-05,Sambhajinagar,Sambhajinagar Block-3,Sambhajinagar Block-3 Village-1,poultry,3,0,2,,,False,True,True,False,False,False,False,False,False,False,False,False,0.0,LOW
4109,2026-08-05,Nashik,Nashik Block-3,Nashik Block-3 Village-3,cattle,7,1,1,40.0,Similar cases seen in neighbouring herd.,True,False,False,True,False,True,False,False,True,False,False,False,0.143,MEDIUM
4110,2026-08-06,Kolhapur,Kolhapur Block-3,Kolhapur Block-3 Village-1,buffalo,3,0,8,39.5,,True,True,False,True,False,False,True,True,True,False,True,False,0.0,MEDIUM
4111,2026-08-06,Kolhapur,Kolhapur Block-3,Kolhapur Block-3 Village-1,cattle,4,1,3,40.3,Farmer requested urgent visit.,True,True,False,True,False,True,False,True,True,False,False,False,0.25,LOW
4112,2026-08-06,Kolhapur,Kolhapur Block-2,Kolhapur Block-2 Village-2,poultry,4,0,8,38.2,,False,False,False,True,False,False,True,False,False,False,False,False,0.0,LOW
4113,2026-08-06,Nagpur,Nagpur Block-2,Nagpur Block-2 Village-2,cattle,1,0,4,40.5,,True,True,True,True,False,True,False,False,False,False,False,False,0.0,LOW
4114,2026-08-06,Sambhajinagar,Sambhajinagar Block-3,Sambhajinagar Block-3 Village-1,cattle,4,1,4,,Reported by local field worker.,True,False,False,True,False,False,False,True,True,False,False,False,0.25,MEDIUM
4115,2026-08-06,Pune,Pune Block-2,Pune Block-2 Village-2,buffalo,3,0,6,38.0,,False,False,False,True,False,False,False,False,False,False,False,False,0.0,LOW
4116,2026-08-06,Amravati,Amravati Block-1,Amravati Block-1 Village-5,goat,3,1,4,,,False,True,False,False,False,True,False,False,False,False,False,False,0.333,MEDIUM
4117,2026-08-06,Nagpur,Nagpur Block-2,Nagpur Block-2 Village-5,goat,2,0,7,40.0,Farmer requested urgent visit.,True,True,False,False,False,False,False,True,False,False,False,False,0.0,LOW
4118,2026-08-06,Sambhajinagar,Sambhajinagar Block-2,Sambhajinagar Block-2 Village-4,cattle,6,1,5,,Similar cases seen in neighbouring herd.,True,True,False,False,False,True,False,False,True,False,False,False,0.167,MEDIUM
4119,2026-08-06,Amravati,Amravati Block-1,Amravati Block-1 Village-1,buffalo,3,0,1,,,False,False,True,False,False,True,False,False,False,False,False,False,0.0,LOW
4120,2026-08-06,Sambhajinagar,Sambhajinagar Block-1,Sambhajinagar Block-1 Village-3,cattle,4,0,5,39.1,Similar cases seen in neighbouring herd.,False,False,False,False,False,False,True,False,False,False,False,False,0.0,LOW
4121,2026-08-06,Sambhajinagar,Sambhajinagar Block-2,Sambhajinagar Block-2 Village-3,cattle,3,0,2,39.0,,False,True,False,False,False,True,False,False,False,False,False,False,0.0,LOW
4122,2026-08-06,Nashik,Nashik Block-3,Nashik Block-3 Village-1,goat,3,0,9,40.8,Farmer requested urgent visit.,True,False,False,False,False,False,False,False,True,False,False,False,0.0,LOW
4123,2026-08-06,Nagpur,Nagpur Block-1,Nagpur Block-1 Village-2,cattle,2,0,2,,Reported by local field worker.,True,False,False,False,False,False,False,False,False,True,False,False,0.0,LOW
4124,2026-08-06,Kolhapur,Kolhapur Block-3,Kolhapur Block-3 Village-2,cattle,1,0,2,38.7,,False,False,False,False,False,False,True,False,True,False,False,False,0.0,LOW
4125,2026-08-06,Sambhajinagar,Sambhajinagar Block-3,Sambhajinagar Block-3 Village-1,buffalo,2,0,2,38.4,Farmer requested urgent visit.,False,True,False,False,False,False,True,False,True,False,False,False,0.0,LOW
4126,2026-08-06,Sambhajinagar,Sambhajinagar Block-3,Sambhajinagar Block-3 Village-4,cattle,2,0,2,41.3,Similar cases seen in neighbouring herd.,True,False,False,False,False,False,False,False,True,False,False,False,0.0,LOW
4127,2026-08-06,Nagpur,Nagpur Block-3,Nagpur Block-3 Village-3,buffalo,3,0,1,38.7,,False,False,False,False,False,False,False,False,False,False,True,False,0.0,LOW
4128,2026-08-06,Nashik,Nashik Block-1,Nashik Block-1 Village-5,cattle,3,0,3,37.8,Similar cases seen in neighbouring herd.,False,True,False,False,False,True,False,False,False,True,False,False,0.0,LOW
4129,2026-08-06,Nagpur,Nagpur Block-2,Nagpur Block-2 Village-2,cattle,4,0,3,40.3,,True,True,False,False,True,False,False,False,False,False,False,False,0.0,LOW
4130,2026-08-06,Kolhapur,Kolhapur Block-1,Kolhapur Block-1 Village-1,sheep,4,0,4,38.4,Reported by local field worker.,False,False,True,False,False,False,False,False,False,False,False,False,0.0,LOW
4131,2026-08-06,Nagpur,Nagpur Block-3,Nagpur Block-3 Village-2,goat,4,0,1,39.5,,True,False,True,False,False,False,False,False,False,False,False,False,0.0,LOW
4132,2026-08-06,Nashik,Nashik Block-2,Nashik Block-2 Village-5,sheep,3,0,1,38.3,,False,False,False,False,False,False,False,False,False,False,True,False,0.0,MEDIUM
4133,2026-08-06,Sambhajinagar,Sambhajinagar Block-2,Sambhajinagar Block-2 Village-4,cattle,3,0,9,38.6,,False,False,False,False,False,False,False,True,False,False,False,False,0.0,LOW
4134,2026-08-06,Kolhapur,Kolhapur Block-1,Kolhapur Block-1 Village-4,sheep,3,0,8,38.1,Reported by local field worker.,False,True,False,False,False,False,False,False,False,False,False,False,0.0,LOW
4135,2026-08-06,Nashik,Nashik Block-3,Nashik Block-3 Village-2,goat,4,0,5,38.8,,False,False,True,False,False,False,False,False,False,False,False,False,0.0,LOW
4136,2026-08-06,Sambhajinagar,Sambhajinagar Block-1,Sambhajinagar Block-1 Village-2,buffalo,3,0,8,37.7,Farmer requested urgent visit.,False,False,False,True,False,False,False,False,True,False,False,False,0.0,LOW
4137,2026-08-06,Kolhapur,Kolhapur Block-2,Kolhapur Block-2 Village-1,cattle,1,0,2,40.4,Farmer requested urgent visit.,True,False,False,False,False,False,False,False,False,False,False,False,0.0,LOW
4138,2026-08-06,Pune,Pune Block-3,Pune Block-3 Village-2,goat,2,0,8,39.0,,False,False,False,False,False,False,False,False,False,False,False,True,0.0,LOW
4139,2026-08-06,Nagpur,Nagpur Block-1,Nagpur Block-1 Village-1,sheep,4,0,9,38.9,,False,False,False,True,False,False,False,False,False,False,False,False,0.0,LOW
4140,2026-08-06,Kolhapur,Kolhapur Block-3,Kolhapur Block-3 Village-4,cattle,4,0,6,38.3,Reported by local field worker.,False,True,False,False,False,False,False,False,False,True,False,False,0.0,LOW
4141,2026-08-06,Kolhapur,Kolhapur Block-2,Kolhapur Block-2 Village-5,cattle,4,0,3,38.5,,False,False,False,True,False,False,False,False,True,False,False,False,0.0,LOW
4142,2026-08-06,Amravati,Amravati Block-2,Amravati Block-2 Village-5,sheep,1,0,1,40.9,,True,False,False,False,False,False,False,False,False,False,False,False,0.0,LOW
4143,2026-08-06,Amravati,Amravati Block-1,Amravati Block-1 Village-3,cattle,1,0,6,38.2,Animals isolated as precaution.,False,False,False,False,False,False,False,True,False,False,False,False,0.0,LOW
4144,2026-08-06,Nagpur,Nagpur Block-2,Nagpur Block-2 Village-3,cattle,2,0,4,41.5,Reported by local field worker.,True,False,False,False,False,False,False,True,False,False,False,False,0.0,LOW
4145,2026-08-06,Nagpur,Nagpur Block-2,Nagpur Block-2 Village-4,goat,1,0,5,,Similar cases seen in neighbouring herd.,False,True,False,False,False,False,True,False,False,False,False,False,0.0,LOW
4146,2026-08-06,Nagpur,Nagpur Block-2,Nagpur Block-2 Village-4,cattle,3,0,4,41.4,,True,False,False,False,False,False,False,False,False,False,False,False,0.0,LOW
4147,2026-08-06,Pune,Pune Block-1,Pune Block-1 Village-3,poultry,4,0,8,,,True,False,False,False,False,True,True,True,False,False,False,False,0.0,LOW
4148,2026-08-06,Kolhapur,Kolhapur Block-3,Kolhapur Block-3 Village-5,sheep,3,1,9,41.3,,True,False,False,True,False,False,False,True,False,True,False,False,0.333,MEDIUM
4149,2026-08-06,Amravati,Amravati Block-3,Amravati Block-3 Village-5,cattle,3,0,3,41.1,,True,False,False,False,False,False,False,False,False,False,False,False,0.0,LOW
4150,2026-08-06,Kolhapur,Kolhapur Block-2,Kolhapur Block-2 Village-5,buffalo,4,0,8,37.7,Animals isolated as precaution.,False,False,False,True,False,False,False,False,False,False,False,False,0.0,LOW
4151,2026-08-06,Pune,Pune Block-2,Pune Block-2 Village-2,cattle,4,0,4,39.2,,False,True,False,False,False,False,True,False,False,False,False,False,0.0,LOW
4152,2026-08-06,Kolhapur,Kolhapur Block-1,Kolhapur Block-1 Village-2,goat,3,0,6,39.1,Similar cases seen in neighbouring herd.,False,True,False,False,False,False,False,False,False,False,False,False,0.0,LOW
4153,2026-08-06,Amravati,Amravati Block-2,Amravati Block-2 Village-1,buffalo,2,0,5,,Similar cases seen in neighbouring herd.,False,True,True,False,False,False,False,False,False,False,False,False,0.0,LOW
4154,2026-08-06,Kolhapur,Kolhapur Block-2,Kolhapur Block-2 Village-1,poultry,3,0,1,,Farmer requested urgent visit.,False,True,False,False,False,False,True,False,False,False,False,False,0.0,LOW
4155,2026-08-06,Nagpur,Nagpur Block-1,Nagpur Block-1 Village-2,buffalo,2,0,4,,,True,False,False,False,False,False,True,False,False,True,False,False,0.0,LOW
4156,2026-08-06,Pune,Pune Block-3,Pune Block-3 Village-2,poultry,2,0,1,40.5,Animals isolated as precaution.,True,False,False,False,False,True,True,False,False,False,False,False,0.0,LOW
4157,2026-08-06,Kolhapur,Kolhapur Block-2,Kolhapur Block-2 Village-4,poultry,4,0,7,41.2,,True,False,False,True,True,True,False,False,False,False,False,False,0.0,LOW
4158,2026-08-06,Pune,Pune Block-2,Pune Block-2 Village-5,cattle,8,1,5,,Farmer requested urgent visit.,True,False,True,True,False,False,True,False,False,True,False,False,0.125,LOW
4159,2026-08-06,Amravati,Amravati Block-2,Amravati Block-2 Village-4,cattle,1,0,3,38.8,Similar cases seen in neighbouring herd.,False,False,False,False,False,False,False,False,True,False,False,False,0.0,LOW
4160,2026-08-06,Kolhapur,Kolhapur Block-1,Kolhapur Block-1 Village-5,cattle,8,0,3,,,True,True,True,False,True,True,False,False,False,False,False,False,0.0,LOW
4161,2026-08-06,Nashik,Nashik Block-3,Nashik Block-3 Village-4,goat,3,0,4,37.9,,False,True,False,False,False,False,False,False,False,False,False,False,0.0,LOW
4162,2026-08-06,Sambhajinagar,Sambhajinagar Block-2,Sambhajinagar Block-2 Village-2,cattle,5,0,5,40.8,,True,True,False,False,False,True,False,False,False,False,False,False,0.0,LOW
4163,2026-08-06,Nagpur,Nagpur Block-2,Nagpur Block-2 Village-3,cattle,3,0,9,37.7,,False,False,True,False,False,True,False,False,False,False,False,False,0.0,LOW
4164,2026-08-06,Amravati,Amravati Block-1,Amravati Block-1 Village-1,buffalo,9,1,4,40.2,Animals isolated as precaution.,True,False,True,False,False,True,False,False,False,False,False,False,0.111,LOW
4165,2026-08-06,Nashik,Nashik Block-3,Nashik Block-3 Village-5,cattle,7,1,5,38.5,,False,False,False,True,False,True,True,False,False,False,False,False,0.143,LOW
4166,2026-08-06,Nagpur,Nagpur Block-3,Nagpur Block-3 Village-2,sheep,2,0,5,38.5,,False,False,False,False,False,False,True,False,False,False,False,False,0.0,LOW
4167,2026-08-06,Sambhajinagar,Sambhajinagar Block-3,Sambhajinagar Block-3 Village-5,goat,1,0,5,37.7,Similar cases seen in neighbouring herd.,False,False,False,True,False,False,False,False,False,False,False,False,0.0,LOW
4168,2026-08-06,Pune,Pune Block-1,Pune Block-1 Village-1,sheep,3,0,6,37.7,Animals isolated as precaution.,False,False,False,False,False,False,False,False,False,False,True,False,0.0,MEDIUM
4169,2026-08-07,Kolhapur,Kolhapur Block-3,Kolhapur Block-3 Village-1,cattle,9,4,3,,,True,True,True,True,False,True,True,True,False,False,False,False,0.444,HIGH
4170,2026-08-07,Pune,Pune Block-2,Pune Block-2 Village-3,goat,1,0,2,40.3,Similar cases seen in neighbouring herd.,True,False,False,False,False,False,False,False,False,False,False,False,0.0,LOW
4171,2026-08-07,Nagpur,Nagpur Block-1,Nagpur Block-1 Village-1,goat,3,0,9,38.3,,False,False,True,False,False,False,False,False,False,False,False,False,0.0,LOW
4172,2026-08-07,Pune,Pune Block-1,Pune Block-1 Village-2,poultry,4,2,2,41.4,,True,False,False,True,True,True,True,False,True,False,False,False,0.5,MEDIUM
4173,2026-08-07,Nashik,Nashik Block-3,Nashik Block-3 Village-2,poultry,10,5,3,40.4,,True,False,False,True,False,False,False,True,True,False,False,True,0.5,HIGH
4174,2026-08-07,Nagpur,Nagpur Block-1,Nagpur Block-1 Village-5,cattle,8,1,5,38.8,,False,False,True,False,False,False,False,False,False,False,False,False,0.125,MEDIUM
4175,2026-08-07,Pune,Pune Block-3,Pune Block-3 Village-1,goat,5,1,3,40.0,Similar cases seen in neighbouring herd.,True,False,False,True,False,True,False,True,False,False,False,False,0.2,MEDIUM
4176,2026-08-07,Pune,Pune Block-2,Pune Block-2 Village-1,buffalo,5,0,5,40.3,,True,True,False,True,False,False,False,True,False,False,False,False,0.0,LOW
4177,2026-08-07,Amravati,Amravati Block-2,Amravati Block-2 Village-2,sheep,7,1,6,38.9,,False,False,True,True,False,False,False,False,False,False,False,False,0.143,MEDIUM
4178,2026-08-07,Amravati,Amravati Block-1,Amravati Block-1 Village-1,buffalo,3,0,6,41.0,Similar cases seen in neighbouring herd.,True,False,True,False,False,False,False,False,False,False,False,False,0.0,LOW
4179,2026-08-07,Kolhapur,Kolhapur Block-3,Kolhapur Block-3 Village-2,sheep,1,0,7,38.6,,False,False,False,True,False,False,False,False,False,False,False,False,0.0,LOW
4180,2026-08-07,Amravati,Amravati Block-2,Amravati Block-2 Village-1,cattle,2,0,4,,Farmer requested urgent visit.,False,False,False,False,False,True,False,False,False,False,False,True,0.0,LOW
4181,2026-08-07,Nashik,Nashik Block-1,Nashik Block-1 Village-5,goat,9,1,7,,Reported by local field worker.,True,True,False,False,False,False,False,False,False,False,False,False,0.111,LOW
4182,2026-08-07,Kolhapur,Kolhapur Block-1,Kolhapur Block-1 Village-5,cattle,5,1,5,40.1,Animals isolated as precaution.,True,False,False,False,False,False,False,False,False,False,False,True,0.2,HIGH
4183,2026-08-07,Sambhajinagar,Sambhajinagar Block-1,Sambhajinagar Block-1 Village-2,buffalo,2,0,7,41.3,Similar cases seen in neighbouring herd.,True,True,False,True,True,False,False,True,False,False,False,False,0.0,LOW
4184,2026-08-07,Nagpur,Nagpur Block-2,Nagpur Block-2 Village-4,sheep,2,0,5,,Farmer requested urgent visit.,False,True,False,False,False,False,False,False,False,False,False,False,0.0,LOW
4185,2026-08-07,Nagpur,Nagpur Block-1,Nagpur Block-1 Village-1,goat,1,0,7,37.8,Animals isolated as precaution.,False,True,False,False,True,False,False,False,False,False,False,False,0.0,LOW
4186,2026-08-07,Sambhajinagar,Sambhajinagar Block-3,Sambhajinagar Block-3 Village-3,sheep,3,0,1,38.7,,False,False,False,False,False,True,False,False,False,False,False,False,0.0,LOW
4187,2026-08-07,Kolhapur,Kolhapur Block-2,Kolhapur Block-2 Village-5,buffalo,2,0,6,,Reported by local field worker.,False,True,False,True,True,False,False,False,False,False,False,True,0.0,MEDIUM
4188,2026-08-07,Sambhajinagar,Sambhajinagar Block-2,Sambhajinagar Block-2 Village-1,cattle,2,0,9,40.6,,True,False,False,False,False,False,False,False,False,False,False,False,0.0,LOW
4189,2026-08-07,Nagpur,Nagpur Block-2,Nagpur Block-2 Village-2,cattle,4,0,1,38.9,,False,False,False,False,False,True,False,False,False,False,False,False,0.0,LOW
4190,2026-08-07,Sambhajinagar,Sambhajinagar Block-1,Sambhajinagar Block-1 Village-3,cattle,15,3,2,,,True,True,False,True,False,False,False,False,True,False,False,False,0.2,MEDIUM
4191,2026-08-07,Pune,Pune Block-3,Pune Block-3 Village-2,cattle,3,0,8,40.7,Animals isolated as precaution.,True,False,False,False,False,False,False,False,False,False,False,False,0.0,LOW
4192,2026-08-07,Amravati,Amravati Block-1,Amravati Block-1 Village-5,goat,3,0,7,,,True,False,False,False,False,True,False,False,False,False,False,False,0.0,LOW
4193,2026-08-07,Sambhajinagar,Sambhajinagar Block-3,Sambhajinagar Block-3 Village-1,buffalo,1,0,8,41.1,Reported by local field worker.,True,False,False,False,False,False,False,False,False,False,True,False,0.0,LOW
4194,2026-08-07,Sambhajinagar,Sambhajinagar Block-1,Sambhajinagar Block-1 Village-5,poultry,4,0,9,39.6,,True,False,False,False,False,False,False,False,False,True,False,False,0.0,LOW
4195,2026-08-07,Nagpur,Nagpur Block-2,Nagpur Block-2 Village-2,buffalo,1,0,5,37.7,Farmer requested urgent visit.,False,False,True,True,False,False,False,False,False,False,False,False,0.0,LOW
4196,2026-08-07,Nashik,Nashik Block-3,Nashik Block-3 Village-3,buffalo,4,0,4,38.6,,False,False,True,False,False,False,False,True,False,False,False,False,0.0,LOW
4197,2026-08-07,Pune,Pune Block-1,Pune Block-1 Village-2,goat,1,0,3,39.2,Farmer requested urgent visit.,False,False,False,False,False,False,False,False,False,False,False,True,0.0,LOW
4198,2026-08-07,Pune,Pune Block-1,Pune Block-1 Village-3,buffalo,1,0,2,,,False,True,False,False,False,False,False,False,False,False,False,False,0.0,LOW
4199,2026-08-07,Pune,Pune Block-3,Pune Block-3 Village-4,cattle,5,0,3,38.6,,False,False,True,False,False,True,False,True,False,False,False,False,0.0,LOW
4200,2026-08-07,Nagpur,Nagpur Block-2,Nagpur Block-2 Village-2,goat,3,0,4,,Reported by local field worker.,False,False,False,False,True,False,False,False,False,False,False,False,0.0,LOW
4201,2026-08-07,Pune,Pune Block-2,Pune Block-2 Village-3,sheep,8,0,4,38.0,,False,False,False,True,False,True,False,False,False,False,False,False,0.0,LOW
4202,2026-08-07,Pune,Pune Block-3,Pune Block-3 Village-4,cattle,3,0,7,38.3,Similar cases seen in neighbouring herd.,False,False,False,True,False,False,False,False,False,False,False,False,0.0,LOW
4203,2026-08-07,Pune,Pune Block-2,Pune Block-2 Village-4,cattle,3,0,8,39.9,,True,False,False,False,True,False,False,False,False,False,False,False,0.0,LOW
4204,2026-08-07,Sambhajinagar,Sambhajinagar Block-3,Sambhajinagar Block-3 Village-1,sheep,1,0,1,38.4,Similar cases seen in neighbouring herd.,False,False,False,False,True,False,False,False,False,False,False,False,0.0,LOW
4205,2026-08-07,Kolhapur,Kolhapur Block-3,Kolhapur Block-3 Village-1,buffalo,3,0,2,,Farmer requested urgent visit.,False,False,True,False,False,True,False,False,False,False,False,False,0.0,LOW
4206,2026-08-07,Amravati,Amravati Block-3,Amravati Block-3 Village-3,goat,2,0,7,39.8,,True,True,False,False,False,False,False,True,False,False,False,False,0.0,LOW
4207,2026-08-07,Amravati,Amravati Block-1,Amravati Block-1 Village-4,cattle,8,0,4,,Similar cases seen in neighbouring herd.,True,False,False,False,True,True,False,False,False,False,False,False,0.0,LOW
4208,2026-08-07,Nagpur,Nagpur Block-3,Nagpur Block-3 Village-3,poultry,1,0,3,,,True,False,True,False,False,False,False,False,False,False,False,False,0.0,LOW
4209,2026-08-07,Nagpur,Nagpur Block-2,Nagpur Block-2 Village-1,buffalo,1,0,8,,,True,False,True,False,False,True,False,False,False,False,False,False,0.0,LOW
4210,2026-08-07,Pune,Pune Block-3,Pune Block-3 Village-1,buffalo,4,0,8,38.9,,False,False,False,False,True,True,False,False,False,False,False,False,0.0,LOW
4211,2026-08-07,Nashik,Nashik Block-3,Nashik Block-3 Village-2,cattle,1,0,6,,,True,False,True,False,False,False,False,False,False,False,False,False,0.0,LOW
4212,2026-08-08,Kolhapur,Kolhapur Block-3,Kolhapur Block-3 Village-1,goat,12,7,3,,Reported by local field worker.,True,True,True,True,False,False,False,False,False,False,False,False,0.583,MEDIUM
4213,2026-08-08,Kolhapur,Kolhapur Block-3,Kolhapur Block-3 Village-1,cattle,2,0,2,37.9,,False,False,True,False,True,False,False,False,False,False,False,False,0.0,LOW
4214,2026-08-08,Pune,Pune Block-1,Pune Block-1 Village-4,goat,4,0,8,,,False,True,False,False,True,False,False,False,False,False,False,False,0.0,LOW
4215,2026-08-08,Nashik,Nashik Block-1,Nashik Block-1 Village-4,goat,3,0,8,,Reported by local field worker.,False,True,False,False,False,False,False,False,False,False,False,False,0.0,LOW
4216,2026-08-08,Nashik,Nashik Block-1,Nashik Block-1 Village-2,sheep,3,0,1,39.0,Reported by local field worker.,False,False,False,True,False,False,False,False,False,False,False,False,0.0,LOW
4217,2026-08-08,Pune,Pune Block-1,Pune Block-1 Village-5,sheep,1,0,4,40.9,,True,False,False,False,True,False,False,False,False,False,True,False,0.0,LOW
4218,2026-08-08,Amravati,Amravati Block-2,Amravati Block-2 Village-5,goat,1,0,4,,,False,True,False,True,False,False,False,False,False,False,False,False,0.0,LOW
4219,2026-08-08,Kolhapur,Kolhapur Block-2,Kolhapur Block-2 Village-3,poultry,3,0,7,,Reported by local field worker.,False,False,False,False,False,True,False,False,False,False,False,False,0.0,LOW
4220,2026-08-08,Kolhapur,Kolhapur Block-1,Kolhapur Block-1 Village-5,poultry,4,0,2,,Reported by local field worker.,False,False,False,False,True,False,False,False,False,False,False,False,0.0,LOW
4221,2026-08-08,Pune,Pune Block-2,Pune Block-2 Village-3,goat,2,0,7,38.5,,False,False,False,False,False,True,False,False,False,False,False,False,0.0,LOW
4222,2026-08-08,Kolhapur,Kolhapur Block-2,Kolhapur Block-2 Village-1,sheep,4,0,4,38.8,,False,False,True,False,True,False,True,False,False,False,False,False,0.0,LOW
4223,2026-08-08,Nagpur,Nagpur Block-1,Nagpur Block-1 Village-1,cattle,4,0,5,,Similar cases seen in neighbouring herd.,False,False,False,False,True,False,False,False,False,False,False,False,0.0,LOW
4224,2026-08-08,Pune,Pune Block-1,Pune Block-1 Village-1,goat,4,0,7,41.0,,True,True,True,False,False,False,False,False,False,False,True,False,0.0,MEDIUM
4225,2026-08-08,Nashik,Nashik Block-1,Nashik Block-1 Village-2,cattle,4,0,2,40.0,Similar cases seen in neighbouring herd.,True,True,False,False,False,False,False,False,False,False,False,False,0.0,LOW
4226,2026-08-08,Pune,Pune Block-1,Pune Block-1 Village-5,sheep,1,0,7,38.8,,False,False,False,True,False,True,True,False,False,False,False,False,0.0,LOW
4227,2026-08-08,Nagpur,Nagpur Block-1,Nagpur Block-1 Village-1,buffalo,2,0,8,37.7,Animals isolated as precaution.,False,False,False,False,False,False,True,False,False,False,False,False,0.0,LOW
4228,2026-08-08,Sambhajinagar,Sambhajinagar Block-1,Sambhajinagar Block-1 Village-2,sheep,3,0,1,41.2,,True,False,False,True,False,False,False,False,False,False,False,False,0.0,LOW
4229,2026-08-08,Kolhapur,Kolhapur Block-3,Kolhapur Block-3 Village-2,poultry,24,5,1,40.2,Farmer requested urgent visit.,True,True,True,True,False,False,True,False,False,True,False,False,0.208,HIGH
4230,2026-08-08,Amravati,Amravati Block-1,Amravati Block-1 Village-2,goat,3,0,2,38.1,,False,True,False,False,False,False,False,False,False,False,False,False,0.0,LOW
4231,2026-08-08,Nashik,Nashik Block-3,Nashik Block-3 Village-4,cattle,3,0,9,38.4,,False,False,False,True,True,True,False,False,False,False,False,False,0.0,LOW
4232,2026-08-08,Sambhajinagar,Sambhajinagar Block-3,Sambhajinagar Block-3 Village-1,cattle,3,0,8,38.4,Farmer requested urgent visit.,False,False,False,True,False,False,False,False,False,False,False,False,0.0,LOW
4233,2026-08-08,Nashik,Nashik Block-3,Nashik Block-3 Village-5,cattle,4,0,3,,Farmer requested urgent visit.,True,False,False,False,False,False,False,False,False,False,False,False,0.0,LOW
4234,2026-08-08,Pune,Pune Block-1,Pune Block-1 Village-5,cattle,1,0,6,38.8,Reported by local field worker.,False,False,False,False,False,False,False,False,True,False,False,False,0.0,LOW
4235,2026-08-08,Amravati,Amravati Block-2,Amravati Block-2 Village-4,goat,3,0,2,38.0,,False,False,False,False,False,True,False,False,False,False,False,False,0.0,LOW
4236,2026-08-08,Kolhapur,Kolhapur Block-3,Kolhapur Block-3 Village-2,sheep,3,0,4,,Farmer requested urgent visit.,False,False,False,True,False,False,False,False,False,False,False,False,0.0,LOW
4237,2026-08-08,Nashik,Nashik Block-2,Nashik Block-2 Village-1,buffalo,4,0,6,38.4,Farmer requested urgent visit.,False,False,False,True,False,False,False,False,False,False,False,False,0.0,LOW
4238,2026-08-08,Amravati,Amravati Block-2,Amravati Block-2 Village-2,poultry,3,0,2,38.4,Animals isolated as precaution.,False,False,False,True,False,False,False,False,False,False,False,False,0.0,LOW
4239,2026-08-08,Kolhapur,Kolhapur Block-3,Kolhapur Block-3 Village-2,sheep,6,1,9,40.3,,True,False,True,True,False,False,False,True,True,True,False,False,0.167,MEDIUM
4240,2026-08-08,Amravati,Amravati Block-1,Amravati Block-1 Village-4,goat,2,0,8,37.6,Farmer requested urgent visit.,False,False,False,True,False,False,False,False,False,False,False,False,0.0,LOW
4241,2026-08-08,Kolhapur,Kolhapur Block-2,Kolhapur Block-2 Village-5,cattle,2,0,8,,,False,False,False,False,False,True,False,False,False,False,False,False,0.0,LOW
4242,2026-08-08,Nagpur,Nagpur Block-3,Nagpur Block-3 Village-4,sheep,2,0,1,,,False,True,False,True,False,False,False,False,False,False,False,False,0.0,LOW
4243,2026-08-08,Pune,Pune Block-3,Pune Block-3 Village-1,poultry,2,0,4,40.5,,True,False,False,False,False,False,False,False,False,False,False,False,0.0,LOW
4244,2026-08-08,Amravati,Amravati Block-3,Amravati Block-3 Village-5,sheep,1,0,2,39.9,,True,False,False,False,False,False,False,False,False,False,False,False,0.0,LOW
4245,2026-08-08,Sambhajinagar,Sambhajinagar Block-3,Sambhajinagar Block-3 Village-4,poultry,2,0,7,38.0,Reported by local field worker.,False,True,False,True,False,False,False,False,False,False,False,False,0.0,LOW
4246,2026-08-08,Nashik,Nashik Block-3,Nashik Block-3 Village-3,sheep,2,0,8,,Animals isolated as precaution.,False,False,True,False,False,False,False,False,False,False,False,False,0.0,LOW
4247,2026-08-08,Nashik,Nashik Block-2,Nashik Block-2 Village-4,buffalo,3,0,1,,Farmer requested urgent visit.,False,False,False,False,False,False,False,True,False,False,False,False,0.0,LOW
4248,2026-08-08,Sambhajinagar,Sambhajinagar Block-1,Sambhajinagar Block-1 Village-3,poultry,2,0,8,38.6,,False,False,False,False,False,False,False,False,False,False,True,False,0.0,MEDIUM
4249,2026-08-08,Pune,Pune Block-1,Pune Block-1 Village-5,cattle,8,1,2,39.7,Animals isolated as precaution.,True,True,False,True,False,True,False,False,False,False,False,False,0.125,LOW
4250,2026-08-09,Kolhapur,Kolhapur Block-3,Kolhapur Block-3 Village-1,cattle,7,3,3,38.5,,False,True,True,True,False,False,False,False,False,True,False,False,0.429,MEDIUM
4251,2026-08-09,Kolhapur,Kolhapur Block-3,Kolhapur Block-3 Village-1,goat,10,5,3,40.2,Animals isolated as precaution.,True,True,True,False,True,True,False,False,False,False,False,False,0.5,HIGH
4252,2026-08-09,Amravati,Amravati Block-1,Amravati Block-1 Village-2,sheep,5,0,4,38.1,,False,True,True,True,False,True,True,False,False,True,False,False,0.0,LOW
4253,2026-08-09,Pune,Pune Block-3,Pune Block-3 Village-5,buffalo,3,0,3,38.2,,False,False,True,False,False,False,False,True,True,False,False,False,0.0,LOW
4254,2026-08-09,Nagpur,Nagpur Block-3,Nagpur Block-3 Village-2,goat,1,0,6,38.2,Farmer requested urgent visit.,False,False,False,True,False,False,False,False,False,True,False,False,0.0,LOW
4255,2026-08-09,Nagpur,Nagpur Block-2,Nagpur Block-2 Village-5,poultry,1,0,1,38.3,,False,False,False,False,False,True,False,False,False,False,False,False,0.0,LOW
4256,2026-08-09,Kolhapur,Kolhapur Block-3,Kolhapur Block-3 Village-4,cattle,15,2,1,,Reported by local field worker.,True,True,False,True,True,False,False,True,False,False,False,False,0.133,LOW
4257,2026-08-09,Pune,Pune Block-1,Pune Block-1 Village-1,cattle,10,2,1,,Similar cases seen in neighbouring herd.,True,True,False,False,True,True,True,False,False,False,False,False,0.2,LOW
4258,2026-08-09,Sambhajinagar,Sambhajinagar Block-2,Sambhajinagar Block-2 Village-1,buffalo,2,0,6,,Reported by local field worker.,True,False,False,False,False,True,False,False,False,False,False,False,0.0,LOW
4259,2026-08-09,Amravati,Amravati Block-2,Amravati Block-2 Village-1,cattle,1,0,4,39.8,Reported by local field worker.,True,False,True,True,True,False,False,True,False,False,False,False,0.0,LOW
4260,2026-08-09,Nagpur,Nagpur Block-3,Nagpur Block-3 Village-3,cattle,4,0,5,40.6,Animals isolated as precaution.,True,False,False,True,False,False,False,False,False,False,False,False,0.0,LOW
4261,2026-08-09,Nagpur,Nagpur Block-2,Nagpur Block-2 Village-4,buffalo,3,0,8,41.5,Similar cases seen in neighbouring herd.,True,True,False,False,False,False,True,False,False,False,False,False,0.0,LOW
4262,2026-08-09,Nagpur,Nagpur Block-1,Nagpur Block-1 Village-4,sheep,9,1,2,40.0,,True,True,False,True,False,False,False,False,False,True,False,False,0.111,LOW
4263,2026-08-09,Sambhajinagar,Sambhajinagar Block-1,Sambhajinagar Block-1 Village-4,buffalo,2,0,8,39.7,Reported by local field worker.,True,False,False,False,False,False,False,False,True,False,False,False,0.0,LOW
4264,2026-08-09,Nashik,Nashik Block-2,Nashik Block-2 Village-5,sheep,1,0,1,41.5,,True,True,False,True,True,False,False,False,False,False,False,False,0.0,LOW
4265,2026-08-09,Pune,Pune Block-2,Pune Block-2 Village-4,poultry,3,0,1,38.1,Reported by local field worker.,False,False,False,False,False,False,False,False,True,False,False,False,0.0,LOW
4266,2026-08-09,Kolhapur,Kolhapur Block-1,Kolhapur Block-1 Village-2,buffalo,2,0,9,,Animals isolated as precaution.,False,False,False,False,False,True,False,False,False,False,False,False,0.0,LOW
4267,2026-08-09,Amravati,Amravati Block-3,Amravati Block-3 Village-5,goat,1,0,8,,,False,True,False,False,False,False,False,False,False,False,False,False,0.0,LOW
4268,2026-08-09,Sambhajinagar,Sambhajinagar Block-3,Sambhajinagar Block-3 Village-2,buffalo,1,0,2,38.0,Reported by local field worker.,False,True,False,False,True,False,True,False,False,False,False,False,0.0,LOW
4269,2026-08-09,Kolhapur,Kolhapur Block-2,Kolhapur Block-2 Village-1,goat,1,0,9,,Farmer requested urgent visit.,False,True,True,False,False,False,False,False,False,False,False,False,0.0,LOW
4270,2026-08-09,Amravati,Amravati Block-2,Amravati Block-2 Village-5,sheep,3,0,4,38.4,Animals isolated as precaution.,False,False,False,True,False,False,False,False,False,False,False,False,0.0,LOW
4271,2026-08-09,Sambhajinagar,Sambhajinagar Block-3,Sambhajinagar Block-3 Village-4,cattle,1,0,5,,,False,True,False,False,False,False,False,False,False,False,False,False,0.0,LOW
4272,2026-08-09,Pune,Pune Block-1,Pune Block-1 Village-5,buffalo,1,0,1,,Reported by local field worker.,True,False,True,True,False,False,False,False,False,False,False,False,0.0,LOW
4273,2026-08-09,Nagpur,Nagpur Block-2,Nagpur Block-2 Village-1,cattle,1,0,7,40.3,,True,False,True,False,False,False,False,False,False,False,False,False,0.0,LOW
4274,2026-08-09,Pune,Pune Block-2,Pune Block-2 Village-2,buffalo,2,0,6,,Farmer requested urgent visit.,True,False,True,False,False,False,False,False,False,False,False,False,0.0,LOW
4275,2026-08-09,Amravati,Amravati Block-3,Amravati Block-3 Village-4,cattle,3,0,2,38.2,Reported by local field worker.,False,True,False,False,False,False,False,False,False,False,False,False,0.0,LOW
4276,2026-08-09,Nashik,Nashik Block-1,Nashik Block-1 Village-5,sheep,4,0,2,40.4,Farmer requested urgent visit.,True,False,False,False,False,False,False,False,False,False,True,False,0.0,MEDIUM
4277,2026-08-09,Pune,Pune Block-1,Pune Block-1 Village-2,goat,3,0,5,38.7,Farmer requested urgent visit.,False,False,False,False,True,False,False,False,False,False,False,False,0.0,LOW
4278,2026-08-09,Sambhajinagar,Sambhajinagar Block-1,Sambhajinagar Block-1 Village-2,cattle,2,0,5,,,False,True,False,False,False,False,False,False,False,False,False,False,0.0,LOW
4279,2026-08-09,Kolhapur,Kolhapur Block-2,Kolhapur Block-2 Village-1,buffalo,1,0,4,,,False,False,False,True,False,True,False,False,False,False,False,False,0.0,LOW
4280,2026-08-09,Pune,Pune Block-2,Pune Block-2 Village-5,sheep,4,0,7,,Animals isolated as precaution.,False,False,False,True,False,False,True,True,False,False,False,False,0.0,LOW
4281,2026-08-09,Amravati,Amravati Block-3,Amravati Block-3 Village-4,cattle,1,0,3,38.6,,False,True,False,False,False,False,False,False,False,False,False,False,0.0,LOW
4282,2026-08-09,Nashik,Nashik Block-3,Nashik Block-3 Village-1,poultry,4,0,5,39.1,Farmer requested urgent visit.,False,False,True,False,False,False,False,False,False,False,False,False,0.0,LOW
4283,2026-08-09,Sambhajinagar,Sambhajinagar Block-2,Sambhajinagar Block-2 Village-4,goat,2,0,8,39.1,,False,True,True,True,False,False,False,True,False,False,False,False,0.0,LOW
4284,2026-08-09,Kolhapur,Kolhapur Block-1,Kolhapur Block-1 Village-2,cattle,2,0,2,41.2,,True,True,True,False,False,False,True,False,False,False,False,False,0.0,LOW
4285,2026-08-09,Nashik,Nashik Block-2,Nashik Block-2 Village-3,goat,1,0,6,40.8,Animals isolated as precaution.,True,True,False,False,False,False,False,False,False,False,False,False,0.0,LOW
4286,2026-08-09,Sambhajinagar,Sambhajinagar Block-1,Sambhajinagar Block-1 Village-1,buffalo,2,0,6,,Farmer requested urgent visit.,False,True,False,False,True,False,False,False,False,False,False,False,0.0,LOW
4287,2026-08-09,Pune,Pune Block-1,Pune Block-1 Village-2,cattle,2,0,5,38.2,Reported by local field worker.,False,False,True,False,False,False,False,False,True,False,False,False,0.0,LOW
4288,2026-08-09,Sambhajinagar,Sambhajinagar Block-1,Sambhajinagar Block-1 Village-4,sheep,2,0,3,,Animals isolated as precaution.,False,False,False,True,False,False,False,False,False,False,False,False,0.0,LOW
4289,2026-08-09,Sambhajinagar,Sambhajinagar Block-1,Sambhajinagar Block-1 Village-1,sheep,2,0,2,37.6,,False,False,False,True,True,False,False,False,False,True,False,False,0.0,LOW
4290,2026-08-09,Sambhajinagar,Sambhajinagar Block-2,Sambhajinagar Block-2 Village-1,goat,2,0,4,38.9,,False,True,True,False,False,True,False,False,False,False,False,False,0.0,LOW
4291,2026-08-09,Pune,Pune Block-2,Pune Block-2 Village-5,cattle,2,0,7,40.7,,True,False,False,False,False,True,False,False,False,False,False,False,0.0,LOW
4292,2026-08-09,Pune,Pune Block-2,Pune Block-2 Village-4,sheep,1,0,1,38.8,,False,True,False,False,False,True,False,False,False,False,False,False,0.0,LOW
4293,2026-08-09,Amravati,Amravati Block-2,Amravati Block-2 Village-4,sheep,2,0,2,41.0,Reported by local field worker.,True,False,True,False,False,False,True,False,False,False,False,False,0.0,LOW
4294,2026-08-09,Sambhajinagar,Sambhajinagar Block-3,Sambhajinagar Block-3 Village-2,cattle,4,0,3,38.5,Reported by local field worker.,False,True,False,False,False,False,False,False,False,False,False,False,0.0,LOW
4295,2026-08-09,Sambhajinagar,Sambhajinagar Block-2,Sambhajinagar Block-2 Village-1,cattle,8,1,4,37.9,Animals isolated as precaution.,False,True,False,False,False,False,True,False,False,False,False,False,0.125,LOW
4296,2026-08-09,Nashik,Nashik Block-3,Nashik Block-3 Village-2,cattle,1,0,3,38.1,,False,False,True,False,False,False,False,False,False,False,False,False,0.0,LOW
4297,2026-08-09,Kolhapur,Kolhapur Block-3,Kolhapur Block-3 Village-3,buffalo,6,1,8,39.5,Farmer requested urgent visit.,True,True,True,False,False,False,False,False,False,False,False,False,0.167,MEDIUM
4298,2026-08-09,Amravati,Amravati Block-1,Amravati Block-1 Village-3,buffalo,9,1,4,40.3,Reported by local field worker.,True,False,True,False,False,False,False,False,False,False,False,False,0.111,LOW
4299,2026-08-09,Nashik,Nashik Block-1,Nashik Block-1 Village-5,sheep,9,1,1,40.9,Animals isolated as precaution.,True,False,False,False,True,False,False,False,True,False,False,False,0.111,LOW
4300,2026-08-09,Amravati,Amravati Block-2,Amravati Block-2 Village-1,goat,3,0,6,40.0,Reported by local field worker.,True,False,False,True,False,False,False,False,False,False,False,False,0.0,LOW
4301,2026-08-10,Kolhapur,Kolhapur Block-3,Kolhapur Block-3 Village-1,sheep,24,11,3,39.3,Reported by local field worker.,True,True,True,True,True,True,False,False,True,False,False,False,0.458,HIGH
4302,2026-08-10,Nashik,Nashik Block-2,Nashik Block-2 Village-1,goat,1,0,1,,Farmer requested urgent visit.,False,True,False,False,False,False,False,False,False,False,False,False,0.0,LOW
4303,2026-08-10,Nagpur,Nagpur Block-1,Nagpur Block-1 Village-2,sheep,3,0,9,38.0,,False,False,False,False,False,False,True,False,False,False,False,False,0.0,LOW
4304,2026-08-10,Amravati,Amravati Block-3,Amravati Block-3 Village-2,sheep,1,0,5,38.5,,False,True,False,False,False,False,True,False,False,False,False,False,0.0,LOW
4305,2026-08-10,Pune,Pune Block-3,Pune Block-3 Village-3,buffalo,2,0,5,41.2,,True,True,True,False,False,False,True,False,False,False,False,False,0.0,LOW
4306,2026-08-10,Sambhajinagar,Sambhajinagar Block-1,Sambhajinagar Block-1 Village-1,cattle,2,0,1,39.5,Similar cases seen in neighbouring herd.,True,False,False,False,False,False,True,False,False,False,False,False,0.0,LOW
4307,2026-08-10,Nashik,Nashik Block-1,Nashik Block-1 Village-1,poultry,4,0,8,38.1,Farmer requested urgent visit.,False,True,False,False,False,False,False,False,False,False,False,False,0.0,LOW
4308,2026-08-10,Pune,Pune Block-3,Pune Block-3 Village-3,cattle,3,0,6,40.0,Reported by local field worker.,True,False,True,True,False,True,False,True,False,False,False,False,0.0,LOW
4309,2026-08-10,Amravati,Amravati Block-2,Amravati Block-2 Village-4,poultry,2,0,2,38.7,Farmer requested urgent visit.,False,False,False,True,False,False,False,False,False,False,False,False,0.0,LOW
4310,2026-08-10,Pune,Pune Block-1,Pune Block-1 Village-3,cattle,4,0,7,39.1,,False,False,False,False,True,True,False,False,True,False,False,False,0.0,LOW
4311,2026-08-10,Nagpur,Nagpur Block-1,Nagpur Block-1 Village-5,sheep,9,2,2,41.1,Farmer requested urgent visit.,True,False,False,True,False,False,False,False,False,False,False,False,0.222,LOW
4312,2026-08-10,Pune,Pune Block-3,Pune Block-3 Village-2,cattle,1,0,7,41.1,,True,True,True,False,False,False,False,False,False,False,False,False,0.0,LOW
4313,2026-08-10,Kolhapur,Kolhapur Block-1,Kolhapur Block-1 Village-3,goat,4,0,4,,,False,False,True,False,True,False,True,False,False,False,False,False,0.0,LOW
4314,2026-08-10,Pune,Pune Block-3,Pune Block-3 Village-3,cattle,2,0,3,39.1,,False,False,False,False,False,False,False,True,False,False,False,False,0.0,LOW
4315,2026-08-10,Sambhajinagar,Sambhajinagar Block-1,Sambhajinagar Block-1 Village-5,poultry,1,0,6,38.8,Farmer requested urgent visit.,False,False,False,False,False,False,True,False,True,False,False,False,0.0,LOW
4316,2026-08-10,Nagpur,Nagpur Block-1,Nagpur Block-1 Village-2,sheep,3,0,4,38.2,Reported by local field worker.,False,True,False,False,False,False,False,False,True,False,False,False,0.0,LOW
4317,2026-08-10,Amravati,Amravati Block-3,Amravati Block-3 Village-5,sheep,2,0,6,,Reported by local field worker.,True,False,True,True,False,False,False,False,False,False,False,False,0.0,LOW
4318,2026-08-10,Sambhajinagar,Sambhajinagar Block-1,Sambhajinagar Block-1 Village-3,sheep,4,0,4,37.8,,False,False,True,False,False,False,False,False,False,False,False,False,0.0,LOW
4319,2026-08-10,Sambhajinagar,Sambhajinagar Block-2,Sambhajinagar Block-2 Village-2,sheep,3,0,8,38.1,Farmer requested urgent visit.,False,False,False,False,False,True,False,False,False,False,False,True,0.0,LOW
4320,2026-08-10,Pune,Pune Block-3,Pune Block-3 Village-1,sheep,3,0,4,,Farmer requested urgent visit.,False,True,False,True,False,False,False,False,False,False,False,False,0.0,LOW
4321,2026-08-10,Kolhapur,Kolhapur Block-2,Kolhapur Block-2 Village-5,cattle,1,0,4,38.2,,False,True,False,False,False,False,False,True,False,False,False,False,0.0,LOW
4322,2026-08-10,Pune,Pune Block-3,Pune Block-3 Village-2,cattle,4,0,7,,Reported by local field worker.,False,False,False,False,False,True,False,False,False,True,False,False,0.0,LOW
4323,2026-08-10,Amravati,Amravati Block-1,Amravati Block-1 Village-1,goat,1,0,1,39.1,Reported by local field worker.,False,False,False,True,False,False,True,False,False,True,False,False,0.0,LOW
4324,2026-08-10,Sambhajinagar,Sambhajinagar Block-1,Sambhajinagar Block-1 Village-2,cattle,3,0,6,39.1,Reported by local field worker.,False,False,True,True,False,True,False,False,False,False,False,False,0.0,LOW
4325,2026-08-10,Nashik,Nashik Block-1,Nashik Block-1 Village-2,cattle,3,0,1,41.1,Similar cases seen in neighbouring herd.,True,False,False,True,False,False,False,False,False,False,False,False,0.0,LOW
4326,2026-08-10,Amravati,Amravati Block-2,Amravati Block-2 Village-5,goat,4,0,5,39.9,Reported by local field worker.,True,False,False,False,False,False,False,False,False,False,False,False,0.0,LOW
4327,2026-08-10,Nashik,Nashik Block-3,Nashik Block-3 Village-2,buffalo,4,0,3,41.2,Similar cases seen in neighbouring herd.,True,True,True,True,True,False,False,False,False,False,False,False,0.0,LOW
4328,2026-08-10,Kolhapur,Kolhapur Block-3,Kolhapur Block-3 Village-4,cattle,1,0,1,,,False,True,False,False,True,False,False,False,False,False,False,False,0.0,LOW
4329,2026-08-10,Sambhajinagar,Sambhajinagar Block-2,Sambhajinagar Block-2 Village-1,sheep,2,0,7,,,False,False,True,True,False,True,False,False,False,False,False,False,0.0,LOW
4330,2026-08-10,Amravati,Amravati Block-2,Amravati Block-2 Village-3,cattle,3,0,7,40.7,,True,False,False,False,False,False,False,False,False,False,False,False,0.0,LOW
4331,2026-08-10,Nashik,Nashik Block-2,Nashik Block-2 Village-5,goat,3,0,6,38.5,,False,False,False,True,False,False,False,False,False,False,False,False,0.0,LOW
4332,2026-08-10,Kolhapur,Kolhapur Block-2,Kolhapur Block-2 Village-5,goat,1,0,8,38.2,,False,False,False,False,False,True,False,False,False,False,False,False,0.0,LOW
4333,2026-08-10,Pune,Pune Block-2,Pune Block-2 Village-2,sheep,4,1,1,39.8,,True,False,False,True,False,False,False,False,False,True,False,False,0.25,LOW
4334,2026-08-10,Nagpur,Nagpur Block-3,Nagpur Block-3 Village-5,sheep,4,0,2,37.7,Animals isolated as precaution.,False,True,True,False,False,False,False,False,False,False,False,False,0.0,LOW
4335,2026-08-10,Amravati,Amravati Block-1,Amravati Block-1 Village-3,cattle,3,0,3,38.7,,False,False,False,True,False,False,False,False,False,False,False,False,0.0,LOW
4336,2026-08-10,Kolhapur,Kolhapur Block-1,Kolhapur Block-1 Village-1,goat,1,0,7,38.0,Similar cases seen in neighbouring herd.,False,False,False,True,False,False,False,False,True,False,False,False,0.0,LOW
4337,2026-08-10,Nagpur,Nagpur Block-3,Nagpur Block-3 Village-1,poultry,3,0,1,39.2,,False,False,True,False,False,False,False,False,False,False,False,False,0.0,LOW
4338,2026-08-10,Amravati,Amravati Block-1,Amravati Block-1 Village-3,goat,6,1,5,39.9,,True,False,False,False,False,True,False,False,False,False,False,False,0.167,LOW
4339,2026-08-10,Pune,Pune Block-3,Pune Block-3 Village-3,poultry,4,0,7,38.9,,False,False,False,True,False,False,False,False,False,False,False,False,0.0,LOW
4340,2026-08-10,Nagpur,Nagpur Block-3,Nagpur Block-3 Village-1,cattle,1,0,1,37.7,,False,False,False,False,False,False,True,False,False,False,False,False,0.0,LOW
4341,2026-08-10,Amravati,Amravati Block-1,Amravati Block-1 Village-3,cattle,4,0,8,38.6,,False,False,False,False,True,True,False,False,False,False,False,False,0.0,LOW
4342,2026-08-10,Sambhajinagar,Sambhajinagar Block-2,Sambhajinagar Block-2 Village-1,cattle,2,0,2,,Animals isolated as precaution.,False,True,False,True,False,False,False,False,False,False,False,False,0.0,LOW
4343,2026-08-10,Amravati,Amravati Block-2,Amravati Block-2 Village-3,cattle,2,0,7,37.9,Similar cases seen in neighbouring herd.,False,False,True,False,False,False,True,False,False,False,False,False,0.0,LOW
4344,2026-08-10,Sambhajinagar,Sambhajinagar Block-3,Sambhajinagar Block-3 Village-3,cattle,3,0,7,41.3,,True,False,True,True,False,False,True,False,False,False,False,False,0.0,LOW
4345,2026-08-10,Nashik,Nashik Block-1,Nashik Block-1 Village-3,goat,18,6,1,,Farmer requested urgent visit.,True,False,False,True,False,True,True,False,True,False,False,True,0.333,HIGH
4346,2026-08-10,Sambhajinagar,Sambhajinagar Block-1,Sambhajinagar Block-1 Village-4,goat,2,0,8,38.6,Animals isolated as precaution.,False,False,True,False,False,True,True,False,False,False,False,False,0.0,LOW
4347,2026-08-10,Sambhajinagar,Sambhajinagar Block-3,Sambhajinagar Block-3 Village-5,sheep,8,1,9,,,True,True,True,True,False,True,False,False,False,False,False,False,0.125,LOW
4348,2026-08-10,Nagpur,Nagpur Block-1,Nagpur Block-1 Village-2,buffalo,1,0,1,40.6,,True,False,False,False,False,False,False,False,False,False,False,False,0.0,LOW
4349,2026-08-10,Pune,Pune Block-2,Pune Block-2 Village-1,poultry,2,0,4,,,False,True,False,False,False,False,False,False,False,False,False,False,0.0,LOW
4350,2026-08-10,Nashik,Nashik Block-2,Nashik Block-2 Village-3,cattle,1,0,3,40.9,,True,True,False,False,False,True,True,False,False,False,False,False,0.0,LOW
4351,2026-08-10,Kolhapur,Kolhapur Block-2,Kolhapur Block-2 Village-2,buffalo,3,0,7,,Farmer requested urgent visit.,False,False,False,False,False,False,False,False,True,False,False,False,0.0,LOW
4352,2026-08-11,Pune,Pune Block-2,Pune Block-2 Village-3,cattle,10,5,3,41.2,Reported by local field worker.,True,True,True,True,True,True,True,True,False,False,False,False,0.5,HIGH
4353,2026-08-11,Nashik,Nashik Block-3,Nashik Block-3 Village-3,goat,3,0,3,,Reported by local field worker.,True,True,False,False,False,False,False,False,False,False,False,False,0.0,LOW
4354,2026-08-11,Nashik,Nashik Block-2,Nashik Block-2 Village-1,poultry,3,0,8,38.7,,False,True,False,False,False,False,False,False,False,False,False,False,0.0,LOW
4355,2026-08-11,Sambhajinagar,Sambhajinagar Block-3,Sambhajinagar Block-3 Village-1,cattle,2,0,8,38.7,,False,False,False,True,False,False,False,False,False,False,False,False,0.0,LOW
4356,2026-08-11,Nashik,Nashik Block-3,Nashik Block-3 Village-3,cattle,2,0,6,39.4,Animals isolated as precaution.,True,False,False,False,False,False,False,False,False,False,False,False,0.0,LOW
4357,2026-08-11,Sambhajinagar,Sambhajinagar Block-3,Sambhajinagar Block-3 Village-3,cattle,1,0,7,40.0,Reported by local field worker.,True,False,False,False,False,False,False,False,False,False,False,False,0.0,LOW
4358,2026-08-11,Nashik,Nashik Block-3,Nashik Block-3 Village-1,cattle,3,0,2,,Farmer requested urgent visit.,True,True,False,False,True,False,False,False,False,False,False,False,0.0,LOW
4359,2026-08-11,Kolhapur,Kolhapur Block-1,Kolhapur Block-1 Village-2,goat,1,0,3,,,False,False,False,False,True,False,True,False,False,False,False,False,0.0,LOW
4360,2026-08-11,Kolhapur,Kolhapur Block-3,Kolhapur Block-3 Village-3,cattle,1,0,8,38.2,,False,False,True,False,False,False,False,False,False,False,False,False,0.0,LOW
4361,2026-08-11,Sambhajinagar,Sambhajinagar Block-1,Sambhajinagar Block-1 Village-1,poultry,6,1,2,37.6,,False,False,False,False,True,False,False,True,False,False,False,False,0.167,LOW
4362,2026-08-11,Nashik,Nashik Block-2,Nashik Block-2 Village-2,cattle,3,0,5,,Farmer requested urgent visit.,False,False,False,False,False,True,False,False,False,False,False,False,0.0,LOW
4363,2026-08-11,Amravati,Amravati Block-2,Amravati Block-2 Village-4,sheep,1,0,2,38.8,Similar cases seen in neighbouring herd.,False,False,False,False,False,True,False,False,True,False,False,False,0.0,LOW
4364,2026-08-11,Nagpur,Nagpur Block-1,Nagpur Block-1 Village-2,sheep,2,0,8,38.7,Animals isolated as precaution.,False,True,True,True,False,False,False,True,False,False,False,False,0.0,LOW
4365,2026-08-11,Nashik,Nashik Block-2,Nashik Block-2 Village-3,sheep,13,4,3,39.7,,True,False,True,True,False,True,False,True,True,False,False,False,0.308,HIGH
4366,2026-08-11,Amravati,Amravati Block-2,Amravati Block-2 Village-4,poultry,2,0,5,,,False,False,False,False,False,False,True,False,False,False,False,False,0.0,LOW
4367,2026-08-11,Sambhajinagar,Sambhajinagar Block-2,Sambhajinagar Block-2 Village-2,poultry,1,0,3,38.0,Similar cases seen in neighbouring herd.,False,False,False,False,False,False,True,False,False,False,False,False,0.0,LOW
4368,2026-08-11,Sambhajinagar,Sambhajinagar Block-3,Sambhajinagar Block-3 Village-2,goat,2,0,2,40.1,Farmer requested urgent visit.,True,True,True,False,True,True,False,False,False,False,False,False,0.0,LOW
4369,2026-08-11,Pune,Pune Block-3,Pune Block-3 Village-4,buffalo,2,0,3,39.4,Reported by local field worker.,True,True,False,True,False,False,False,False,False,False,False,False,0.0,LOW
4370,2026-08-11,Pune,Pune Block-2,Pune Block-2 Village-4,goat,6,0,4,,,True,False,True,False,False,False,False,False,False,False,False,False,0.0,LOW
4371,2026-08-11,Nashik,Nashik Block-1,Nashik Block-1 Village-4,goat,4,0,8,41.3,Farmer requested urgent visit.,True,False,True,False,False,False,False,False,False,False,False,False,0.0,LOW
4372,2026-08-11,Sambhajinagar,Sambhajinagar Block-3,Sambhajinagar Block-3 Village-4,goat,2,0,7,38.1,Reported by local field worker.,False,True,False,False,False,False,False,False,False,False,False,False,0.0,LOW
4373,2026-08-11,Pune,Pune Block-3,Pune Block-3 Village-3,cattle,3,0,1,,Farmer requested urgent visit.,False,True,False,False,False,False,False,True,False,False,False,False,0.0,LOW
4374,2026-08-11,Pune,Pune Block-1,Pune Block-1 Village-1,buffalo,4,0,1,39.0,,False,False,False,True,False,False,False,False,False,False,False,False,0.0,LOW
4375,2026-08-11,Sambhajinagar,Sambhajinagar Block-2,Sambhajinagar Block-2 Village-2,sheep,5,2,3,41.2,Farmer requested urgent visit.,True,True,True,True,False,False,False,False,False,False,False,False,0.4,MEDIUM
4376,2026-08-11,Amravati,Amravati Block-2,Amravati Block-2 Village-4,goat,1,0,9,40.5,Similar cases seen in neighbouring herd.,True,False,True,False,False,False,False,False,False,False,False,False,0.0,LOW
4377,2026-08-11,Sambhajinagar,Sambhajinagar Block-1,Sambhajinagar Block-1 Village-3,cattle,3,0,5,39.7,,True,False,False,False,False,False,False,False,False,False,False,False,0.0,LOW
4378,2026-08-11,Kolhapur,Kolhapur Block-3,Kolhapur Block-3 Village-2,goat,4,0,9,40.4,,True,True,False,False,False,False,False,False,False,False,False,False,0.0,LOW
4379,2026-08-11,Sambhajinagar,Sambhajinagar Block-1,Sambhajinagar Block-1 Village-3,goat,4,0,2,40.2,Similar cases seen in neighbouring herd.,True,False,False,True,False,False,False,False,False,False,False,False,0.0,LOW
4380,2026-08-11,Kolhapur,Kolhapur Block-3,Kolhapur Block-3 Village-2,poultry,4,0,3,38.6,,False,True,False,False,False,False,False,False,False,False,False,False,0.0,LOW
4381,2026-08-11,Sambhajinagar,Sambhajinagar Block-2,Sambhajinagar Block-2 Village-1,buffalo,4,0,4,39.6,Farmer requested urgent visit.,True,True,False,False,False,False,False,False,False,False,False,False,0.0,LOW
4382,2026-08-11,Amravati,Amravati Block-2,Amravati Block-2 Village-2,sheep,2,0,1,,Animals isolated as precaution.,False,False,False,True,False,False,False,True,False,False,False,False,0.0,LOW
4383,2026-08-11,Sambhajinagar,Sambhajinagar Block-1,Sambhajinagar Block-1 Village-1,cattle,3,0,3,,Similar cases seen in neighbouring herd.,False,False,False,False,False,False,False,False,False,True,False,False,0.0,LOW
4384,2026-08-11,Nashik,Nashik Block-1,Nashik Block-1 Village-2,goat,3,0,3,37.9,,False,False,False,False,False,False,False,False,False,True,False,False,0.0,LOW
4385,2026-08-11,Nashik,Nashik Block-1,Nashik Block-1 Village-3,poultry,1,0,9,38.1,Farmer requested urgent visit.,False,False,True,False,False,False,False,False,False,False,False,False,0.0,LOW
4386,2026-08-11,Sambhajinagar,Sambhajinagar Block-2,Sambhajinagar Block-2 Village-2,poultry,2,0,7,37.9,,False,False,False,True,False,False,False,False,False,False,False,False,0.0,LOW
4387,2026-08-11,Amravati,Amravati Block-3,Amravati Block-3 Village-2,poultry,3,0,4,,Similar cases seen in neighbouring herd.,True,False,False,False,True,False,True,False,True,False,False,False,0.0,LOW
4388,2026-08-11,Kolhapur,Kolhapur Block-1,Kolhapur Block-1 Village-3,buffalo,3,0,5,39.0,Similar cases seen in neighbouring herd.,False,False,False,False,False,True,False,False,False,False,False,False,0.0,LOW
4389,2026-08-11,Pune,Pune Block-3,Pune Block-3 Village-5,cattle,4,0,3,,Farmer requested urgent visit.,True,False,False,False,True,True,True,False,False,False,False,False,0.0,LOW
4390,2026-08-11,Nashik,Nashik Block-3,Nashik Block-3 Village-4,goat,2,0,1,38.7,,False,False,True,True,False,False,False,False,False,False,False,False,0.0,LOW
4391,2026-08-11,Nashik,Nashik Block-1,Nashik Block-1 Village-1,sheep,4,1,6,40.3,Animals isolated as precaution.,True,False,True,False,False,False,False,False,False,False,False,False,0.25,MEDIUM
4392,2026-08-11,Nagpur,Nagpur Block-1,Nagpur Block-1 Village-5,cattle,4,0,6,38.4,,False,False,False,False,True,True,False,False,False,False,False,False,0.0,LOW
4393,2026-08-11,Nagpur,Nagpur Block-3,Nagpur Block-3 Village-4,buffalo,4,0,8,39.0,,False,False,False,False,False,False,False,True,False,False,False,False,0.0,LOW
4394,2026-08-11,Pune,Pune Block-1,Pune Block-1 Village-1,cattle,3,0,7,39.2,Reported by local field worker.,False,False,False,False,False,False,False,True,False,False,False,False,0.0,LOW
4395,2026-08-12,Pune,Pune Block-2,Pune Block-2 Village-3,goat,8,1,6,,Farmer requested urgent visit.,False,False,False,True,True,False,False,False,False,False,False,False,0.125,LOW
4396,2026-08-12,Pune,Pune Block-2,Pune Block-2 Village-3,goat,6,0,5,40.5,,True,True,False,False,False,False,False,False,True,False,False,False,0.0,LOW
4397,2026-08-12,Kolhapur,Kolhapur Block-3,Kolhapur Block-3 Village-1,cattle,4,0,3,37.9,,False,True,False,False,False,False,False,False,False,False,False,False,0.0,LOW
4398,2026-08-12,Kolhapur,Kolhapur Block-3,Kolhapur Block-3 Village-1,poultry,6,1,2,,Similar cases seen in neighbouring herd.,False,True,False,True,True,True,False,False,False,True,False,False,0.167,LOW
4399,2026-08-12,Pune,Pune Block-3,Pune Block-3 Village-3,goat,3,0,2,39.3,,True,False,False,True,False,False,False,False,False,True,False,False,0.0,LOW
4400,2026-08-12,Amravati,Amravati Block-3,Amravati Block-3 Village-4,buffalo,2,0,6,39.0,Similar cases seen in neighbouring herd.,False,False,False,True,False,False,False,False,False,False,False,False,0.0,LOW
4401,2026-08-12,Nashik,Nashik Block-3,Nashik Block-3 Village-4,buffalo,1,0,8,38.4,,False,False,False,True,False,True,True,False,False,False,False,False,0.0,LOW
4402,2026-08-12,Amravati,Amravati Block-3,Amravati Block-3 Village-2,cattle,5,1,2,,,False,True,False,False,False,False,False,False,False,True,False,False,0.2,MEDIUM
4403,2026-08-12,Nagpur,Nagpur Block-2,Nagpur Block-2 Village-4,buffalo,3,0,8,40.8,,True,False,True,True,False,False,False,False,False,False,False,False,0.0,LOW
4404,2026-08-12,Pune,Pune Block-1,Pune Block-1 Village-3,poultry,2,0,2,38.4,Similar cases seen in neighbouring herd.,False,False,False,False,False,True,False,False,False,False,False,False,0.0,LOW
4405,2026-08-12,Amravati,Amravati Block-1,Amravati Block-1 Village-3,buffalo,2,0,9,38.5,,False,False,False,True,False,False,False,False,False,False,False,False,0.0,LOW
4406,2026-08-12,Nagpur,Nagpur Block-1,Nagpur Block-1 Village-3,cattle,3,0,7,,Reported by local field worker.,False,False,False,False,True,False,False,True,False,False,False,False,0.0,LOW
4407,2026-08-12,Sambhajinagar,Sambhajinagar Block-3,Sambhajinagar Block-3 Village-2,cattle,1,0,8,38.0,,False,False,True,False,False,True,False,False,False,True,False,False,0.0,LOW
4408,2026-08-12,Kolhapur,Kolhapur Block-2,Kolhapur Block-2 Village-2,cattle,4,0,2,38.1,,False,False,False,False,False,False,False,False,False,False,False,True,0.0,LOW
4409,2026-08-12,Nashik,Nashik Block-1,Nashik Block-1 Village-2,cattle,4,0,4,38.1,,False,False,False,False,False,False,True,True,False,False,False,False,0.0,LOW
4410,2026-08-12,Nashik,Nashik Block-3,Nashik Block-3 Village-4,goat,3,0,3,39.1,Reported by local field worker.,False,False,True,False,True,False,False,False,False,False,False,False,0.0,LOW
4411,2026-08-12,Nagpur,Nagpur Block-2,Nagpur Block-2 Village-2,cattle,4,0,1,,Similar cases seen in neighbouring herd.,False,True,False,False,True,False,False,False,True,False,False,False,0.0,LOW
4412,2026-08-12,Amravati,Amravati Block-1,Amravati Block-1 Village-2,buffalo,2,0,4,41.1,Animals isolated as precaution.,True,True,True,True,False,False,False,False,False,True,False,False,0.0,LOW
4413,2026-08-12,Kolhapur,Kolhapur Block-2,Kolhapur Block-2 Village-3,cattle,2,0,3,38.1,,False,False,True,False,False,False,False,False,False,False,False,False,0.0,LOW
4414,2026-08-12,Kolhapur,Kolhapur Block-3,Kolhapur Block-3 Village-5,buffalo,3,0,1,40.3,Animals isolated as precaution.,True,False,False,False,False,False,False,False,False,False,False,False,0.0,LOW
4415,2026-08-12,Pune,Pune Block-2,Pune Block-2 Village-5,cattle,3,0,7,39.2,Animals isolated as precaution.,False,False,False,False,False,False,False,False,False,True,False,False,0.0,LOW
4416,2026-08-12,Pune,Pune Block-1,Pune Block-1 Village-4,cattle,2,0,5,,Animals isolated as precaution.,False,False,True,True,False,False,False,False,False,False,False,False,0.0,LOW
4417,2026-08-12,Kolhapur,Kolhapur Block-3,Kolhapur Block-3 Village-1,sheep,6,1,6,40.7,Farmer requested urgent visit.,True,False,False,False,True,True,False,False,False,False,False,False,0.167,LOW
4418,2026-08-12,Nagpur,Nagpur Block-1,Nagpur Block-1 Village-2,sheep,2,0,7,38.2,,False,False,False,True,False,False,False,False,False,False,False,False,0.0,LOW
4419,2026-08-12,Nashik,Nashik Block-3,Nashik Block-3 Village-1,cattle,3,0,8,38.3,,False,False,True,False,False,True,False,False,False,False,False,False,0.0,LOW
4420,2026-08-12,Kolhapur,Kolhapur Block-1,Kolhapur Block-1 Village-1,sheep,4,0,6,41.2,Animals isolated as precaution.,True,False,True,False,False,False,False,False,False,False,False,False,0.0,LOW
4421,2026-08-12,Kolhapur,Kolhapur Block-2,Kolhapur Block-2 Village-2,goat,4,0,4,38.0,,False,False,False,False,True,False,False,False,False,False,False,False,0.0,LOW
4422,2026-08-12,Nashik,Nashik Block-2,Nashik Block-2 Village-2,poultry,2,0,2,,Similar cases seen in neighbouring herd.,True,False,False,False,True,False,False,False,False,False,False,False,0.0,LOW
4423,2026-08-12,Nagpur,Nagpur Block-2,Nagpur Block-2 Village-4,sheep,1,0,6,37.9,,False,False,True,False,False,False,True,False,False,False,False,False,0.0,LOW
4424,2026-08-12,Pune,Pune Block-1,Pune Block-1 Village-4,buffalo,4,1,4,37.9,Similar cases seen in neighbouring herd.,False,True,True,True,False,False,False,False,False,True,False,False,0.25,MEDIUM
4425,2026-08-12,Kolhapur,Kolhapur Block-2,Kolhapur Block-2 Village-1,goat,2,0,9,37.7,Farmer requested urgent visit.,False,True,False,False,True,True,False,False,False,False,False,False,0.0,LOW
4426,2026-08-12,Kolhapur,Kolhapur Block-1,Kolhapur Block-1 Village-4,cattle,3,0,1,37.9,Reported by local field worker.,False,False,False,False,False,True,False,False,False,False,False,False,0.0,LOW
4427,2026-08-12,Kolhapur,Kolhapur Block-1,Kolhapur Block-1 Village-5,goat,2,0,5,,Farmer requested urgent visit.,True,True,False,False,True,True,True,False,False,False,False,False,0.0,LOW
4428,2026-08-12,Sambhajinagar,Sambhajinagar Block-3,Sambhajinagar Block-3 Village-3,buffalo,2,0,5,39.4,,True,False,False,True,False,False,False,False,True,False,False,False,0.0,LOW
4429,2026-08-12,Nashik,Nashik Block-2,Nashik Block-2 Village-5,buffalo,4,0,3,,,True,False,True,True,False,False,False,False,True,False,False,False,0.0,LOW
4430,2026-08-12,Pune,Pune Block-3,Pune Block-3 Village-3,cattle,3,0,5,38.8,Animals isolated as precaution.,False,True,False,False,False,False,True,False,False,False,False,False,0.0,LOW
4431,2026-08-12,Sambhajinagar,Sambhajinagar Block-1,Sambhajinagar Block-1 Village-3,sheep,1,0,6,,Reported by local field worker.,False,False,True,False,False,False,False,False,False,False,False,False,0.0,LOW
4432,2026-08-13,Pune,Pune Block-2,Pune Block-2 Village-3,cattle,2,0,2,40.6,,True,True,False,False,False,False,True,False,False,True,False,False,0.0,LOW
4433,2026-08-13,Nashik,Nashik Block-3,Nashik Block-3 Village-4,buffalo,2,0,9,38.6,Similar cases seen in neighbouring herd.,False,False,False,True,False,False,False,False,True,False,False,False,0.0,LOW
4434,2026-08-13,Nashik,Nashik Block-2,Nashik Block-2 Village-4,buffalo,5,0,1,37.8,Reported by local field worker.,False,False,True,True,False,False,False,True,True,False,False,False,0.0,LOW
4435,2026-08-13,Nashik,Nashik Block-3,Nashik Block-3 Village-5,cattle,6,1,6,40.0,Animals isolated as precaution.,True,False,False,True,True,False,True,True,False,True,False,False,0.167,LOW
4436,2026-08-13,Sambhajinagar,Sambhajinagar Block-2,Sambhajinagar Block-2 Village-4,cattle,4,0,8,37.9,Reported by local field worker.,False,True,False,False,True,False,False,False,False,False,False,False,0.0,LOW
4437,2026-08-13,Pune,Pune Block-3,Pune Block-3 Village-4,buffalo,4,0,6,38.9,,False,False,False,False,False,True,False,False,True,False,False,False,0.0,LOW
4438,2026-08-13,Nagpur,Nagpur Block-2,Nagpur Block-2 Village-2,cattle,6,1,8,39.9,,True,False,False,True,False,True,True,False,False,False,False,False,0.167,MEDIUM
4439,2026-08-13,Nagpur,Nagpur Block-3,Nagpur Block-3 Village-2,cattle,2,0,9,40.4,Farmer requested urgent visit.,True,False,True,True,False,False,False,False,False,False,False,False,0.0,LOW
4440,2026-08-13,Nagpur,Nagpur Block-3,Nagpur Block-3 Village-3,buffalo,3,0,5,41.2,Reported by local field worker.,True,True,True,True,False,False,True,False,False,False,False,False,0.0,LOW
4441,2026-08-13,Nagpur,Nagpur Block-2,Nagpur Block-2 Village-2,goat,4,0,8,39.1,Reported by local field worker.,False,False,False,False,False,False,False,True,False,False,False,False,0.0,LOW
4442,2026-08-13,Nagpur,Nagpur Block-1,Nagpur Block-1 Village-1,buffalo,2,0,6,39.5,Farmer requested urgent visit.,True,False,False,False,False,False,False,True,True,False,False,False,0.0,LOW
4443,2026-08-13,Sambhajinagar,Sambhajinagar Block-1,Sambhajinagar Block-1 Village-5,goat,4,0,6,39.3,Animals isolated as precaution.,True,False,False,False,False,False,True,False,False,False,False,False,0.0,LOW
4444,2026-08-13,Pune,Pune Block-1,Pune Block-1 Village-1,goat,5,1,8,,Animals isolated as precaution.,True,True,True,True,False,False,True,False,False,False,False,False,0.2,LOW
4445,2026-08-13,Pune,Pune Block-2,Pune Block-2 Village-4,buffalo,1,0,2,38.8,,False,False,False,False,False,False,False,True,False,False,False,False,0.0,LOW
4446,2026-08-13,Pune,Pune Block-3,Pune Block-3 Village-1,cattle,2,0,2,37.6,,False,False,False,False,True,False,False,True,False,True,False,False,0.0,LOW
4447,2026-08-13,Nashik,Nashik Block-3,Nashik Block-3 Village-2,goat,3,0,5,41.1,,True,True,False,True,False,False,False,False,False,False,False,False,0.0,LOW
4448,2026-08-13,Nashik,Nashik Block-2,Nashik Block-2 Village-3,buffalo,2,0,2,39.7,Reported by local field worker.,True,True,False,False,True,True,False,False,False,False,False,False,0.0,LOW
4449,2026-08-13,Nagpur,Nagpur Block-2,Nagpur Block-2 Village-1,goat,2,0,4,,,False,False,False,False,False,False,False,False,False,False,False,True,0.0,LOW
4450,2026-08-13,Pune,Pune Block-1,Pune Block-1 Village-5,cattle,4,0,1,37.7,,False,False,False,False,False,False,False,False,False,False,False,True,0.0,LOW
4451,2026-08-13,Amravati,Amravati Block-3,Amravati Block-3 Village-3,cattle,3,0,3,37.9,Similar cases seen in neighbouring herd.,False,True,False,False,False,False,False,False,False,True,False,False,0.0,LOW
4452,2026-08-13,Kolhapur,Kolhapur Block-3,Kolhapur Block-3 Village-2,cattle,4,1,8,39.2,Reported by local field worker.,False,False,False,False,True,False,False,False,True,False,False,False,0.25,MEDIUM
4453,2026-08-13,Kolhapur,Kolhapur Block-1,Kolhapur Block-1 Village-2,sheep,4,0,2,,Similar cases seen in neighbouring herd.,False,True,True,False,False,False,False,False,False,False,False,False,0.0,LOW
4454,2026-08-13,Nagpur,Nagpur Block-1,Nagpur Block-1 Village-5,goat,3,0,8,38.9,,False,False,False,False,False,False,False,False,False,True,False,False,0.0,LOW
4455,2026-08-13,Pune,Pune Block-1,Pune Block-1 Village-5,goat,2,0,1,40.1,Similar cases seen in neighbouring herd.,True,False,False,False,True,False,False,False,False,False,False,False,0.0,LOW
4456,2026-08-13,Pune,Pune Block-2,Pune Block-2 Village-4,goat,4,0,8,,Similar cases seen in neighbouring herd.,True,False,False,False,False,False,True,False,False,False,False,False,0.0,LOW
4457,2026-08-13,Nagpur,Nagpur Block-2,Nagpur Block-2 Village-5,buffalo,4,0,9,38.8,Reported by local field worker.,False,False,False,True,False,False,False,False,False,False,False,False,0.0,LOW
4458,2026-08-13,Nashik,Nashik Block-2,Nashik Block-2 Village-5,poultry,3,0,3,39.8,,True,False,False,False,True,True,False,False,False,False,False,False,0.0,LOW
4459,2026-08-13,Nashik,Nashik Block-3,Nashik Block-3 Village-2,cattle,1,0,8,41.0,Similar cases seen in neighbouring herd.,True,False,True,True,False,False,False,False,False,False,False,False,0.0,LOW
4460,2026-08-13,Nagpur,Nagpur Block-3,Nagpur Block-3 Village-3,goat,4,0,4,,,False,False,False,True,False,False,False,False,False,False,False,False,0.0,LOW
4461,2026-08-13,Pune,Pune Block-1,Pune Block-1 Village-5,cattle,1,0,3,40.8,,True,True,True,False,False,False,False,False,False,False,False,False,0.0,LOW
4462,2026-08-13,Amravati,Amravati Block-1,Amravati Block-1 Village-2,buffalo,2,0,3,,Animals isolated as precaution.,False,False,False,False,True,True,False,False,False,False,False,False,0.0,LOW
4463,2026-08-13,Sambhajinagar,Sambhajinagar Block-1,Sambhajinagar Block-1 Village-5,buffalo,1,0,5,38.9,Reported by local field worker.,False,False,False,False,False,False,False,False,False,True,True,False,0.0,LOW
4464,2026-08-13,Nashik,Nashik Block-1,Nashik Block-1 Village-4,buffalo,4,0,7,39.9,Similar cases seen in neighbouring herd.,True,True,False,False,False,False,True,False,False,False,False,False,0.0,LOW
4465,2026-08-13,Kolhapur,Kolhapur Block-1,Kolhapur Block-1 Village-2,buffalo,1,0,4,,,True,False,True,True,False,False,False,False,False,False,False,False,0.0,LOW
4466,2026-08-13,Amravati,Amravati Block-3,Amravati Block-3 Village-2,sheep,4,0,5,39.1,,False,False,False,True,False,False,True,False,False,False,False,False,0.0,LOW
4467,2026-08-13,Amravati,Amravati Block-1,Amravati Block-1 Village-3,goat,1,0,4,38.3,,False,False,False,False,False,False,True,False,False,False,False,False,0.0,LOW
4468,2026-08-13,Kolhapur,Kolhapur Block-2,Kolhapur Block-2 Village-4,goat,1,0,6,38.2,,False,True,False,False,False,True,False,False,False,False,False,False,0.0,LOW
4469,2026-08-13,Nashik,Nashik Block-2,Nashik Block-2 Village-1,poultry,4,0,2,,Reported by local field worker.,False,True,False,False,False,False,False,False,False,False,False,False,0.0,LOW
4470,2026-08-13,Nashik,Nashik Block-2,Nashik Block-2 Village-1,sheep,4,0,2,40.2,Similar cases seen in neighbouring herd.,True,True,False,False,True,False,False,False,False,False,False,False,0.0,LOW
4471,2026-08-13,Nashik,Nashik Block-3,Nashik Block-3 Village-4,buffalo,9,1,6,39.9,,True,True,False,True,True,False,False,False,False,False,False,False,0.111,LOW
4472,2026-08-14,Pune,Pune Block-2,Pune Block-2 Village-3,goat,23,3,1,,Farmer requested urgent visit.,True,True,False,True,False,True,False,False,False,False,False,True,0.13,HIGH
4473,2026-08-14,Pune,Pune Block-2,Pune Block-2 Village-3,goat,15,6,2,41.1,Reported by local field worker.,True,True,True,True,False,True,False,False,False,False,False,False,0.4,HIGH
4474,2026-08-14,Kolhapur,Kolhapur Block-3,Kolhapur Block-3 Village-1,goat,6,0,8,39.5,,True,False,False,True,False,True,False,False,False,False,False,False,0.0,LOW
4475,2026-08-14,Kolhapur,Kolhapur Block-3,Kolhapur Block-3 Village-1,goat,8,1,6,40.2,,True,True,False,False,False,True,False,True,False,True,False,False,0.125,LOW
4476,2026-08-14,Nagpur,Nagpur Block-1,Nagpur Block-1 Village-4,sheep,9,0,7,,Similar cases seen in neighbouring herd.,True,True,True,True,False,False,False,False,False,False,False,False,0.0,LOW
4477,2026-08-14,Kolhapur,Kolhapur Block-1,Kolhapur Block-1 Village-1,goat,3,0,3,40.2,Animals isolated as precaution.,True,False,False,False,False,False,False,False,False,False,False,False,0.0,LOW
4478,2026-08-14,Kolhapur,Kolhapur Block-1,Kolhapur Block-1 Village-4,poultry,1,0,3,41.3,,True,False,False,False,False,False,False,False,False,False,False,False,0.0,LOW
4479,2026-08-14,Sambhajinagar,Sambhajinagar Block-3,Sambhajinagar Block-3 Village-4,cattle,4,0,9,37.9,Farmer requested urgent visit.,False,False,True,False,False,False,False,False,False,False,False,False,0.0,LOW
4480,2026-08-14,Kolhapur,Kolhapur Block-3,Kolhapur Block-3 Village-4,cattle,1,0,1,38.3,,False,True,False,False,True,False,False,False,False,False,False,False,0.0,LOW
4481,2026-08-14,Kolhapur,Kolhapur Block-1,Kolhapur Block-1 Village-4,goat,4,0,6,,,True,True,False,False,False,False,False,False,False,False,False,False,0.0,LOW
4482,2026-08-14,Nagpur,Nagpur Block-1,Nagpur Block-1 Village-3,poultry,1,0,4,38.9,Reported by local field worker.,False,False,False,True,False,False,False,False,False,False,False,False,0.0,LOW
4483,2026-08-14,Sambhajinagar,Sambhajinagar Block-1,Sambhajinagar Block-1 Village-2,cattle,5,0,2,,,True,True,False,True,False,False,False,False,False,False,False,False,0.0,LOW
4484,2026-08-14,Nagpur,Nagpur Block-2,Nagpur Block-2 Village-5,cattle,1,0,9,39.1,Reported by local field worker.,False,False,False,False,False,False,False,False,False,False,True,False,0.0,LOW
4485,2026-08-14,Nashik,Nashik Block-1,Nashik Block-1 Village-2,buffalo,1,0,9,,,False,False,False,True,False,False,False,True,False,False,False,False,0.0,LOW
4486,2026-08-14,Nashik,Nashik Block-3,Nashik Block-3 Village-3,poultry,2,0,8,38.4,Farmer requested urgent visit.,False,False,False,False,False,False,False,False,False,True,False,False,0.0,LOW
4487,2026-08-14,Sambhajinagar,Sambhajinagar Block-1,Sambhajinagar Block-1 Village-3,cattle,3,0,4,38.1,,False,True,False,False,False,False,False,False,False,False,False,False,0.0,LOW
4488,2026-08-14,Sambhajinagar,Sambhajinagar Block-2,Sambhajinagar Block-2 Village-1,cattle,5,0,5,40.9,Similar cases seen in neighbouring herd.,True,False,False,True,False,False,False,True,False,False,False,False,0.0,LOW
4489,2026-08-14,Kolhapur,Kolhapur Block-2,Kolhapur Block-2 Village-4,sheep,11,6,2,39.5,Farmer requested urgent visit.,True,True,False,True,False,True,False,False,True,False,False,False,0.545,HIGH
4490,2026-08-14,Kolhapur,Kolhapur Block-3,Kolhapur Block-3 Village-3,goat,3,0,4,37.7,Animals isolated as precaution.,False,True,False,False,False,False,False,False,False,False,False,False,0.0,LOW
4491,2026-08-14,Kolhapur,Kolhapur Block-2,Kolhapur Block-2 Village-2,cattle,3,0,2,,,False,False,False,True,False,True,False,False,False,False,False,False,0.0,LOW
4492,2026-08-14,Amravati,Amravati Block-2,Amravati Block-2 Village-2,goat,6,3,1,39.9,Animals isolated as precaution.,True,True,False,True,False,False,False,False,True,False,False,True,0.5,HIGH
4493,2026-08-14,Nagpur,Nagpur Block-3,Nagpur Block-3 Village-1,cattle,3,0,7,38.8,,False,False,False,False,True,False,True,False,False,False,False,False,0.0,LOW
4494,2026-08-14,Sambhajinagar,Sambhajinagar Block-3,Sambhajinagar Block-3 Village-5,poultry,2,0,7,38.7,Animals isolated as precaution.,False,False,False,False,False,True,False,False,False,False,False,False,0.0,LOW
4495,2026-08-14,Pune,Pune Block-2,Pune Block-2 Village-1,cattle,4,0,4,38.0,Animals isolated as precaution.,False,False,True,False,False,False,False,False,False,False,False,False,0.0,LOW
4496,2026-08-14,Pune,Pune Block-3,Pune Block-3 Village-2,cattle,2,0,3,38.2,Animals isolated as precaution.,False,False,False,False,False,False,True,False,False,False,False,False,0.0,LOW
4497,2026-08-14,Sambhajinagar,Sambhajinagar Block-1,Sambhajinagar Block-1 Village-3,cattle,1,0,6,40.3,Reported by local field worker.,True,False,False,False,False,False,True,False,False,False,False,False,0.0,LOW
4498,2026-08-14,Pune,Pune Block-2,Pune Block-2 Village-3,cattle,1,0,8,37.7,Similar cases seen in neighbouring herd.,False,False,True,False,False,True,True,False,True,True,False,False,0.0,LOW
4499,2026-08-14,Amravati,Amravati Block-1,Amravati Block-1 Village-4,buffalo,8,1,8,38.7,Reported by local field worker.,False,True,False,False,False,True,False,False,False,False,False,False,0.125,LOW
4500,2026-08-14,Pune,Pune Block-3,Pune Block-3 Village-2,goat,4,2,1,39.7,Reported by local field worker.,True,True,True,True,False,True,True,False,False,False,False,False,0.5,HIGH
4501,2026-08-14,Nashik,Nashik Block-3,Nashik Block-3 Village-1,sheep,2,0,1,,,True,True,True,False,False,True,False,False,False,False,False,False,0.0,LOW
4502,2026-08-14,Nashik,Nashik Block-2,Nashik Block-2 Village-4,goat,1,0,2,,Similar cases seen in neighbouring herd.,False,False,True,False,False,False,False,False,False,False,False,False,0.0,LOW
4503,2026-08-14,Amravati,Amravati Block-1,Amravati Block-1 Village-1,goat,4,0,6,41.3,Animals isolated as precaution.,True,True,True,False,True,True,False,False,False,False,False,False,0.0,LOW
4504,2026-08-14,Sambhajinagar,Sambhajinagar Block-2,Sambhajinagar Block-2 Village-4,goat,3,1,7,,Reported by local field worker.,False,False,False,True,False,False,True,False,False,False,False,False,0.333,LOW
4505,2026-08-14,Nashik,Nashik Block-3,Nashik Block-3 Village-4,buffalo,8,1,8,39.6,Reported by local field worker.,True,True,True,False,False,True,False,False,False,False,False,True,0.125,MEDIUM
4506,2026-08-14,Amravati,Amravati Block-3,Amravati Block-3 Village-2,goat,1,0,7,38.8,Animals isolated as precaution.,False,False,False,False,False,True,False,False,False,False,False,False,0.0,LOW
4507,2026-08-14,Nashik,Nashik Block-2,Nashik Block-2 Village-5,goat,1,0,8,38.3,Similar cases seen in neighbouring herd.,False,False,False,False,False,True,False,False,False,False,False,False,0.0,LOW
4508,2026-08-14,Kolhapur,Kolhapur Block-3,Kolhapur Block-3 Village-2,cattle,1,0,8,40.7,Animals isolated as precaution.,True,True,True,False,False,True,False,False,False,False,False,False,0.0,LOW
4509,2026-08-14,Amravati,Amravati Block-3,Amravati Block-3 Village-4,sheep,1,0,6,38.0,Similar cases seen in neighbouring herd.,False,False,False,False,False,False,False,False,False,True,False,False,0.0,LOW
4510,2026-08-14,Pune,Pune Block-2,Pune Block-2 Village-2,poultry,3,0,7,38.8,Animals isolated as precaution.,False,False,False,False,False,False,False,False,False,False,True,False,0.0,LOW
4511,2026-08-14,Kolhapur,Kolhapur Block-1,Kolhapur Block-1 Village-4,sheep,4,0,5,39.9,,True,True,False,True,False,False,False,False,False,False,False,False,0.0,LOW
4512,2026-08-14,Sambhajinagar,Sambhajinagar Block-2,Sambhajinagar Block-2 Village-1,buffalo,3,0,6,,,False,False,False,False,False,False,False,True,False,False,False,False,0.0,LOW
4513,2026-08-14,Nagpur,Nagpur Block-2,Nagpur Block-2 Village-5,sheep,3,0,6,,Animals isolated as precaution.,True,False,False,True,False,False,False,False,False,True,False,False,0.0,LOW
4514,2026-08-14,Amravati,Amravati Block-3,Amravati Block-3 Village-4,cattle,1,0,3,,Reported by local field worker.,True,False,True,False,False,False,False,False,False,False,False,False,0.0,LOW
4515,2026-08-14,Nashik,Nashik Block-2,Nashik Block-2 Village-5,cattle,1,0,3,,Farmer requested urgent visit.,False,False,False,True,False,False,False,False,False,False,False,False,0.0,LOW
4516,2026-08-14,Kolhapur,Kolhapur Block-2,Kolhapur Block-2 Village-5,cattle,3,0,6,,Animals isolated as precaution.,False,True,True,False,False,False,False,False,True,False,False,False,0.0,LOW
4517,2026-08-14,Nashik,Nashik Block-3,Nashik Block-3 Village-5,goat,4,0,5,40.7,Reported by local field worker.,True,False,False,False,True,False,False,False,False,False,False,False,0.0,LOW
4518,2026-08-14,Nashik,Nashik Block-2,Nashik Block-2 Village-4,goat,1,0,6,38.3,Similar cases seen in neighbouring herd.,False,False,False,True,False,False,False,False,False,False,False,False,0.0,LOW
4519,2026-08-15,Pune,Pune Block-2,Pune Block-2 Village-3,buffalo,13,6,2,,Farmer requested urgent visit.,True,False,False,True,True,True,False,False,False,False,False,False,0.462,HIGH
4520,2026-08-15,Pune,Pune Block-2,Pune Block-2 Village-3,cattle,20,11,3,39.7,Similar cases seen in neighbouring herd.,True,True,False,True,False,False,False,True,False,True,False,False,0.55,HIGH
4521,2026-08-15,Kolhapur,Kolhapur Block-3,Kolhapur Block-3 Village-1,sheep,4,1,8,,,False,False,False,True,True,True,False,True,False,False,False,False,0.25,MEDIUM
4522,2026-08-15,Kolhapur,Kolhapur Block-3,Kolhapur Block-3 Village-1,goat,3,0,2,41.4,Reported by local field worker.,True,True,False,False,True,False,False,False,False,False,False,False,0.0,LOW
4523,2026-08-15,Pune,Pune Block-1,Pune Block-1 Village-1,buffalo,17,4,3,41.2,Animals isolated as precaution.,True,True,True,True,False,True,False,False,False,False,False,False,0.235,MEDIUM
4524,2026-08-15,Nagpur,Nagpur Block-3,Nagpur Block-3 Village-2,buffalo,3,0,4,41.3,Farmer requested urgent visit.,True,True,False,False,True,True,False,False,True,False,False,False,0.0,LOW
4525,2026-08-15,Amravati,Amravati Block-3,Amravati Block-3 Village-3,cattle,3,0,4,38.4,,False,True,False,True,False,False,False,False,False,True,False,False,0.0,LOW
4526,2026-08-15,Nashik,Nashik Block-3,Nashik Block-3 Village-3,buffalo,4,0,9,37.7,Similar cases seen in neighbouring herd.,False,False,False,False,False,False,True,True,False,False,False,False,0.0,LOW
4527,2026-08-15,Amravati,Amravati Block-2,Amravati Block-2 Village-3,buffalo,4,0,9,,Animals isolated as precaution.,True,False,False,False,False,False,False,False,False,True,False,False,0.0,LOW
4528,2026-08-15,Nagpur,Nagpur Block-3,Nagpur Block-3 Village-3,goat,3,0,5,40.5,Farmer requested urgent visit.,True,False,False,False,False,False,True,False,True,False,False,False,0.0,LOW
4529,2026-08-15,Nashik,Nashik Block-2,Nashik Block-2 Village-1,cattle,2,0,6,37.9,,False,False,False,False,False,True,False,False,False,False,False,False,0.0,LOW
4530,2026-08-15,Pune,Pune Block-3,Pune Block-3 Village-1,poultry,3,0,3,,Farmer requested urgent visit.,True,False,False,True,False,False,False,True,False,False,False,False,0.0,LOW
4531,2026-08-15,Pune,Pune Block-1,Pune Block-1 Village-3,goat,22,7,3,40.3,Similar cases seen in neighbouring herd.,True,True,False,True,True,True,False,False,False,False,False,False,0.318,MEDIUM
4532,2026-08-15,Nagpur,Nagpur Block-3,Nagpur Block-3 Village-3,sheep,2,0,1,38.6,,False,False,False,False,True,False,False,False,False,False,False,False,0.0,LOW
4533,2026-08-15,Nashik,Nashik Block-2,Nashik Block-2 Village-4,buffalo,1,0,8,,Farmer requested urgent visit.,True,False,False,True,False,True,False,False,False,False,False,False,0.0,LOW
4534,2026-08-15,Nagpur,Nagpur Block-3,Nagpur Block-3 Village-1,goat,4,0,5,,,True,True,False,False,False,True,False,False,False,False,False,False,0.0,LOW
4535,2026-08-15,Nashik,Nashik Block-2,Nashik Block-2 Village-3,goat,2,0,2,38.1,Reported by local field worker.,False,False,False,False,False,False,False,False,False,False,False,True,0.0,MEDIUM
4536,2026-08-15,Sambhajinagar,Sambhajinagar Block-2,Sambhajinagar Block-2 Village-5,poultry,1,0,2,38.8,,False,False,False,True,True,False,False,False,False,False,False,False,0.0,LOW
4537,2026-08-15,Nashik,Nashik Block-3,Nashik Block-3 Village-2,cattle,3,0,9,39.1,Animals isolated as precaution.,False,False,False,True,False,False,False,False,False,False,False,False,0.0,LOW
4538,2026-08-15,Pune,Pune Block-2,Pune Block-2 Village-3,goat,4,0,6,,Similar cases seen in neighbouring herd.,True,False,False,False,False,False,True,False,True,False,False,False,0.0,LOW
4539,2026-08-15,Kolhapur,Kolhapur Block-2,Kolhapur Block-2 Village-1,cattle,7,0,5,,,True,False,True,False,False,False,False,False,True,True,False,False,0.0,LOW
4540,2026-08-15,Pune,Pune Block-1,Pune Block-1 Village-4,cattle,1,0,6,40.8,Farmer requested urgent visit.,True,False,True,False,False,False,False,False,False,False,False,False,0.0,LOW
4541,2026-08-15,Sambhajinagar,Sambhajinagar Block-1,Sambhajinagar Block-1 Village-2,buffalo,3,0,3,41.2,,True,False,False,False,False,False,False,False,False,False,False,False,0.0,LOW
4542,2026-08-15,Pune,Pune Block-2,Pune Block-2 Village-2,cattle,3,0,9,39.4,Farmer requested urgent visit.,True,True,False,False,True,False,True,True,True,False,False,False,0.0,MEDIUM
4543,2026-08-15,Nashik,Nashik Block-2,Nashik Block-2 Village-5,cattle,1,0,4,38.3,,False,False,False,False,False,False,False,False,False,True,False,False,0.0,LOW
4544,2026-08-15,Sambhajinagar,Sambhajinagar Block-3,Sambhajinagar Block-3 Village-3,goat,9,1,2,38.3,,False,False,False,False,False,True,True,False,False,False,False,False,0.111,LOW
4545,2026-08-15,Nashik,Nashik Block-2,Nashik Block-2 Village-4,cattle,4,0,8,,,False,True,False,False,False,False,False,False,False,False,False,False,0.0,LOW
4546,2026-08-15,Pune,Pune Block-2,Pune Block-2 Village-2,buffalo,1,0,3,38.0,Similar cases seen in neighbouring herd.,False,False,False,False,True,False,False,False,False,False,False,False,0.0,LOW
4547,2026-08-15,Sambhajinagar,Sambhajinagar Block-1,Sambhajinagar Block-1 Village-4,cattle,2,0,2,,Farmer requested urgent visit.,True,True,False,False,False,False,False,False,False,False,False,False,0.0,LOW
4548,2026-08-15,Kolhapur,Kolhapur Block-3,Kolhapur Block-3 Village-2,cattle,1,0,1,,Similar cases seen in neighbouring herd.,False,False,False,False,True,False,False,False,False,False,False,False,0.0,LOW
4549,2026-08-15,Sambhajinagar,Sambhajinagar Block-2,Sambhajinagar Block-2 Village-2,cattle,3,0,5,,Similar cases seen in neighbouring herd.,True,False,False,False,False,True,True,False,False,False,False,False,0.0,LOW
4550,2026-08-15,Nashik,Nashik Block-1,Nashik Block-1 Village-4,goat,1,0,4,37.7,Farmer requested urgent visit.,False,False,True,False,True,False,False,False,False,False,False,False,0.0,LOW
4551,2026-08-15,Amravati,Amravati Block-1,Amravati Block-1 Village-1,goat,6,1,1,,Farmer requested urgent visit.,False,True,False,True,False,True,False,False,False,True,False,False,0.167,LOW
4552,2026-08-15,Pune,Pune Block-1,Pune Block-1 Village-2,sheep,4,0,7,38.9,Animals isolated as precaution.,False,False,False,True,False,False,False,True,False,False,False,False,0.0,LOW
4553,2026-08-15,Sambhajinagar,Sambhajinagar Block-1,Sambhajinagar Block-1 Village-1,sheep,4,0,4,38.3,Farmer requested urgent visit.,False,False,False,False,False,False,True,False,False,False,False,False,0.0,LOW
4554,2026-08-15,Nagpur,Nagpur Block-3,Nagpur Block-3 Village-4,poultry,2,0,7,,Reported by local field worker.,False,False,True,True,False,False,True,False,False,False,False,False,0.0,LOW
4555,2026-08-15,Nashik,Nashik Block-3,Nashik Block-3 Village-2,cattle,3,0,3,40.5,Farmer requested urgent visit.,True,False,False,True,False,False,False,False,False,False,False,False,0.0,LOW
4556,2026-08-15,Amravati,Amravati Block-3,Amravati Block-3 Village-4,goat,4,0,6,40.2,Animals isolated as precaution.,True,False,False,False,True,False,False,False,False,False,False,False,0.0,LOW
4557,2026-08-15,Nashik,Nashik Block-3,Nashik Block-3 Village-4,cattle,1,0,3,,Reported by local field worker.,False,False,False,True,False,True,False,False,False,False,False,False,0.0,LOW
4558,2026-08-15,Nashik,Nashik Block-1,Nashik Block-1 Village-2,buffalo,3,0,4,40.6,Similar cases seen in neighbouring herd.,True,False,False,True,False,False,False,False,False,False,False,False,0.0,LOW
4559,2026-08-15,Amravati,Amravati Block-1,Amravati Block-1 Village-3,goat,4,0,3,38.2,Similar cases seen in neighbouring herd.,False,False,False,True,False,False,False,False,False,False,False,False,0.0,LOW
4560,2026-08-15,Kolhapur,Kolhapur Block-1,Kolhapur Block-1 Village-2,cattle,1,0,2,37.9,Similar cases seen in neighbouring herd.,False,True,False,True,False,False,False,False,True,False,False,False,0.0,LOW
4561,2026-08-15,Pune,Pune Block-1,Pune Block-1 Village-5,buffalo,1,0,7,41.3,Similar cases seen in neighbouring herd.,True,False,False,False,False,False,False,False,False,False,False,False,0.0,LOW
4562,2026-08-15,Amravati,Amravati Block-3,Amravati Block-3 Village-3,sheep,4,0,2,38.6,,False,False,False,False,True,False,False,False,False,False,False,False,0.0,LOW
4563,2026-08-15,Nagpur,Nagpur Block-1,Nagpur Block-1 Village-1,cattle,1,0,8,41.0,,True,False,False,False,False,False,False,False,False,False,False,False,0.0,LOW
4564,2026-08-15,Nagpur,Nagpur Block-3,Nagpur Block-3 Village-1,cattle,4,0,3,38.8,Similar cases seen in neighbouring herd.,False,False,False,False,True,False,False,False,False,False,False,False,0.0,LOW
4565,2026-08-15,Nagpur,Nagpur Block-3,Nagpur Block-3 Village-2,goat,2,0,6,41.1,Animals isolated as precaution.,True,True,True,False,False,False,False,False,False,False,False,False,0.0,LOW
4566,2026-08-16,Pune,Pune Block-2,Pune Block-2 Village-3,sheep,19,6,2,39.6,,True,True,False,False,True,True,True,False,False,True,False,False,0.316,MEDIUM
4567,2026-08-16,Pune,Pune Block-2,Pune Block-2 Village-3,goat,7,3,1,40.2,,True,True,True,True,False,True,False,False,True,True,False,False,0.429,MEDIUM
4568,2026-08-16,Kolhapur,Kolhapur Block-3,Kolhapur Block-3 Village-1,goat,5,0,2,39.9,Farmer requested urgent visit.,True,True,True,True,False,True,False,False,False,False,False,False,0.0,LOW
4569,2026-08-16,Kolhapur,Kolhapur Block-3,Kolhapur Block-3 Village-1,cattle,9,2,7,38.5,,False,True,False,True,True,True,False,False,False,False,False,False,0.222,LOW
4570,2026-08-16,Pune,Pune Block-2,Pune Block-2 Village-3,cattle,2,0,2,40.6,,True,False,True,False,True,True,False,False,False,False,False,False,0.0,LOW
4571,2026-08-16,Sambhajinagar,Sambhajinagar Block-2,Sambhajinagar Block-2 Village-5,goat,4,0,6,,Similar cases seen in neighbouring herd.,False,True,False,False,True,False,False,False,False,False,False,False,0.0,LOW
4572,2026-08-16,Amravati,Amravati Block-1,Amravati Block-1 Village-3,goat,1,0,1,38.1,Similar cases seen in neighbouring herd.,False,False,True,True,True,False,False,False,False,False,False,False,0.0,LOW
4573,2026-08-16,Nagpur,Nagpur Block-3,Nagpur Block-3 Village-4,cattle,1,0,4,38.5,Reported by local field worker.,False,True,False,False,False,False,True,False,False,False,False,False,0.0,LOW
4574,2026-08-16,Pune,Pune Block-2,Pune Block-2 Village-2,cattle,6,0,2,37.9,Animals isolated as precaution.,False,True,False,False,True,False,True,False,False,False,False,False,0.0,LOW
4575,2026-08-16,Pune,Pune Block-3,Pune Block-3 Village-1,goat,4,0,6,,Similar cases seen in neighbouring herd.,True,False,False,False,True,True,True,False,False,False,False,False,0.0,LOW
4576,2026-08-16,Nagpur,Nagpur Block-2,Nagpur Block-2 Village-3,poultry,1,0,4,,,False,False,False,False,True,False,False,False,False,False,False,False,0.0,LOW
4577,2026-08-16,Kolhapur,Kolhapur Block-1,Kolhapur Block-1 Village-4,sheep,4,0,2,,Farmer requested urgent visit.,False,True,True,False,False,False,False,False,False,False,False,False,0.0,LOW
4578,2026-08-16,Kolhapur,Kolhapur Block-3,Kolhapur Block-3 Village-2,sheep,3,0,3,41.0,,True,False,False,False,False,False,False,False,False,False,False,False,0.0,LOW
4579,2026-08-16,Pune,Pune Block-3,Pune Block-3 Village-4,cattle,4,0,1,38.6,Farmer requested urgent visit.,False,False,True,True,False,False,False,False,False,False,False,True,0.0,MEDIUM
4580,2026-08-16,Sambhajinagar,Sambhajinagar Block-2,Sambhajinagar Block-2 Village-2,cattle,4,0,4,38.0,,False,False,False,True,True,False,False,False,False,True,False,False,0.0,LOW
4581,2026-08-16,Sambhajinagar,Sambhajinagar Block-1,Sambhajinagar Block-1 Village-2,cattle,2,0,8,38.4,Similar cases seen in neighbouring herd.,False,False,False,False,True,False,False,False,False,False,False,False,0.0,LOW
4582,2026-08-16,Amravati,Amravati Block-3,Amravati Block-3 Village-1,goat,2,0,4,40.7,Similar cases seen in neighbouring herd.,True,False,False,False,False,False,False,False,False,False,False,False,0.0,LOW
4583,2026-08-16,Nashik,Nashik Block-3,Nashik Block-3 Village-5,poultry,1,0,9,37.8,Animals isolated as precaution.,False,False,True,False,False,False,False,False,False,False,False,False,0.0,LOW
4584,2026-08-16,Nagpur,Nagpur Block-1,Nagpur Block-1 Village-5,goat,3,0,8,40.8,,True,False,False,False,False,False,False,False,False,False,False,False,0.0,LOW
4585,2026-08-16,Pune,Pune Block-1,Pune Block-1 Village-4,sheep,4,0,3,39.4,Farmer requested urgent visit.,True,True,True,False,False,False,False,True,False,False,False,False,0.0,LOW
4586,2026-08-16,Nagpur,Nagpur Block-3,Nagpur Block-3 Village-3,buffalo,9,0,7,39.5,,True,True,True,False,False,True,False,True,False,False,False,False,0.0,LOW
4587,2026-08-16,Amravati,Amravati Block-3,Amravati Block-3 Village-3,poultry,4,0,8,39.1,,False,False,False,False,False,False,False,True,True,False,False,False,0.0,LOW
4588,2026-08-16,Sambhajinagar,Sambhajinagar Block-1,Sambhajinagar Block-1 Village-5,sheep,1,0,6,,,False,False,False,False,True,True,True,True,False,False,False,False,0.0,LOW
4589,2026-08-16,Nagpur,Nagpur Block-1,Nagpur Block-1 Village-2,sheep,7,1,1,40.3,Similar cases seen in neighbouring herd.,True,False,True,False,True,False,False,False,False,False,False,False,0.143,LOW
4590,2026-08-16,Amravati,Amravati Block-2,Amravati Block-2 Village-5,cattle,4,0,8,39.7,Similar cases seen in neighbouring herd.,True,False,False,False,False,False,False,False,True,False,False,False,0.0,LOW
4591,2026-08-16,Amravati,Amravati Block-2,Amravati Block-2 Village-2,sheep,3,0,9,38.0,,False,False,False,False,False,False,False,False,False,False,False,True,0.0,MEDIUM
4592,2026-08-16,Nashik,Nashik Block-2,Nashik Block-2 Village-2,cattle,1,0,6,40.0,Similar cases seen in neighbouring herd.,True,False,False,True,False,False,False,False,False,False,False,False,0.0,LOW
4593,2026-08-16,Nagpur,Nagpur Block-3,Nagpur Block-3 Village-2,goat,2,0,8,,Animals isolated as precaution.,True,False,False,False,False,False,False,False,False,False,False,False,0.0,LOW
4594,2026-08-16,Sambhajinagar,Sambhajinagar Block-1,Sambhajinagar Block-1 Village-3,goat,2,0,1,40.2,Farmer requested urgent visit.,True,False,False,True,False,True,False,False,False,False,False,False,0.0,LOW
4595,2026-08-16,Sambhajinagar,Sambhajinagar Block-1,Sambhajinagar Block-1 Village-1,goat,18,4,1,39.3,Animals isolated as precaution.,True,True,True,True,True,True,False,False,False,False,False,True,0.222,HIGH
4596,2026-08-16,Kolhapur,Kolhapur Block-3,Kolhapur Block-3 Village-2,goat,4,0,4,38.5,Animals isolated as precaution.,False,False,False,True,False,False,False,False,False,False,False,False,0.0,LOW
4597,2026-08-16,Pune,Pune Block-1,Pune Block-1 Village-3,cattle,3,0,4,,Reported by local field worker.,False,True,False,True,False,False,False,False,False,False,False,False,0.0,LOW
4598,2026-08-16,Amravati,Amravati Block-1,Amravati Block-1 Village-1,buffalo,1,0,6,38.7,Similar cases seen in neighbouring herd.,False,False,False,False,True,False,False,False,False,False,False,False,0.0,LOW
4599,2026-08-16,Pune,Pune Block-1,Pune Block-1 Village-3,sheep,3,0,7,39.7,,True,False,False,False,False,False,False,False,False,False,False,False,0.0,LOW
4600,2026-08-16,Sambhajinagar,Sambhajinagar Block-2,Sambhajinagar Block-2 Village-3,goat,12,2,1,,Farmer requested urgent visit.,True,False,True,True,True,True,False,False,True,False,False,False,0.167,MEDIUM
4601,2026-08-16,Nashik,Nashik Block-3,Nashik Block-3 Village-3,goat,6,1,4,,Farmer requested urgent visit.,True,True,False,True,False,True,False,False,False,False,False,False,0.167,LOW
4602,2026-08-16,Kolhapur,Kolhapur Block-1,Kolhapur Block-1 Village-1,poultry,1,0,9,39.1,Reported by local field worker.,False,False,False,True,False,False,False,False,False,False,False,False,0.0,LOW
4603,2026-08-16,Pune,Pune Block-1,Pune Block-1 Village-3,goat,9,1,4,,,True,True,True,False,True,False,False,False,False,False,False,False,0.111,MEDIUM
4604,2026-08-16,Amravati,Amravati Block-3,Amravati Block-3 Village-5,sheep,1,0,8,38.5,Farmer requested urgent visit.,False,False,False,False,False,False,False,False,True,False,False,False,0.0,LOW
4605,2026-08-16,Nagpur,Nagpur Block-2,Nagpur Block-2 Village-1,cattle,3,0,4,,,False,True,False,False,False,False,False,False,False,False,False,False,0.0,LOW
4606,2026-08-16,Sambhajinagar,Sambhajinagar Block-2,Sambhajinagar Block-2 Village-3,goat,3,0,5,39.4,Reported by local field worker.,True,False,False,True,False,False,False,False,False,False,False,True,0.0,LOW
4607,2026-08-16,Nashik,Nashik Block-1,Nashik Block-1 Village-3,cattle,3,0,1,41.4,,True,False,False,False,False,True,True,False,False,False,False,False,0.0,LOW
4608,2026-08-16,Nagpur,Nagpur Block-2,Nagpur Block-2 Village-3,buffalo,1,0,4,39.0,,False,True,True,False,True,True,False,False,False,False,False,False,0.0,LOW
4609,2026-08-16,Pune,Pune Block-1,Pune Block-1 Village-4,goat,3,0,6,,,True,False,True,False,False,False,False,False,False,False,False,False,0.0,LOW
4610,2026-08-16,Kolhapur,Kolhapur Block-2,Kolhapur Block-2 Village-2,sheep,2,0,9,41.1,Reported by local field worker.,True,True,False,True,True,True,False,True,False,False,False,True,0.0,MEDIUM
4611,2026-08-16,Pune,Pune Block-3,Pune Block-3 Village-1,sheep,2,0,2,41.4,Similar cases seen in neighbouring herd.,True,False,False,False,False,False,False,False,False,False,False,False,0.0,LOW
4612,2026-08-16,Nashik,Nashik Block-3,Nashik Block-3 Village-2,buffalo,3,0,2,40.0,Reported by local field worker.,True,False,False,False,False,False,False,False,False,False,True,False,0.0,LOW
4613,2026-08-16,Nashik,Nashik Block-2,Nashik Block-2 Village-2,cattle,3,0,1,40.7,Animals isolated as precaution.,True,False,False,False,False,False,False,False,False,False,False,False,0.0,LOW
4614,2026-08-16,Kolhapur,Kolhapur Block-2,Kolhapur Block-2 Village-3,buffalo,1,0,8,37.7,Farmer requested urgent visit.,False,False,True,False,False,False,False,False,False,False,False,False,0.0,LOW
4615,2026-08-17,Pune,Pune Block-2,Pune Block-2 Village-3,sheep,8,1,6,38.2,,False,True,False,False,False,False,False,False,False,False,False,False,0.125,LOW
4616,2026-08-17,Pune,Pune Block-2,Pune Block-2 Village-3,sheep,6,1,5,,Farmer requested urgent visit.,False,True,False,True,False,False,False,False,True,False,False,False,0.167,LOW
4617,2026-08-17,Kolhapur,Kolhapur Block-3,Kolhapur Block-3 Village-1,goat,2,0,8,,,True,True,True,False,True,True,True,True,False,False,False,False,0.0,LOW
4618,2026-08-17,Pune,Pune Block-1,Pune Block-1 Village-5,cattle,3,0,8,,Animals isolated as precaution.,False,True,False,False,False,False,False,False,False,False,False,False,0.0,LOW
4619,2026-08-17,Sambhajinagar,Sambhajinagar Block-1,Sambhajinagar Block-1 Village-2,sheep,3,0,8,37.8,Animals isolated as precaution.,False,False,False,False,False,False,False,False,False,False,False,True,0.0,MEDIUM
4620,2026-08-17,Kolhapur,Kolhapur Block-1,Kolhapur Block-1 Village-3,goat,2,0,7,38.3,,False,False,False,False,False,True,False,False,False,False,False,False,0.0,LOW
4621,2026-08-17,Amravati,Amravati Block-3,Amravati Block-3 Village-1,poultry,1,0,6,40.6,,True,False,False,False,False,False,False,False,False,False,False,False,0.0,LOW
4622,2026-08-17,Nagpur,Nagpur Block-2,Nagpur Block-2 Village-5,goat,5,1,3,41.0,Animals isolated as precaution.,True,False,True,False,False,True,True,True,False,False,False,False,0.2,LOW
4623,2026-08-17,Pune,Pune Block-2,Pune Block-2 Village-4,goat,2,0,7,37.9,Similar cases seen in neighbouring herd.,False,False,False,False,False,False,False,False,False,False,False,True,0.0,LOW
4624,2026-08-17,Pune,Pune Block-1,Pune Block-1 Village-4,cattle,2,0,6,38.0,Animals isolated as precaution.,False,False,False,False,False,False,True,False,False,False,False,False,0.0,LOW
4625,2026-08-17,Pune,Pune Block-3,Pune Block-3 Village-2,cattle,2,0,4,40.5,Farmer requested urgent visit.,True,False,True,False,True,False,True,False,False,False,False,False,0.0,LOW
4626,2026-08-17,Pune,Pune Block-3,Pune Block-3 Village-2,goat,3,0,2,39.0,Reported by local field worker.,False,False,False,False,False,False,False,True,False,False,False,False,0.0,LOW
4627,2026-08-17,Pune,Pune Block-3,Pune Block-3 Village-2,goat,1,0,4,38.1,Animals isolated as precaution.,False,True,True,False,False,True,True,False,False,False,False,False,0.0,LOW
4628,2026-08-17,Pune,Pune Block-2,Pune Block-2 Village-1,poultry,3,0,8,38.8,Similar cases seen in neighbouring herd.,False,False,False,False,False,False,True,False,False,False,False,False,0.0,LOW
4629,2026-08-17,Nagpur,Nagpur Block-3,Nagpur Block-3 Village-1,cattle,1,0,3,40.1,Animals isolated as precaution.,True,True,True,False,False,False,False,False,False,False,False,False,0.0,LOW
4630,2026-08-17,Nagpur,Nagpur Block-3,Nagpur Block-3 Village-5,goat,3,0,1,38.9,Farmer requested urgent visit.,False,True,False,False,True,False,False,False,False,False,False,False,0.0,LOW
4631,2026-08-17,Nashik,Nashik Block-2,Nashik Block-2 Village-3,sheep,9,1,2,,Animals isolated as precaution.,True,False,False,False,True,True,False,False,False,False,False,False,0.111,LOW
4632,2026-08-17,Kolhapur,Kolhapur Block-2,Kolhapur Block-2 Village-5,cattle,2,0,2,39.0,Animals isolated as precaution.,False,False,True,False,False,False,False,False,False,False,False,False,0.0,LOW
4633,2026-08-17,Amravati,Amravati Block-1,Amravati Block-1 Village-4,cattle,2,0,6,,,False,False,False,True,True,False,False,False,False,False,False,False,0.0,LOW
4634,2026-08-17,Sambhajinagar,Sambhajinagar Block-2,Sambhajinagar Block-2 Village-4,buffalo,4,0,2,37.7,Farmer requested urgent visit.,False,True,False,False,False,False,False,False,False,False,False,False,0.0,LOW
4635,2026-08-17,Nagpur,Nagpur Block-3,Nagpur Block-3 Village-5,cattle,6,1,5,,Similar cases seen in neighbouring herd.,True,False,False,True,True,False,True,False,True,True,False,False,0.167,MEDIUM
4636,2026-08-17,Amravati,Amravati Block-3,Amravati Block-3 Village-1,poultry,1,0,1,37.8,,False,False,False,False,False,False,False,False,False,False,False,True,0.0,LOW
4637,2026-08-17,Amravati,Amravati Block-2,Amravati Block-2 Village-2,poultry,2,0,1,38.4,Reported by local field worker.,False,False,False,False,False,False,False,False,False,False,False,True,0.0,LOW
4638,2026-08-17,Sambhajinagar,Sambhajinagar Block-2,Sambhajinagar Block-2 Village-4,poultry,2,0,2,38.0,Farmer requested urgent visit.,False,False,False,False,False,False,False,False,True,False,False,False,0.0,LOW
4639,2026-08-17,Kolhapur,Kolhapur Block-1,Kolhapur Block-1 Village-5,poultry,3,0,8,38.8,Farmer requested urgent visit.,False,False,False,False,False,False,False,False,False,False,False,True,0.0,LOW
4640,2026-08-17,Amravati,Amravati Block-1,Amravati Block-1 Village-5,cattle,4,0,2,38.1,Farmer requested urgent visit.,False,False,False,True,False,False,False,False,False,False,True,False,0.0,LOW
4641,2026-08-17,Sambhajinagar,Sambhajinagar Block-3,Sambhajinagar Block-3 Village-4,cattle,2,0,1,,Reported by local field worker.,False,False,False,True,False,False,False,False,False,False,False,False,0.0,LOW
4642,2026-08-17,Nagpur,Nagpur Block-3,Nagpur Block-3 Village-3,goat,4,0,9,38.9,,False,True,False,False,False,False,False,False,False,False,False,False,0.0,LOW
4643,2026-08-17,Amravati,Amravati Block-2,Amravati Block-2 Village-2,cattle,4,0,5,37.8,,False,True,False,True,False,False,False,True,False,False,False,False,0.0,LOW
4644,2026-08-17,Pune,Pune Block-2,Pune Block-2 Village-4,goat,2,0,8,40.0,Similar cases seen in neighbouring herd.,True,True,False,True,False,False,False,False,False,False,False,False,0.0,LOW
4645,2026-08-17,Nagpur,Nagpur Block-3,Nagpur Block-3 Village-3,goat,1,0,3,38.4,,False,False,False,True,False,False,False,False,False,False,False,False,0.0,LOW
4646,2026-08-17,Nashik,Nashik Block-2,Nashik Block-2 Village-1,goat,3,0,9,37.9,,False,True,False,False,False,False,True,False,False,False,False,False,0.0,LOW
4647,2026-08-17,Sambhajinagar,Sambhajinagar Block-1,Sambhajinagar Block-1 Village-4,goat,2,0,9,,,False,True,False,False,True,False,False,False,False,False,False,False,0.0,LOW
4648,2026-08-17,Amravati,Amravati Block-3,Amravati Block-3 Village-4,goat,3,0,3,38.4,,False,False,False,True,False,False,False,False,False,False,False,False,0.0,LOW
4649,2026-08-17,Nashik,Nashik Block-1,Nashik Block-1 Village-1,cattle,1,0,8,38.3,,False,True,False,True,False,True,True,False,False,False,False,False,0.0,LOW
4650,2026-08-17,Nashik,Nashik Block-1,Nashik Block-1 Village-5,sheep,4,0,8,41.1,,True,True,False,False,False,False,False,False,False,False,False,False,0.0,LOW
4651,2026-08-17,Nagpur,Nagpur Block-1,Nagpur Block-1 Village-4,cattle,2,0,5,37.8,,False,False,False,True,False,True,True,True,False,False,False,False,0.0,LOW
4652,2026-08-17,Nashik,Nashik Block-2,Nashik Block-2 Village-3,buffalo,2,0,6,39.1,Animals isolated as precaution.,False,False,False,False,True,False,True,False,False,False,False,False,0.0,LOW
4653,2026-08-17,Amravati,Amravati Block-2,Amravati Block-2 Village-4,sheep,4,0,7,,Similar cases seen in neighbouring herd.,False,False,False,True,False,False,False,False,False,False,False,False,0.0,LOW
4654,2026-08-17,Pune,Pune Block-1,Pune Block-1 Village-4,goat,1,0,9,38.0,,False,True,False,True,False,True,True,False,False,False,False,False,0.0,LOW
4655,2026-08-17,Kolhapur,Kolhapur Block-3,Kolhapur Block-3 Village-5,cattle,2,0,3,,Similar cases seen in neighbouring herd.,False,True,False,False,False,False,False,False,False,False,False,False,0.0,LOW
4656,2026-08-17,Amravati,Amravati Block-2,Amravati Block-2 Village-2,sheep,8,1,8,41.0,,True,False,False,False,False,False,False,True,False,False,False,False,0.125,LOW
4657,2026-08-18,Pune,Pune Block-2,Pune Block-2 Village-3,sheep,6,1,4,,,True,False,True,True,False,False,True,False,False,True,False,False,0.167,MEDIUM
4658,2026-08-18,Kolhapur,Kolhapur Block-2,Kolhapur Block-2 Village-2,buffalo,2,0,3,38.3,Farmer requested urgent visit.,False,True,False,False,False,False,False,False,False,False,False,False,0.0,LOW
4659,2026-08-18,Amravati,Amravati Block-2,Amravati Block-2 Village-3,cattle,2,0,3,38.4,,False,True,False,False,True,False,True,False,False,False,False,False,0.0,LOW
4660,2026-08-18,Pune,Pune Block-3,Pune Block-3 Village-4,poultry,4,0,6,38.7,,False,False,True,True,False,False,False,False,False,False,False,False,0.0,LOW
4661,2026-08-18,Kolhapur,Kolhapur Block-2,Kolhapur Block-2 Village-1,poultry,4,0,1,38.6,Animals isolated as precaution.,False,False,False,False,False,True,True,False,False,False,False,False,0.0,LOW
4662,2026-08-18,Nagpur,Nagpur Block-1,Nagpur Block-1 Village-3,cattle,3,0,8,38.9,Reported by local field worker.,False,False,False,True,False,False,True,False,False,True,False,False,0.0,LOW
4663,2026-08-18,Amravati,Amravati Block-3,Amravati Block-3 Village-2,sheep,2,0,9,,,True,True,False,True,True,True,False,False,False,False,False,False,0.0,LOW
4664,2026-08-18,Pune,Pune Block-2,Pune Block-2 Village-5,buffalo,4,0,9,38.9,,False,False,False,False,False,False,True,False,False,False,False,False,0.0,LOW
4665,2026-08-18,Kolhapur,Kolhapur Block-1,Kolhapur Block-1 Village-5,buffalo,1,0,3,39.2,Reported by local field worker.,False,False,True,False,False,False,False,False,False,False,False,False,0.0,LOW
4666,2026-08-18,Sambhajinagar,Sambhajinagar Block-3,Sambhajinagar Block-3 Village-4,cattle,4,0,6,37.6,,False,False,False,False,False,False,False,True,False,False,False,False,0.0,LOW
4667,2026-08-18,Nashik,Nashik Block-3,Nashik Block-3 Village-3,buffalo,1,0,8,,,False,True,False,False,False,False,False,False,False,False,False,False,0.0,LOW
4668,2026-08-18,Kolhapur,Kolhapur Block-1,Kolhapur Block-1 Village-1,cattle,4,0,7,,Similar cases seen in neighbouring herd.,False,False,False,True,False,True,False,False,True,False,False,False,0.0,LOW
4669,2026-08-18,Nashik,Nashik Block-1,Nashik Block-1 Village-4,goat,4,0,6,41.4,Animals isolated as precaution.,True,False,False,False,False,False,False,True,False,False,False,False,0.0,LOW
4670,2026-08-18,Nagpur,Nagpur Block-1,Nagpur Block-1 Village-3,buffalo,2,0,7,39.4,Reported by local field worker.,True,False,True,False,False,False,True,False,False,False,False,False,0.0,LOW
4671,2026-08-18,Sambhajinagar,Sambhajinagar Block-2,Sambhajinagar Block-2 Village-4,cattle,4,0,9,,,False,False,False,False,False,False,False,False,True,False,False,False,0.0,LOW
4672,2026-08-18,Sambhajinagar,Sambhajinagar Block-3,Sambhajinagar Block-3 Village-2,goat,9,1,8,,,True,False,True,True,False,True,True,True,False,False,False,False,0.111,LOW
4673,2026-08-18,Kolhapur,Kolhapur Block-1,Kolhapur Block-1 Village-4,buffalo,4,0,1,41.2,Reported by local field worker.,True,False,False,False,False,False,False,False,False,False,False,False,0.0,LOW
4674,2026-08-18,Kolhapur,Kolhapur Block-2,Kolhapur Block-2 Village-2,poultry,2,0,5,,,False,False,False,True,False,False,False,False,False,False,False,False,0.0,LOW
4675,2026-08-18,Amravati,Amravati Block-3,Amravati Block-3 Village-4,goat,4,0,6,,,True,False,False,False,False,False,False,False,False,False,False,False,0.0,LOW
4676,2026-08-18,Amravati,Amravati Block-1,Amravati Block-1 Village-5,cattle,22,6,2,40.4,Animals isolated as precaution.,True,True,True,True,False,True,True,False,False,False,False,False,0.273,MEDIUM
4677,2026-08-18,Nagpur,Nagpur Block-3,Nagpur Block-3 Village-3,cattle,2,0,9,,Farmer requested urgent visit.,True,False,False,False,False,False,False,False,False,False,False,False,0.0,LOW
4678,2026-08-18,Pune,Pune Block-2,Pune Block-2 Village-4,sheep,2,0,1,,,False,True,False,True,False,False,False,False,False,False,False,False,0.0,LOW
4679,2026-08-18,Kolhapur,Kolhapur Block-1,Kolhapur Block-1 Village-1,cattle,2,0,8,,,False,True,False,False,False,False,False,False,False,False,False,False,0.0,LOW
4680,2026-08-18,Sambhajinagar,Sambhajinagar Block-1,Sambhajinagar Block-1 Village-5,sheep,2,0,7,39.9,Farmer requested urgent visit.,True,True,True,False,False,True,True,True,False,True,False,False,0.0,LOW
4681,2026-08-18,Pune,Pune Block-1,Pune Block-1 Village-5,goat,4,0,8,40.1,,True,True,False,True,False,True,True,False,False,False,False,False,0.0,LOW
4682,2026-08-18,Nagpur,Nagpur Block-3,Nagpur Block-3 Village-5,goat,3,0,3,,Animals isolated as precaution.,True,False,False,False,False,False,False,False,False,False,False,False,0.0,LOW
4683,2026-08-18,Pune,Pune Block-2,Pune Block-2 Village-2,buffalo,2,0,7,38.9,,False,False,False,False,True,True,True,False,False,False,False,False,0.0,LOW
4684,2026-08-18,Nagpur,Nagpur Block-3,Nagpur Block-3 Village-1,goat,4,0,3,38.9,,False,True,True,False,True,False,False,False,False,False,False,False,0.0,LOW
4685,2026-08-18,Pune,Pune Block-1,Pune Block-1 Village-4,buffalo,9,1,3,,,True,False,False,True,False,False,False,False,False,False,True,False,0.111,MEDIUM
4686,2026-08-18,Amravati,Amravati Block-2,Amravati Block-2 Village-4,goat,3,0,8,,,False,False,False,False,False,True,False,False,False,False,False,False,0.0,LOW
4687,2026-08-18,Sambhajinagar,Sambhajinagar Block-1,Sambhajinagar Block-1 Village-2,buffalo,1,0,3,41.1,Animals isolated as precaution.,True,True,False,False,False,False,False,False,False,False,False,False,0.0,LOW
4688,2026-08-18,Kolhapur,Kolhapur Block-1,Kolhapur Block-1 Village-3,goat,3,0,7,41.0,Animals isolated as precaution.,True,False,False,False,False,False,False,False,False,False,False,False,0.0,LOW
4689,2026-08-18,Sambhajinagar,Sambhajinagar Block-2,Sambhajinagar Block-2 Village-2,buffalo,2,0,5,,Animals isolated as precaution.,False,False,True,False,False,False,False,False,False,False,False,False,0.0,LOW
4690,2026-08-18,Nagpur,Nagpur Block-1,Nagpur Block-1 Village-5,buffalo,1,0,9,41.4,Farmer requested urgent visit.,True,True,False,False,False,False,False,False,False,False,False,False,0.0,LOW
4691,2026-08-18,Amravati,Amravati Block-2,Amravati Block-2 Village-1,sheep,2,0,9,39.3,,True,False,False,False,False,True,False,False,False,False,False,False,0.0,LOW
4692,2026-08-18,Kolhapur,Kolhapur Block-1,Kolhapur Block-1 Village-3,sheep,6,1,2,,Similar cases seen in neighbouring herd.,True,True,False,False,False,True,False,False,True,False,False,False,0.167,LOW
4693,2026-08-18,Pune,Pune Block-2,Pune Block-2 Village-4,cattle,4,0,3,,,False,False,False,False,False,True,False,False,False,False,False,False,0.0,LOW
4694,2026-08-18,Kolhapur,Kolhapur Block-2,Kolhapur Block-2 Village-4,goat,2,0,6,40.5,Farmer requested urgent visit.,True,True,False,True,False,False,True,False,False,False,False,False,0.0,LOW
4695,2026-08-18,Pune,Pune Block-1,Pune Block-1 Village-1,goat,7,1,3,39.6,Farmer requested urgent visit.,True,False,False,False,False,False,False,True,False,False,False,False,0.143,LOW
4696,2026-08-18,Nagpur,Nagpur Block-2,Nagpur Block-2 Village-2,cattle,4,0,9,,Animals isolated as precaution.,False,False,False,False,True,False,True,False,False,False,False,False,0.0,LOW
4697,2026-08-18,Nashik,Nashik Block-1,Nashik Block-1 Village-3,goat,1,0,6,39.6,Reported by local field worker.,True,False,False,False,False,False,False,False,False,False,False,False,0.0,LOW
4698,2026-08-18,Kolhapur,Kolhapur Block-1,Kolhapur Block-1 Village-1,goat,2,0,4,39.5,Farmer requested urgent visit.,True,True,False,False,False,False,False,True,False,False,False,False,0.0,LOW
4699,2026-08-19,Pune,Pune Block-2,Pune Block-2 Village-3,cattle,5,0,2,41.3,,True,False,False,True,False,False,True,False,True,False,False,False,0.0,LOW
4700,2026-08-19,Kolhapur,Kolhapur Block-3,Kolhapur Block-3 Village-1,cattle,2,0,6,38.2,,False,True,False,False,True,False,False,False,False,False,False,False,0.0,LOW
4701,2026-08-19,Kolhapur,Kolhapur Block-3,Kolhapur Block-3 Village-1,cattle,6,3,3,,,True,False,True,True,True,True,True,True,False,False,False,False,0.5,HIGH
4702,2026-08-19,Kolhapur,Kolhapur Block-3,Kolhapur Block-3 Village-1,cattle,5,2,3,40.5,Farmer requested urgent visit.,True,True,False,True,False,True,False,False,False,False,False,False,0.4,MEDIUM
4703,2026-08-19,Kolhapur,Kolhapur Block-2,Kolhapur Block-2 Village-4,goat,2,0,7,40.6,Animals isolated as precaution.,True,False,False,True,True,False,False,True,False,False,False,False,0.0,LOW
4704,2026-08-19,Kolhapur,Kolhapur Block-3,Kolhapur Block-3 Village-1,poultry,1,0,4,,,False,True,False,False,False,False,False,False,False,False,False,False,0.0,LOW
4705,2026-08-19,Nagpur,Nagpur Block-1,Nagpur Block-1 Village-5,cattle,1,0,1,,,True,True,False,False,False,False,False,True,False,False,False,False,0.0,LOW
4706,2026-08-19,Amravati,Amravati Block-3,Amravati Block-3 Village-2,cattle,1,0,1,40.0,Reported by local field worker.,True,False,False,True,False,False,False,False,False,False,False,False,0.0,LOW
4707,2026-08-19,Kolhapur,Kolhapur Block-2,Kolhapur Block-2 Village-3,goat,1,0,4,,,True,True,False,False,False,True,False,False,False,False,False,False,0.0,LOW
4708,2026-08-19,Nashik,Nashik Block-2,Nashik Block-2 Village-1,buffalo,5,1,4,39.7,,True,True,True,False,True,True,False,False,False,False,False,False,0.2,LOW
4709,2026-08-19,Amravati,Amravati Block-3,Amravati Block-3 Village-1,cattle,2,0,2,,Farmer requested urgent visit.,True,False,False,False,False,False,False,False,False,False,False,False,0.0,LOW
4710,2026-08-19,Sambhajinagar,Sambhajinagar Block-2,Sambhajinagar Block-2 Village-5,cattle,7,2,2,40.2,,True,True,True,True,True,True,True,False,False,False,False,False,0.286,MEDIUM
4711,2026-08-19,Sambhajinagar,Sambhajinagar Block-2,Sambhajinagar Block-2 Village-5,sheep,3,0,5,,Animals isolated as precaution.,False,False,True,False,False,False,False,False,False,False,False,False,0.0,LOW
4712,2026-08-19,Nashik,Nashik Block-3,Nashik Block-3 Village-2,goat,1,0,7,39.4,Animals isolated as precaution.,True,False,False,True,False,False,False,True,False,False,False,False,0.0,LOW
4713,2026-08-19,Kolhapur,Kolhapur Block-1,Kolhapur Block-1 Village-3,goat,1,0,7,37.8,Similar cases seen in neighbouring herd.,False,False,False,False,False,False,True,True,False,False,True,False,0.0,LOW
4714,2026-08-19,Nashik,Nashik Block-2,Nashik Block-2 Village-4,buffalo,3,0,6,38.4,,False,False,False,False,True,False,False,False,False,False,False,False,0.0,LOW
4715,2026-08-19,Kolhapur,Kolhapur Block-1,Kolhapur Block-1 Village-2,buffalo,2,0,2,38.9,,False,False,False,False,True,False,False,False,False,False,False,False,0.0,LOW
4716,2026-08-19,Amravati,Amravati Block-2,Amravati Block-2 Village-5,cattle,4,0,1,40.1,Animals isolated as precaution.,True,False,False,False,False,False,False,False,False,False,False,False,0.0,LOW
4717,2026-08-19,Kolhapur,Kolhapur Block-2,Kolhapur Block-2 Village-4,buffalo,4,0,3,37.9,Animals isolated as precaution.,False,False,False,True,False,True,False,False,False,False,False,False,0.0,LOW
4718,2026-08-19,Nashik,Nashik Block-2,Nashik Block-2 Village-3,poultry,1,0,6,37.7,Animals isolated as precaution.,False,True,True,False,True,True,False,False,False,False,False,False,0.0,LOW
4719,2026-08-19,Amravati,Amravati Block-3,Amravati Block-3 Village-4,buffalo,4,0,5,38.4,Farmer requested urgent visit.,False,False,False,True,True,False,False,False,False,False,False,False,0.0,LOW
4720,2026-08-19,Amravati,Amravati Block-1,Amravati Block-1 Village-4,cattle,22,6,3,40.9,Farmer requested urgent visit.,True,True,False,True,True,False,True,True,False,False,False,False,0.273,MEDIUM
4721,2026-08-19,Kolhapur,Kolhapur Block-3,Kolhapur Block-3 Village-4,cattle,9,1,8,40.0,Reported by local field worker.,True,True,False,True,False,False,False,False,False,False,False,False,0.111,LOW
4722,2026-08-19,Nashik,Nashik Block-3,Nashik Block-3 Village-3,cattle,21,8,2,40.1,Similar cases seen in neighbouring herd.,True,False,True,False,False,True,False,True,False,False,False,False,0.381,HIGH
4723,2026-08-19,Amravati,Amravati Block-3,Amravati Block-3 Village-5,cattle,3,0,1,37.8,Similar cases seen in neighbouring herd.,False,False,True,False,False,False,False,False,False,False,False,False,0.0,LOW
4724,2026-08-19,Nashik,Nashik Block-2,Nashik Block-2 Village-1,sheep,3,1,6,39.0,Farmer requested urgent visit.,False,True,True,False,True,False,False,False,False,False,False,False,0.333,MEDIUM
4725,2026-08-19,Amravati,Amravati Block-2,Amravati Block-2 Village-5,cattle,2,0,2,,Animals isolated as precaution.,False,True,True,True,True,True,False,False,False,False,False,False,0.0,LOW
4726,2026-08-19,Kolhapur,Kolhapur Block-1,Kolhapur Block-1 Village-3,goat,4,0,1,41.4,,True,False,False,False,False,True,False,False,False,False,False,False,0.0,LOW
4727,2026-08-19,Nashik,Nashik Block-3,Nashik Block-3 Village-3,poultry,2,0,7,,Similar cases seen in neighbouring herd.,False,False,False,False,False,True,False,False,False,False,False,False,0.0,LOW
4728,2026-08-19,Amravati,Amravati Block-1,Amravati Block-1 Village-1,cattle,1,0,2,38.3,Reported by local field worker.,False,False,False,False,False,False,False,False,True,False,False,False,0.0,LOW
4729,2026-08-19,Kolhapur,Kolhapur Block-3,Kolhapur Block-3 Village-4,cattle,1,0,1,,,True,False,True,False,False,False,False,False,False,True,False,False,0.0,LOW
4730,2026-08-19,Pune,Pune Block-2,Pune Block-2 Village-3,goat,4,1,1,37.9,Reported by local field worker.,False,False,True,False,False,True,True,False,False,False,False,False,0.25,LOW
4731,2026-08-19,Nashik,Nashik Block-3,Nashik Block-3 Village-4,goat,1,0,9,,Farmer requested urgent visit.,False,True,False,False,False,False,False,False,False,False,False,False,0.0,LOW
4732,2026-08-19,Pune,Pune Block-2,Pune Block-2 Village-5,cattle,1,0,9,38.9,Animals isolated as precaution.,False,False,False,False,False,False,True,False,False,False,False,False,0.0,LOW
4733,2026-08-19,Nagpur,Nagpur Block-3,Nagpur Block-3 Village-4,goat,3,0,3,,,False,False,False,True,False,False,False,False,False,False,False,False,0.0,LOW
4734,2026-08-19,Nashik,Nashik Block-1,Nashik Block-1 Village-2,sheep,3,0,9,37.7,Animals isolated as precaution.,False,False,False,False,False,False,True,False,False,False,False,False,0.0,LOW
4735,2026-08-19,Pune,Pune Block-2,Pune Block-2 Village-4,buffalo,3,0,3,38.0,Farmer requested urgent visit.,False,False,True,False,False,False,False,False,False,False,False,False,0.0,LOW
4736,2026-08-19,Nashik,Nashik Block-2,Nashik Block-2 Village-2,sheep,4,0,9,40.2,Similar cases seen in neighbouring herd.,True,False,False,False,False,True,True,False,False,True,False,False,0.0,LOW
4737,2026-08-19,Nashik,Nashik Block-1,Nashik Block-1 Village-2,poultry,1,0,7,,Farmer requested urgent visit.,False,False,False,True,False,False,True,False,False,False,False,False,0.0,LOW
4738,2026-08-19,Nagpur,Nagpur Block-2,Nagpur Block-2 Village-2,poultry,2,0,4,39.2,Animals isolated as precaution.,False,False,False,True,False,False,False,False,False,False,False,False,0.0,LOW
4739,2026-08-19,Nashik,Nashik Block-3,Nashik Block-3 Village-3,cattle,1,0,4,,,False,False,False,False,False,True,False,False,False,False,False,False,0.0,LOW
4740,2026-08-19,Sambhajinagar,Sambhajinagar Block-3,Sambhajinagar Block-3 Village-4,sheep,1,0,3,38.0,Reported by local field worker.,False,False,True,False,False,False,False,False,False,False,False,False,0.0,LOW
4741,2026-08-19,Amravati,Amravati Block-1,Amravati Block-1 Village-3,sheep,3,0,5,40.6,Similar cases seen in neighbouring herd.,True,True,False,True,False,False,False,False,False,False,False,False,0.0,LOW
4742,2026-08-19,Sambhajinagar,Sambhajinagar Block-2,Sambhajinagar Block-2 Village-4,goat,4,0,9,39.8,,True,True,False,False,False,False,False,False,False,False,False,False,0.0,LOW
4743,2026-08-19,Kolhapur,Kolhapur Block-2,Kolhapur Block-2 Village-3,goat,2,0,6,,,False,False,True,False,True,False,False,False,False,False,False,False,0.0,LOW
4744,2026-08-19,Kolhapur,Kolhapur Block-2,Kolhapur Block-2 Village-4,goat,4,0,7,40.4,,True,False,False,True,False,False,True,True,False,False,False,False,0.0,LOW
4745,2026-08-20,Pune,Pune Block-2,Pune Block-2 Village-3,sheep,18,4,1,,,True,True,False,True,False,True,False,False,False,False,False,False,0.222,MEDIUM
4746,2026-08-20,Kolhapur,Kolhapur Block-3,Kolhapur Block-3 Village-1,buffalo,4,2,1,,Farmer requested urgent visit.,True,True,False,True,False,True,False,True,False,False,False,False,0.5,HIGH
4747,2026-08-20,Kolhapur,Kolhapur Block-3,Kolhapur Block-3 Village-1,sheep,4,1,2,,Animals isolated as precaution.,True,True,True,True,True,True,True,False,False,False,False,False,0.25,LOW
4748,2026-08-20,Kolhapur,Kolhapur Block-3,Kolhapur Block-3 Village-1,cattle,7,0,7,39.4,,True,False,True,True,False,False,True,False,False,False,False,False,0.0,LOW
4749,2026-08-20,Pune,Pune Block-3,Pune Block-3 Village-2,cattle,4,0,6,,Animals isolated as precaution.,False,False,False,False,True,False,False,False,False,False,False,False,0.0,LOW
4750,2026-08-20,Nashik,Nashik Block-3,Nashik Block-3 Village-3,cattle,2,0,6,,Farmer requested urgent visit.,False,True,False,False,False,True,False,False,False,False,False,False,0.0,LOW
4751,2026-08-20,Amravati,Amravati Block-2,Amravati Block-2 Village-3,cattle,2,0,4,39.6,,True,False,False,True,False,False,True,False,False,False,False,False,0.0,LOW
4752,2026-08-20,Kolhapur,Kolhapur Block-2,Kolhapur Block-2 Village-4,sheep,3,0,5,37.8,,False,True,False,True,False,False,False,False,False,False,True,False,0.0,LOW
4753,2026-08-20,Sambhajinagar,Sambhajinagar Block-1,Sambhajinagar Block-1 Village-4,buffalo,7,1,7,40.5,Farmer requested urgent visit.,True,False,False,False,False,True,False,False,False,False,False,False,0.143,LOW
4754,2026-08-20,Nagpur,Nagpur Block-1,Nagpur Block-1 Village-5,poultry,1,0,7,41.0,,True,False,False,True,False,False,False,False,True,False,False,False,0.0,LOW
4755,2026-08-20,Nashik,Nashik Block-3,Nashik Block-3 Village-3,buffalo,2,0,2,38.3,Similar cases seen in neighbouring herd.,False,True,False,False,True,False,False,False,False,False,False,False,0.0,LOW
4756,2026-08-20,Nashik,Nashik Block-3,Nashik Block-3 Village-2,goat,1,0,9,,Similar cases seen in neighbouring herd.,False,False,True,True,False,False,False,False,False,False,False,False,0.0,LOW
4757,2026-08-20,Amravati,Amravati Block-2,Amravati Block-2 Village-5,buffalo,3,0,5,38.0,,False,False,False,False,False,False,False,False,True,False,False,False,0.0,LOW
4758,2026-08-20,Kolhapur,Kolhapur Block-3,Kolhapur Block-3 Village-4,goat,3,0,6,38.1,Farmer requested urgent visit.,False,True,False,False,False,False,False,False,True,False,False,False,0.0,LOW
4759,2026-08-20,Pune,Pune Block-2,Pune Block-2 Village-3,goat,1,0,2,37.6,Similar cases seen in neighbouring herd.,False,True,True,False,False,False,False,False,False,False,False,False,0.0,LOW
4760,2026-08-20,Nashik,Nashik Block-2,Nashik Block-2 Village-3,cattle,2,0,2,40.7,,True,False,False,True,False,False,False,False,False,False,False,False,0.0,LOW
4761,2026-08-20,Amravati,Amravati Block-3,Amravati Block-3 Village-5,buffalo,3,0,4,37.7,,False,False,True,False,False,False,False,False,False,False,False,False,0.0,LOW
4762,2026-08-20,Kolhapur,Kolhapur Block-1,Kolhapur Block-1 Village-1,sheep,1,0,8,39.3,Farmer requested urgent visit.,True,False,False,False,False,False,False,False,False,False,False,False,0.0,LOW
4763,2026-08-20,Kolhapur,Kolhapur Block-3,Kolhapur Block-3 Village-2,goat,2,0,8,41.5,,True,False,True,False,False,True,True,False,False,False,False,False,0.0,LOW
4764,2026-08-20,Pune,Pune Block-3,Pune Block-3 Village-4,sheep,2,0,4,,,True,True,False,False,False,False,True,False,False,False,False,False,0.0,LOW
4765,2026-08-20,Kolhapur,Kolhapur Block-3,Kolhapur Block-3 Village-5,goat,4,0,2,,,False,False,False,False,False,False,False,False,False,True,False,False,0.0,LOW
4766,2026-08-20,Nashik,Nashik Block-1,Nashik Block-1 Village-4,buffalo,2,0,1,38.0,,False,False,False,False,False,True,False,False,False,False,False,False,0.0,LOW
4767,2026-08-20,Nagpur,Nagpur Block-3,Nagpur Block-3 Village-3,cattle,3,0,7,,,False,False,False,False,True,False,False,False,False,False,False,False,0.0,LOW
4768,2026-08-20,Kolhapur,Kolhapur Block-3,Kolhapur Block-3 Village-3,cattle,9,0,3,39.5,,True,True,False,False,False,False,False,False,False,False,False,False,0.0,LOW
4769,2026-08-20,Sambhajinagar,Sambhajinagar Block-2,Sambhajinagar Block-2 Village-3,sheep,3,0,5,39.1,,False,False,False,False,True,False,False,True,False,False,False,False,0.0,LOW
4770,2026-08-20,Pune,Pune Block-3,Pune Block-3 Village-5,goat,6,1,3,39.5,,True,True,False,True,True,True,True,False,False,False,False,False,0.167,MEDIUM
4771,2026-08-20,Pune,Pune Block-1,Pune Block-1 Village-3,cattle,3,0,3,38.5,,False,False,False,False,False,False,True,False,False,False,False,False,0.0,LOW
4772,2026-08-20,Amravati,Amravati Block-2,Amravati Block-2 Village-2,cattle,1,0,8,40.2,,True,False,False,True,True,False,False,False,False,False,False,False,0.0,LOW
4773,2026-08-20,Pune,Pune Block-2,Pune Block-2 Village-4,goat,2,0,8,,,False,False,True,True,False,False,False,False,False,False,False,False,0.0,LOW
4774,2026-08-20,Amravati,Amravati Block-3,Amravati Block-3 Village-1,cattle,4,0,4,38.6,Reported by local field worker.,False,False,False,False,False,False,False,False,False,False,True,False,0.0,LOW
4775,2026-08-20,Kolhapur,Kolhapur Block-2,Kolhapur Block-2 Village-4,goat,8,1,6,,Reported by local field worker.,True,False,True,False,True,False,True,False,False,False,False,False,0.125,MEDIUM
4776,2026-08-20,Kolhapur,Kolhapur Block-2,Kolhapur Block-2 Village-5,cattle,1,0,9,38.3,,False,True,False,False,False,False,False,True,False,False,False,False,0.0,LOW
4777,2026-08-20,Kolhapur,Kolhapur Block-3,Kolhapur Block-3 Village-5,cattle,3,0,7,38.7,,False,True,False,False,False,False,False,False,False,False,False,False,0.0,LOW
4778,2026-08-20,Nagpur,Nagpur Block-3,Nagpur Block-3 Village-4,goat,2,0,3,,,True,False,False,False,True,False,False,False,False,False,False,False,0.0,LOW
4779,2026-08-20,Pune,Pune Block-2,Pune Block-2 Village-4,buffalo,2,0,4,40.9,Similar cases seen in neighbouring herd.,True,False,False,False,False,False,False,False,False,False,False,False,0.0,LOW
4780,2026-08-20,Kolhapur,Kolhapur Block-1,Kolhapur Block-1 Village-1,buffalo,4,0,8,,Animals isolated as precaution.,True,False,False,False,False,False,True,False,True,False,False,False,0.0,LOW
4781,2026-08-20,Kolhapur,Kolhapur Block-2,Kolhapur Block-2 Village-1,goat,2,0,3,37.8,Reported by local field worker.,False,False,False,False,False,False,True,False,False,False,False,False,0.0,LOW
4782,2026-08-20,Sambhajinagar,Sambhajinagar Block-3,Sambhajinagar Block-3 Village-2,sheep,9,1,8,41.5,,True,False,False,True,False,False,False,False,False,False,False,False,0.111,MEDIUM
4783,2026-08-20,Nagpur,Nagpur Block-2,Nagpur Block-2 Village-3,cattle,2,0,3,38.0,,False,False,False,False,False,True,False,False,False,False,False,False,0.0,LOW
4784,2026-08-20,Amravati,Amravati Block-1,Amravati Block-1 Village-5,sheep,1,0,2,38.4,,False,False,False,True,False,False,False,True,False,False,False,False,0.0,LOW
4785,2026-08-20,Nashik,Nashik Block-1,Nashik Block-1 Village-5,buffalo,1,0,3,38.5,Similar cases seen in neighbouring herd.,False,True,False,False,False,False,True,False,False,False,False,False,0.0,LOW
4786,2026-08-20,Nagpur,Nagpur Block-3,Nagpur Block-3 Village-4,cattle,1,0,2,39.4,Animals isolated as precaution.,True,False,False,False,False,False,False,False,False,False,False,False,0.0,LOW
4787,2026-08-20,Nashik,Nashik Block-1,Nashik Block-1 Village-5,sheep,3,0,7,37.8,Animals isolated as precaution.,False,False,False,False,False,True,False,False,False,False,False,False,0.0,LOW
4788,2026-08-20,Sambhajinagar,Sambhajinagar Block-3,Sambhajinagar Block-3 Village-1,poultry,1,0,4,37.8,,False,False,False,True,False,False,False,True,False,False,False,False,0.0,LOW
4789,2026-08-20,Sambhajinagar,Sambhajinagar Block-2,Sambhajinagar Block-2 Village-4,buffalo,4,0,6,38.3,,False,False,False,True,False,False,False,False,False,False,False,False,0.0,LOW
4790,2026-08-20,Nagpur,Nagpur Block-2,Nagpur Block-2 Village-3,buffalo,4,0,4,39.2,,False,False,True,False,False,False,False,False,False,False,False,False,0.0,LOW
4791,2026-08-20,Nashik,Nashik Block-2,Nashik Block-2 Village-2,goat,4,0,4,,Reported by local field worker.,False,False,False,False,False,True,False,False,False,False,False,False,0.0,LOW
4792,2026-08-20,Kolhapur,Kolhapur Block-3,Kolhapur Block-3 Village-4,goat,1,0,7,39.1,Reported by local field worker.,False,False,False,True,False,False,True,False,False,False,False,False,0.0,LOW
4793,2026-08-21,Pune,Pune Block-2,Pune Block-2 Village-3,poultry,2,0,7,40.0,Similar cases seen in neighbouring herd.,True,False,False,True,False,False,True,False,False,False,False,False,0.0,LOW
4794,2026-08-21,Pune,Pune Block-2,Pune Block-2 Village-3,cattle,11,4,3,40.2,,True,True,True,True,False,True,False,False,False,False,False,False,0.364,MEDIUM
4795,2026-08-21,Pune,Pune Block-2,Pune Block-2 Village-3,buffalo,6,1,9,39.2,,False,True,False,False,False,False,True,False,False,False,False,False,0.167,LOW
4796,2026-08-21,Pune,Pune Block-2,Pune Block-2 Village-3,poultry,8,0,2,40.6,Reported by local field worker.,True,True,True,False,False,False,True,False,False,True,False,False,0.0,LOW
4797,2026-08-21,Nagpur,Nagpur Block-1,Nagpur Block-1 Village-2,cattle,4,0,9,38.8,,False,False,False,False,False,False,True,False,False,False,False,False,0.0,LOW
4798,2026-08-21,Amravati,Amravati Block-3,Amravati Block-3 Village-2,sheep,5,1,6,40.1,Farmer requested urgent visit.,True,True,False,True,True,False,False,False,False,False,False,False,0.2,LOW
4799,2026-08-21,Nashik,Nashik Block-3,Nashik Block-3 Village-3,goat,4,0,2,38.8,,False,False,True,False,True,True,False,False,False,False,False,False,0.0,LOW
4800,2026-08-21,Nagpur,Nagpur Block-3,Nagpur Block-3 Village-4,sheep,4,1,3,41.3,Farmer requested urgent visit.,True,True,False,True,True,False,True,False,False,False,False,False,0.25,MEDIUM
4801,2026-08-21,Nashik,Nashik Block-1,Nashik Block-1 Village-5,goat,1,0,1,41.3,Farmer requested urgent visit.,True,True,True,False,True,False,False,False,False,False,False,False,0.0,LOW
4802,2026-08-21,Pune,Pune Block-1,Pune Block-1 Village-3,cattle,4,0,5,,,True,False,False,True,False,False,False,False,False,False,False,False,0.0,LOW
4803,2026-08-21,Pune,Pune Block-3,Pune Block-3 Village-5,cattle,3,0,7,38.1,,False,True,False,True,False,False,False,False,False,False,False,False,0.0,LOW
4804,2026-08-21,Pune,Pune Block-2,Pune Block-2 Village-5,cattle,21,8,1,39.5,,True,True,True,True,False,False,False,False,False,False,False,False,0.381,MEDIUM
4805,2026-08-21,Pune,Pune Block-3,Pune Block-3 Village-4,sheep,3,0,5,38.4,,False,False,False,False,False,False,True,False,False,False,False,False,0.0,LOW
4806,2026-08-21,Pune,Pune Block-3,Pune Block-3 Village-1,sheep,3,0,3,38.6,Similar cases seen in neighbouring herd.,False,True,False,False,False,False,False,False,False,False,False,False,0.0,LOW
4807,2026-08-21,Pune,Pune Block-2,Pune Block-2 Village-2,cattle,3,0,1,39.6,Reported by local field worker.,True,False,False,False,False,False,False,False,False,False,False,True,0.0,LOW
4808,2026-08-21,Nagpur,Nagpur Block-2,Nagpur Block-2 Village-4,cattle,2,0,7,38.6,,False,False,False,True,False,False,False,False,False,False,False,False,0.0,LOW
4809,2026-08-21,Nagpur,Nagpur Block-1,Nagpur Block-1 Village-2,poultry,3,0,3,,Reported by local field worker.,False,False,False,False,False,False,False,False,False,False,False,True,0.0,LOW
4810,2026-08-21,Nagpur,Nagpur Block-3,Nagpur Block-3 Village-1,sheep,6,1,5,,Similar cases seen in neighbouring herd.,False,True,False,False,False,False,True,False,True,False,False,False,0.167,LOW
4811,2026-08-21,Kolhapur,Kolhapur Block-2,Kolhapur Block-2 Village-5,sheep,2,0,5,39.1,Reported by local field worker.,False,False,False,False,False,False,False,False,True,False,False,True,0.0,MEDIUM
4812,2026-08-21,Nagpur,Nagpur Block-2,Nagpur Block-2 Village-1,buffalo,3,0,8,,,False,False,False,False,False,False,True,False,False,False,False,False,0.0,LOW
4813,2026-08-21,Sambhajinagar,Sambhajinagar Block-3,Sambhajinagar Block-3 Village-4,cattle,3,0,8,,Animals isolated as precaution.,True,False,False,False,False,False,False,False,False,False,False,False,0.0,LOW
4814,2026-08-21,Kolhapur,Kolhapur Block-1,Kolhapur Block-1 Village-5,goat,3,0,3,40.8,Similar cases seen in neighbouring herd.,True,True,False,False,True,False,False,True,False,False,False,False,0.0,LOW
4815,2026-08-21,Pune,Pune Block-1,Pune Block-1 Village-5,buffalo,1,0,8,,,True,False,False,False,False,False,False,False,False,False,False,False,0.0,LOW
4816,2026-08-21,Nagpur,Nagpur Block-3,Nagpur Block-3 Village-2,goat,8,3,2,40.7,Animals isolated as precaution.,True,True,True,False,False,True,True,False,True,False,False,False,0.375,MEDIUM
4817,2026-08-21,Nashik,Nashik Block-2,Nashik Block-2 Village-5,cattle,6,1,8,41.5,Similar cases seen in neighbouring herd.,True,False,False,False,False,True,True,False,False,False,False,False,0.167,MEDIUM
4818,2026-08-21,Nashik,Nashik Block-3,Nashik Block-3 Village-4,goat,3,0,1,38.8,Animals isolated as precaution.,False,False,False,True,False,False,False,False,False,False,False,False,0.0,LOW
4819,2026-08-21,Nagpur,Nagpur Block-3,Nagpur Block-3 Village-3,goat,3,0,2,38.0,Farmer requested urgent visit.,False,False,False,False,True,False,False,False,False,False,False,False,0.0,LOW
4820,2026-08-21,Pune,Pune Block-2,Pune Block-2 Village-3,poultry,3,0,9,40.3,,True,False,False,False,False,False,False,False,False,False,False,False,0.0,LOW
4821,2026-08-21,Nagpur,Nagpur Block-2,Nagpur Block-2 Village-1,goat,4,0,5,38.4,Similar cases seen in neighbouring herd.,False,False,False,False,True,False,False,False,False,False,False,False,0.0,LOW
4822,2026-08-21,Amravati,Amravati Block-2,Amravati Block-2 Village-5,goat,2,0,7,40.4,,True,True,False,False,False,False,True,False,False,False,False,False,0.0,LOW
4823,2026-08-21,Kolhapur,Kolhapur Block-2,Kolhapur Block-2 Village-1,buffalo,4,0,6,38.1,Reported by local field worker.,False,False,False,False,False,True,False,False,False,False,False,False,0.0,LOW
4824,2026-08-21,Nagpur,Nagpur Block-1,Nagpur Block-1 Village-4,cattle,3,0,4,,Animals isolated as precaution.,False,True,False,False,False,False,False,True,False,False,False,False,0.0,LOW
4825,2026-08-21,Pune,Pune Block-1,Pune Block-1 Village-1,buffalo,2,0,3,39.4,Animals isolated as precaution.,True,False,False,False,False,False,False,False,False,False,False,False,0.0,LOW
4826,2026-08-21,Pune,Pune Block-1,Pune Block-1 Village-3,cattle,14,3,3,41.2,Farmer requested urgent visit.,True,True,True,False,True,True,False,False,True,False,False,False,0.214,MEDIUM
4827,2026-08-21,Sambhajinagar,Sambhajinagar Block-1,Sambhajinagar Block-1 Village-2,buffalo,8,0,4,,,True,True,True,False,False,True,False,False,False,False,False,False,0.0,LOW
4828,2026-08-21,Nagpur,Nagpur Block-2,Nagpur Block-2 Village-5,poultry,4,0,7,38.7,Farmer requested urgent visit.,False,False,False,False,False,False,False,False,True,False,False,False,0.0,LOW
4829,2026-08-21,Sambhajinagar,Sambhajinagar Block-3,Sambhajinagar Block-3 Village-3,cattle,2,0,3,41.5,,True,True,False,False,False,False,False,False,False,False,False,False,0.0,LOW
4830,2026-08-21,Amravati,Amravati Block-1,Amravati Block-1 Village-3,cattle,3,0,7,,Similar cases seen in neighbouring herd.,False,False,False,True,False,False,True,False,False,False,False,False,0.0,LOW
4831,2026-08-21,Nagpur,Nagpur Block-2,Nagpur Block-2 Village-5,sheep,4,0,2,38.0,,False,False,False,False,True,False,False,False,False,False,False,False,0.0,LOW
4832,2026-08-22,Pune,Pune Block-2,Pune Block-2 Village-3,buffalo,7,1,4,38.4,Similar cases seen in neighbouring herd.,False,True,False,True,True,True,False,False,False,False,False,False,0.143,LOW
4833,2026-08-22,Pune,Pune Block-2,Pune Block-2 Village-3,buffalo,21,4,3,,,True,False,True,True,True,True,True,False,True,False,False,False,0.19,HIGH
4834,2026-08-22,Pune,Pune Block-2,Pune Block-2 Village-3,cattle,4,1,3,38.4,,False,False,False,False,True,False,False,False,False,False,False,False,0.25,LOW
4835,2026-08-22,Nagpur,Nagpur Block-2,Nagpur Block-2 Village-4,cattle,2,0,2,37.8,Similar cases seen in neighbouring herd.,False,False,False,True,False,False,False,False,False,False,False,False,0.0,LOW
4836,2026-08-22,Sambhajinagar,Sambhajinagar Block-1,Sambhajinagar Block-1 Village-2,goat,3,0,2,38.6,,False,False,False,True,False,False,False,True,False,False,False,False,0.0,LOW
4837,2026-08-22,Pune,Pune Block-3,Pune Block-3 Village-4,cattle,3,0,1,,Similar cases seen in neighbouring herd.,False,True,False,False,False,False,False,False,False,False,False,True,0.0,MEDIUM
4838,2026-08-22,Kolhapur,Kolhapur Block-2,Kolhapur Block-2 Village-5,buffalo,1,0,2,38.7,Similar cases seen in neighbouring herd.,False,False,False,False,False,False,False,True,False,False,False,False,0.0,LOW
4839,2026-08-22,Sambhajinagar,Sambhajinagar Block-2,Sambhajinagar Block-2 Village-2,cattle,2,0,1,37.7,,False,False,False,True,True,False,False,True,False,False,False,False,0.0,LOW
4840,2026-08-22,Pune,Pune Block-1,Pune Block-1 Village-4,poultry,1,0,2,40.7,,True,False,False,False,False,False,False,False,False,False,False,False,0.0,LOW
4841,2026-08-22,Nagpur,Nagpur Block-2,Nagpur Block-2 Village-4,cattle,1,0,4,38.8,Similar cases seen in neighbouring herd.,False,False,False,True,False,False,False,False,False,False,False,False,0.0,LOW
4842,2026-08-22,Nagpur,Nagpur Block-2,Nagpur Block-2 Village-2,goat,3,0,5,,Animals isolated as precaution.,True,False,False,False,True,True,True,False,False,False,False,True,0.0,LOW
4843,2026-08-22,Nashik,Nashik Block-1,Nashik Block-1 Village-2,cattle,4,0,5,40.2,Reported by local field worker.,True,True,False,False,False,False,False,False,False,False,False,False,0.0,LOW
4844,2026-08-22,Pune,Pune Block-1,Pune Block-1 Village-3,sheep,3,0,3,38.8,,False,False,False,False,False,False,True,False,False,False,False,False,0.0,LOW
4845,2026-08-22,Kolhapur,Kolhapur Block-3,Kolhapur Block-3 Village-3,poultry,4,0,5,38.2,Reported by local field worker.,False,False,False,False,False,False,True,False,False,False,False,False,0.0,LOW
4846,2026-08-22,Nashik,Nashik Block-3,Nashik Block-3 Village-5,buffalo,3,0,1,40.1,Farmer requested urgent visit.,True,False,True,False,False,False,False,False,False,False,False,False,0.0,LOW
4847,2026-08-22,Kolhapur,Kolhapur Block-2,Kolhapur Block-2 Village-1,cattle,8,4,2,,,True,True,True,True,True,True,True,False,False,False,False,False,0.5,HIGH
4848,2026-08-22,Amravati,Amravati Block-3,Amravati Block-3 Village-4,cattle,2,0,1,41.5,,True,False,False,False,False,False,False,False,False,False,False,False,0.0,LOW
4849,2026-08-22,Pune,Pune Block-3,Pune Block-3 Village-4,cattle,2,0,7,38.0,Reported by local field worker.,False,False,True,True,False,False,False,False,False,False,False,False,0.0,LOW
4850,2026-08-22,Sambhajinagar,Sambhajinagar Block-3,Sambhajinagar Block-3 Village-5,cattle,3,0,8,39.3,,True,False,False,False,False,False,False,False,False,False,False,False,0.0,LOW
4851,2026-08-22,Amravati,Amravati Block-2,Amravati Block-2 Village-3,goat,1,0,6,,,False,True,False,False,False,False,False,False,False,False,False,False,0.0,LOW
4852,2026-08-22,Nashik,Nashik Block-2,Nashik Block-2 Village-2,goat,1,0,2,40.7,Farmer requested urgent visit.,True,False,True,True,False,False,False,False,False,False,False,False,0.0,LOW
4853,2026-08-22,Nashik,Nashik Block-1,Nashik Block-1 Village-3,poultry,2,0,1,38.8,Animals isolated as precaution.,False,False,False,False,True,False,False,False,False,False,False,False,0.0,LOW
4854,2026-08-22,Pune,Pune Block-3,Pune Block-3 Village-1,sheep,1,0,4,41.1,,True,True,False,True,False,False,False,False,False,False,False,False,0.0,LOW
4855,2026-08-22,Nagpur,Nagpur Block-3,Nagpur Block-3 Village-2,cattle,1,0,2,40.1,Similar cases seen in neighbouring herd.,True,False,False,False,False,False,True,False,False,False,False,False,0.0,LOW
4856,2026-08-22,Amravati,Amravati Block-2,Amravati Block-2 Village-4,cattle,1,0,7,40.5,,True,False,False,False,False,True,False,False,False,False,False,False,0.0,LOW
4857,2026-08-22,Sambhajinagar,Sambhajinagar Block-1,Sambhajinagar Block-1 Village-4,sheep,4,0,6,39.6,Farmer requested urgent visit.,True,False,False,False,False,False,False,False,False,False,False,False,0.0,LOW
4858,2026-08-22,Kolhapur,Kolhapur Block-1,Kolhapur Block-1 Village-1,buffalo,2,0,4,,,False,False,False,False,True,False,False,False,False,False,False,False,0.0,LOW
4859,2026-08-22,Sambhajinagar,Sambhajinagar Block-2,Sambhajinagar Block-2 Village-4,buffalo,4,0,2,38.4,Similar cases seen in neighbouring herd.,False,False,False,False,False,True,False,False,True,False,False,False,0.0,LOW
4860,2026-08-22,Sambhajinagar,Sambhajinagar Block-2,Sambhajinagar Block-2 Village-3,poultry,4,0,6,40.7,,True,False,False,False,True,False,False,False,False,False,False,False,0.0,LOW
4861,2026-08-22,Pune,Pune Block-1,Pune Block-1 Village-4,cattle,2,0,9,,Animals isolated as precaution.,False,False,False,True,False,False,True,False,True,False,False,False,0.0,LOW
4862,2026-08-22,Sambhajinagar,Sambhajinagar Block-1,Sambhajinagar Block-1 Village-5,goat,2,0,7,38.7,Similar cases seen in neighbouring herd.,False,False,False,False,True,False,False,False,False,False,False,False,0.0,LOW
4863,2026-08-22,Nagpur,Nagpur Block-2,Nagpur Block-2 Village-4,cattle,3,0,1,38.5,,False,False,False,False,False,True,False,False,False,False,False,False,0.0,LOW
4864,2026-08-22,Nashik,Nashik Block-3,Nashik Block-3 Village-5,cattle,1,0,5,38.2,Farmer requested urgent visit.,False,False,False,False,False,True,True,False,False,False,False,False,0.0,LOW
4865,2026-08-22,Nashik,Nashik Block-3,Nashik Block-3 Village-1,cattle,4,0,5,41.3,,True,False,False,False,True,True,False,False,False,False,False,False,0.0,LOW
4866,2026-08-22,Kolhapur,Kolhapur Block-3,Kolhapur Block-3 Village-1,sheep,24,4,3,40.7,,True,False,True,True,True,True,False,False,False,False,False,True,0.167,HIGH
4867,2026-08-22,Nagpur,Nagpur Block-2,Nagpur Block-2 Village-3,goat,2,0,5,38.1,Similar cases seen in neighbouring herd.,False,False,False,False,False,True,False,False,False,False,False,False,0.0,LOW
4868,2026-08-22,Amravati,Amravati Block-3,Amravati Block-3 Village-3,cattle,3,0,1,38.9,,False,True,False,False,True,False,True,False,True,False,False,False,0.0,LOW
4869,2026-08-22,Nagpur,Nagpur Block-3,Nagpur Block-3 Village-1,buffalo,4,0,3,39.4,Reported by local field worker.,True,False,True,True,False,True,False,False,False,False,False,False,0.0,LOW
4870,2026-08-22,Amravati,Amravati Block-3,Amravati Block-3 Village-1,goat,6,1,1,41.2,,True,True,True,False,False,False,False,False,False,False,False,False,0.167,LOW
4871,2026-08-22,Pune,Pune Block-3,Pune Block-3 Village-2,poultry,1,0,1,40.2,,True,False,False,False,False,True,False,False,False,False,False,False,0.0,LOW
4872,2026-08-22,Nagpur,Nagpur Block-3,Nagpur Block-3 Village-1,buffalo,3,0,4,,,True,False,False,False,False,False,False,False,False,False,False,False,0.0,LOW
4873,2026-08-22,Amravati,Amravati Block-1,Amravati Block-1 Village-5,goat,1,0,4,,Farmer requested urgent visit.,False,True,False,False,False,False,False,False,False,False,False,False,0.0,LOW
4874,2026-08-22,Sambhajinagar,Sambhajinagar Block-2,Sambhajinagar Block-2 Village-1,cattle,3,0,5,38.6,Similar cases seen in neighbouring herd.,False,True,False,False,False,True,True,True,False,False,False,False,0.0,LOW
4875,2026-08-22,Sambhajinagar,Sambhajinagar Block-1,Sambhajinagar Block-1 Village-4,buffalo,1,0,7,,Similar cases seen in neighbouring herd.,False,False,False,False,False,True,False,False,False,False,False,False,0.0,LOW
4876,2026-08-22,Pune,Pune Block-1,Pune Block-1 Village-5,cattle,1,0,4,,Similar cases seen in neighbouring herd.,False,True,False,False,False,True,False,True,False,False,False,False,0.0,LOW
4877,2026-08-22,Pune,Pune Block-2,Pune Block-2 Village-5,buffalo,7,1,5,,Reported by local field worker.,True,False,True,False,False,False,False,True,False,False,False,False,0.143,LOW
4878,2026-08-22,Pune,Pune Block-1,Pune Block-1 Village-4,buffalo,3,0,5,40.0,,True,False,True,False,False,True,False,False,False,False,False,False,0.0,LOW
4879,2026-08-22,Kolhapur,Kolhapur Block-3,Kolhapur Block-3 Village-4,buffalo,4,1,2,40.0,Reported by local field worker.,True,False,False,False,False,True,False,False,False,False,False,False,0.25,LOW
4880,2026-08-23,Nagpur,Nagpur Block-3,Nagpur Block-3 Village-3,buffalo,3,0,5,,,True,False,False,False,False,False,False,True,False,False,False,False,0.0,LOW
4881,2026-08-23,Sambhajinagar,Sambhajinagar Block-3,Sambhajinagar Block-3 Village-3,goat,20,8,2,40.5,,True,True,True,True,True,True,True,False,False,True,False,False,0.4,HIGH
4882,2026-08-23,Sambhajinagar,Sambhajinagar Block-1,Sambhajinagar Block-1 Village-4,sheep,4,0,5,37.9,Reported by local field worker.,False,True,False,True,False,False,False,False,False,False,False,False,0.0,LOW
4883,2026-08-23,Nagpur,Nagpur Block-1,Nagpur Block-1 Village-4,goat,2,0,7,39.3,Reported by local field worker.,True,False,False,False,False,False,False,False,False,False,False,False,0.0,LOW
4884,2026-08-23,Sambhajinagar,Sambhajinagar Block-1,Sambhajinagar Block-1 Village-3,sheep,2,0,8,,Similar cases seen in neighbouring herd.,False,False,False,False,False,False,True,False,False,False,False,False,0.0,LOW
4885,2026-08-23,Pune,Pune Block-3,Pune Block-3 Village-3,sheep,4,0,9,39.2,,False,True,False,False,False,False,False,False,False,False,False,False,0.0,LOW
4886,2026-08-23,Kolhapur,Kolhapur Block-1,Kolhapur Block-1 Village-4,cattle,1,0,4,37.7,Similar cases seen in neighbouring herd.,False,False,False,False,False,True,False,True,False,False,False,False,0.0,LOW
4887,2026-08-23,Nashik,Nashik Block-2,Nashik Block-2 Village-1,cattle,4,0,4,39.1,,False,False,False,False,False,True,False,False,False,False,False,False,0.0,LOW
4888,2026-08-23,Nagpur,Nagpur Block-2,Nagpur Block-2 Village-1,goat,9,1,8,41.0,Reported by local field worker.,True,True,False,False,False,True,False,False,False,True,False,False,0.111,LOW
4889,2026-08-23,Nagpur,Nagpur Block-1,Nagpur Block-1 Village-4,poultry,1,0,1,39.8,Similar cases seen in neighbouring herd.,True,False,False,True,False,False,False,True,False,False,False,False,0.0,LOW
4890,2026-08-23,Kolhapur,Kolhapur Block-3,Kolhapur Block-3 Village-1,cattle,4,0,2,,,True,True,False,False,False,False,False,False,False,False,False,False,0.0,LOW
4891,2026-08-23,Pune,Pune Block-2,Pune Block-2 Village-5,buffalo,2,0,6,,Farmer requested urgent visit.,False,False,False,True,True,False,False,False,False,False,False,False,0.0,LOW
4892,2026-08-23,Amravati,Amravati Block-2,Amravati Block-2 Village-5,goat,4,0,5,41.3,,True,False,True,True,False,False,False,False,False,False,False,False,0.0,LOW
4893,2026-08-23,Pune,Pune Block-1,Pune Block-1 Village-2,poultry,2,0,7,,,False,True,False,False,False,False,False,False,False,False,False,False,0.0,LOW
4894,2026-08-23,Sambhajinagar,Sambhajinagar Block-2,Sambhajinagar Block-2 Village-3,poultry,21,4,2,40.9,Farmer requested urgent visit.,True,True,False,False,True,True,False,False,False,False,False,False,0.19,MEDIUM
4895,2026-08-23,Amravati,Amravati Block-2,Amravati Block-2 Village-4,goat,1,0,7,,Farmer requested urgent visit.,True,True,False,False,True,False,False,False,False,False,False,False,0.0,LOW
4896,2026-08-23,Pune,Pune Block-2,Pune Block-2 Village-1,buffalo,1,0,3,38.3,Farmer requested urgent visit.,False,False,True,False,False,False,False,False,False,False,False,False,0.0,LOW
4897,2026-08-23,Nagpur,Nagpur Block-2,Nagpur Block-2 Village-3,poultry,4,0,7,39.3,Farmer requested urgent visit.,True,False,False,False,False,True,False,False,False,False,False,False,0.0,LOW
4898,2026-08-23,Amravati,Amravati Block-2,Amravati Block-2 Village-3,buffalo,4,0,1,40.8,Reported by local field worker.,True,True,False,False,True,True,False,False,False,False,False,False,0.0,LOW
4899,2026-08-23,Amravati,Amravati Block-3,Amravati Block-3 Village-5,cattle,3,0,3,38.3,,False,True,False,True,False,False,False,False,False,False,False,False,0.0,LOW
4900,2026-08-23,Sambhajinagar,Sambhajinagar Block-3,Sambhajinagar Block-3 Village-2,goat,8,1,5,41.3,Animals isolated as precaution.,True,False,False,False,False,False,False,False,False,False,False,False,0.125,LOW
4901,2026-08-23,Amravati,Amravati Block-2,Amravati Block-2 Village-1,poultry,5,1,8,37.7,,False,False,False,False,False,False,False,False,False,True,False,False,0.2,LOW
4902,2026-08-23,Nashik,Nashik Block-2,Nashik Block-2 Village-2,buffalo,5,0,5,41.0,,True,True,False,False,False,False,False,False,False,False,False,False,0.0,LOW
4903,2026-08-23,Kolhapur,Kolhapur Block-3,Kolhapur Block-3 Village-3,goat,2,0,8,39.5,Similar cases seen in neighbouring herd.,True,False,False,False,False,False,False,False,False,False,False,False,0.0,LOW
4904,2026-08-23,Kolhapur,Kolhapur Block-2,Kolhapur Block-2 Village-5,buffalo,4,0,7,38.0,,False,False,False,True,True,False,False,False,False,False,False,True,0.0,MEDIUM
4905,2026-08-23,Sambhajinagar,Sambhajinagar Block-3,Sambhajinagar Block-3 Village-2,cattle,1,0,3,38.6,Animals isolated as precaution.,False,True,False,False,True,False,False,False,False,False,False,False,0.0,LOW
4906,2026-08-23,Sambhajinagar,Sambhajinagar Block-2,Sambhajinagar Block-2 Village-4,buffalo,2,0,9,37.8,,False,False,False,False,False,False,False,True,False,False,False,False,0.0,LOW
4907,2026-08-23,Pune,Pune Block-2,Pune Block-2 Village-3,goat,1,0,9,39.0,Farmer requested urgent visit.,False,False,False,False,False,False,False,True,False,False,False,False,0.0,LOW
4908,2026-08-23,Amravati,Amravati Block-3,Amravati Block-3 Village-5,cattle,3,0,1,39.8,,True,False,False,True,False,False,False,False,False,False,False,False,0.0,LOW
4909,2026-08-23,Nagpur,Nagpur Block-3,Nagpur Block-3 Village-4,poultry,3,0,8,38.5,,False,False,False,True,False,False,False,False,False,False,False,False,0.0,LOW
4910,2026-08-23,Kolhapur,Kolhapur Block-1,Kolhapur Block-1 Village-2,goat,2,0,7,,,False,True,False,False,False,False,False,False,False,False,False,False,0.0,LOW
4911,2026-08-23,Kolhapur,Kolhapur Block-2,Kolhapur Block-2 Village-3,cattle,1,0,1,38.7,,False,False,False,False,False,False,False,True,False,False,False,False,0.0,LOW
4912,2026-08-23,Kolhapur,Kolhapur Block-2,Kolhapur Block-2 Village-2,sheep,4,0,9,,,False,False,True,False,False,True,False,False,False,False,False,False,0.0,LOW
4913,2026-08-23,Amravati,Amravati Block-1,Amravati Block-1 Village-3,goat,2,0,7,,Animals isolated as precaution.,True,True,False,False,False,False,True,False,False,False,False,False,0.0,LOW
4914,2026-08-23,Amravati,Amravati Block-2,Amravati Block-2 Village-5,cattle,7,1,3,,,True,False,False,False,False,True,False,False,False,False,False,False,0.143,LOW
4915,2026-08-23,Sambhajinagar,Sambhajinagar Block-3,Sambhajinagar Block-3 Village-2,cattle,3,0,8,,Similar cases seen in neighbouring herd.,True,False,False,False,False,False,True,False,False,False,False,False,0.0,LOW
4916,2026-08-23,Nagpur,Nagpur Block-2,Nagpur Block-2 Village-2,cattle,17,6,3,39.8,Animals isolated as precaution.,True,True,True,False,True,True,True,False,False,False,False,False,0.353,MEDIUM
4917,2026-08-23,Kolhapur,Kolhapur Block-1,Kolhapur Block-1 Village-2,sheep,1,0,3,41.2,Reported by local field worker.,True,False,False,True,True,False,False,True,False,False,False,False,0.0,LOW
4918,2026-08-23,Nagpur,Nagpur Block-2,Nagpur Block-2 Village-3,buffalo,3,0,6,41.2,Farmer requested urgent visit.,True,False,False,False,True,False,False,False,False,False,False,False,0.0,LOW
4919,2026-08-23,Amravati,Amravati Block-1,Amravati Block-1 Village-1,cattle,1,0,2,38.5,Reported by local field worker.,False,False,True,False,False,True,False,False,False,False,False,False,0.0,LOW
4920,2026-08-23,Pune,Pune Block-2,Pune Block-2 Village-2,cattle,1,0,1,40.3,,True,False,False,False,False,False,True,False,False,False,False,False,0.0,LOW
4921,2026-08-23,Nagpur,Nagpur Block-3,Nagpur Block-3 Village-1,poultry,3,0,1,38.2,Similar cases seen in neighbouring herd.,False,False,False,True,False,False,False,False,False,False,False,False,0.0,LOW
4922,2026-08-23,Kolhapur,Kolhapur Block-2,Kolhapur Block-2 Village-4,sheep,8,0,7,39.5,Farmer requested urgent visit.,True,True,True,True,False,False,True,False,False,False,False,False,0.0,LOW
4923,2026-08-23,Amravati,Amravati Block-2,Amravati Block-2 Village-2,goat,1,0,9,38.8,,False,False,False,False,True,False,False,False,False,False,False,False,0.0,LOW
4924,2026-08-23,Kolhapur,Kolhapur Block-3,Kolhapur Block-3 Village-2,buffalo,4,0,8,38.3,Farmer requested urgent visit.,False,False,False,False,True,False,False,False,False,False,False,False,0.0,LOW
4925,2026-08-24,Pune,Pune Block-1,Pune Block-1 Village-3,cattle,4,0,5,,,False,False,False,False,False,False,False,False,False,False,True,False,0.0,LOW
4926,2026-08-24,Kolhapur,Kolhapur Block-2,Kolhapur Block-2 Village-2,sheep,4,0,3,39.1,Farmer requested urgent visit.,False,True,False,False,False,False,False,False,True,False,False,False,0.0,LOW
4927,2026-08-24,Pune,Pune Block-1,Pune Block-1 Village-3,goat,2,0,7,,Farmer requested urgent visit.,False,False,False,False,False,True,False,False,False,False,False,False,0.0,LOW
4928,2026-08-24,Sambhajinagar,Sambhajinagar Block-1,Sambhajinagar Block-1 Village-3,goat,2,0,6,40.4,,True,True,True,True,False,True,False,False,False,False,False,False,0.0,LOW
4929,2026-08-24,Sambhajinagar,Sambhajinagar Block-3,Sambhajinagar Block-3 Village-3,cattle,3,0,1,41.0,Reported by local field worker.,True,False,True,False,False,False,False,False,False,False,False,False,0.0,LOW
4930,2026-08-24,Pune,Pune Block-3,Pune Block-3 Village-4,goat,1,0,6,,Farmer requested urgent visit.,False,False,True,False,False,False,True,False,False,False,False,False,0.0,LOW
4931,2026-08-24,Kolhapur,Kolhapur Block-2,Kolhapur Block-2 Village-1,sheep,3,0,6,,Reported by local field worker.,False,True,False,False,False,False,False,False,False,False,False,False,0.0,LOW
4932,2026-08-24,Nashik,Nashik Block-2,Nashik Block-2 Village-5,sheep,1,0,2,39.6,Similar cases seen in neighbouring herd.,True,True,False,True,False,False,True,False,False,False,False,False,0.0,LOW
4933,2026-08-24,Nagpur,Nagpur Block-3,Nagpur Block-3 Village-2,buffalo,8,4,3,41.4,,True,False,True,True,True,False,False,False,False,False,False,False,0.5,HIGH
4934,2026-08-24,Nashik,Nashik Block-2,Nashik Block-2 Village-2,sheep,3,0,4,40.1,Farmer requested urgent visit.,True,False,False,False,False,False,True,False,False,True,False,False,0.0,LOW
4935,2026-08-24,Nagpur,Nagpur Block-3,Nagpur Block-3 Village-1,goat,3,0,5,38.0,,False,False,False,False,False,True,False,False,False,True,False,False,0.0,LOW
4936,2026-08-24,Kolhapur,Kolhapur Block-1,Kolhapur Block-1 Village-5,goat,2,0,2,38.6,Farmer requested urgent visit.,False,False,True,False,False,False,False,True,False,False,False,False,0.0,LOW
4937,2026-08-24,Nagpur,Nagpur Block-1,Nagpur Block-1 Village-2,cattle,2,0,9,40.4,,True,False,False,False,False,True,True,False,False,False,False,False,0.0,LOW
4938,2026-08-24,Amravati,Amravati Block-2,Amravati Block-2 Village-4,buffalo,2,0,6,38.7,Similar cases seen in neighbouring herd.,False,False,True,False,False,False,False,True,False,False,False,False,0.0,LOW
4939,2026-08-24,Nagpur,Nagpur Block-3,Nagpur Block-3 Village-2,cattle,4,0,1,,Animals isolated as precaution.,False,False,False,False,False,False,False,False,True,False,False,False,0.0,LOW
4940,2026-08-24,Amravati,Amravati Block-3,Amravati Block-3 Village-1,goat,1,0,2,38.6,Similar cases seen in neighbouring herd.,False,False,False,False,True,False,False,False,False,False,False,False,0.0,LOW
4941,2026-08-24,Nagpur,Nagpur Block-2,Nagpur Block-2 Village-1,goat,1,0,6,37.8,Reported by local field worker.,False,False,True,False,False,False,False,False,False,False,False,False,0.0,LOW
4942,2026-08-24,Amravati,Amravati Block-3,Amravati Block-3 Village-5,poultry,2,0,3,37.7,,False,False,False,False,True,True,False,False,False,False,False,False,0.0,LOW
4943,2026-08-24,Pune,Pune Block-1,Pune Block-1 Village-1,poultry,3,0,8,37.7,Similar cases seen in neighbouring herd.,False,False,False,False,False,True,False,False,False,False,False,False,0.0,LOW
4944,2026-08-24,Kolhapur,Kolhapur Block-3,Kolhapur Block-3 Village-5,goat,2,0,7,41.5,Similar cases seen in neighbouring herd.,True,True,False,True,False,True,False,False,False,False,False,False,0.0,LOW
4945,2026-08-24,Sambhajinagar,Sambhajinagar Block-3,Sambhajinagar Block-3 Village-2,buffalo,1,0,8,38.4,,False,False,False,True,False,False,False,False,False,False,False,False,0.0,LOW
4946,2026-08-24,Pune,Pune Block-3,Pune Block-3 Village-3,buffalo,1,0,4,40.5,,True,False,False,True,False,True,False,False,False,False,False,False,0.0,LOW
4947,2026-08-24,Amravati,Amravati Block-1,Amravati Block-1 Village-1,sheep,4,0,1,37.8,Reported by local field worker.,False,False,True,False,False,True,False,False,False,False,True,False,0.0,MEDIUM
4948,2026-08-24,Nagpur,Nagpur Block-3,Nagpur Block-3 Village-2,poultry,2,0,6,,Animals isolated as precaution.,True,False,False,False,False,False,False,False,False,False,False,False,0.0,LOW
4949,2026-08-24,Kolhapur,Kolhapur Block-1,Kolhapur Block-1 Village-2,buffalo,4,0,8,38.4,Reported by local field worker.,False,False,False,False,True,False,False,False,True,True,False,False,0.0,LOW
4950,2026-08-24,Pune,Pune Block-3,Pune Block-3 Village-1,goat,4,0,2,40.7,,True,False,False,True,True,False,False,False,False,False,False,False,0.0,LOW
4951,2026-08-24,Kolhapur,Kolhapur Block-3,Kolhapur Block-3 Village-2,goat,4,0,6,,Similar cases seen in neighbouring herd.,False,False,False,False,False,False,False,True,False,False,False,False,0.0,LOW
4952,2026-08-24,Amravati,Amravati Block-2,Amravati Block-2 Village-5,goat,2,0,9,,Animals isolated as precaution.,True,False,False,False,False,True,False,False,True,False,False,False,0.0,LOW
4953,2026-08-24,Amravati,Amravati Block-3,Amravati Block-3 Village-4,goat,2,0,9,41.1,,True,False,False,True,False,False,False,False,False,False,False,False,0.0,LOW
4954,2026-08-24,Kolhapur,Kolhapur Block-2,Kolhapur Block-2 Village-4,cattle,3,0,5,37.6,Similar cases seen in neighbouring herd.,False,False,False,False,True,False,False,False,False,False,False,False,0.0,LOW
4955,2026-08-24,Sambhajinagar,Sambhajinagar Block-2,Sambhajinagar Block-2 Village-3,cattle,4,0,9,,Animals isolated as precaution.,True,False,True,False,True,True,False,False,False,False,False,False,0.0,LOW
4956,2026-08-24,Sambhajinagar,Sambhajinagar Block-1,Sambhajinagar Block-1 Village-3,goat,7,3,1,41.0,,True,True,True,True,True,True,False,False,False,False,False,False,0.429,MEDIUM
4957,2026-08-24,Amravati,Amravati Block-2,Amravati Block-2 Village-5,cattle,3,0,6,38.6,Similar cases seen in neighbouring herd.,False,False,False,False,True,False,False,False,False,False,False,False,0.0,LOW
4958,2026-08-24,Nagpur,Nagpur Block-3,Nagpur Block-3 Village-1,poultry,9,1,7,,Similar cases seen in neighbouring herd.,True,False,False,False,True,True,False,False,False,False,False,False,0.111,LOW
4959,2026-08-24,Nagpur,Nagpur Block-2,Nagpur Block-2 Village-1,sheep,1,0,1,,,False,False,False,False,False,False,True,False,False,False,False,False,0.0,LOW
4960,2026-08-24,Pune,Pune Block-2,Pune Block-2 Village-5,cattle,3,0,6,,Animals isolated as precaution.,True,False,True,False,False,False,True,False,False,True,False,False,0.0,LOW
4961,2026-08-24,Sambhajinagar,Sambhajinagar Block-2,Sambhajinagar Block-2 Village-1,goat,1,0,5,,Similar cases seen in neighbouring herd.,True,False,False,True,False,True,False,False,False,False,False,False,0.0,LOW
4962,2026-08-24,Nashik,Nashik Block-3,Nashik Block-3 Village-2,cattle,1,0,6,40.1,Farmer requested urgent visit.,True,True,False,False,False,False,False,False,False,False,False,False,0.0,LOW
4963,2026-08-24,Pune,Pune Block-3,Pune Block-3 Village-5,cattle,3,0,3,,,True,True,False,False,False,False,True,False,False,False,False,False,0.0,LOW
4964,2026-08-24,Sambhajinagar,Sambhajinagar Block-3,Sambhajinagar Block-3 Village-5,cattle,4,0,6,37.7,,False,False,True,True,False,False,False,False,False,False,True,False,0.0,MEDIUM
4965,2026-08-24,Pune,Pune Block-2,Pune Block-2 Village-4,goat,3,0,2,38.7,,False,True,False,False,False,False,False,False,False,False,False,False,0.0,LOW
4966,2026-08-24,Nashik,Nashik Block-3,Nashik Block-3 Village-5,buffalo,3,0,7,,Animals isolated as precaution.,True,True,True,False,False,True,False,False,True,True,False,False,0.0,LOW
4967,2026-08-24,Sambhajinagar,Sambhajinagar Block-3,Sambhajinagar Block-3 Village-5,cattle,1,0,9,,Similar cases seen in neighbouring herd.,True,False,False,False,True,False,False,False,False,False,False,False,0.0,LOW
4968,2026-08-24,Kolhapur,Kolhapur Block-2,Kolhapur Block-2 Village-1,cattle,1,0,6,,Animals isolated as precaution.,False,False,False,False,True,False,False,False,False,False,False,False,0.0,LOW
4969,2026-08-24,Nagpur,Nagpur Block-1,Nagpur Block-1 Village-5,cattle,1,0,4,,Animals isolated as precaution.,True,False,True,False,False,False,False,False,True,False,False,False,0.0,LOW
4970,2026-08-24,Pune,Pune Block-3,Pune Block-3 Village-2,cattle,5,0,5,39.1,Animals isolated as precaution.,False,False,False,False,True,True,True,True,False,False,False,False,0.0,LOW
4971,2026-08-24,Pune,Pune Block-2,Pune Block-2 Village-3,cattle,3,0,3,38.6,Similar cases seen in neighbouring herd.,False,False,False,False,True,False,False,False,False,False,False,False,0.0,LOW
4972,2026-08-24,Sambhajinagar,Sambhajinagar Block-3,Sambhajinagar Block-3 Village-3,cattle,3,0,1,39.1,,False,False,False,False,False,False,False,False,False,True,False,False,0.0,LOW
4973,2026-08-24,Amravati,Amravati Block-3,Amravati Block-3 Village-4,sheep,9,1,6,,,False,True,True,False,False,True,True,False,False,False,False,False,0.111,LOW
4974,2026-08-24,Amravati,Amravati Block-1,Amravati Block-1 Village-2,cattle,2,0,5,38.4,,False,False,False,False,False,False,False,False,False,False,False,True,0.0,MEDIUM
4975,2026-08-24,Nashik,Nashik Block-3,Nashik Block-3 Village-4,cattle,4,0,4,39.7,Similar cases seen in neighbouring herd.,True,False,True,False,False,False,False,False,False,False,False,False,0.0,LOW
4976,2026-08-25,Kolhapur,Kolhapur Block-2,Kolhapur Block-2 Village-3,goat,3,0,2,38.5,,False,True,False,False,False,True,False,False,False,False,False,False,0.0,LOW
4977,2026-08-25,Sambhajinagar,Sambhajinagar Block-1,Sambhajinagar Block-1 Village-3,goat,4,0,4,38.0,,False,False,False,True,False,True,False,False,False,False,False,False,0.0,LOW
4978,2026-08-25,Kolhapur,Kolhapur Block-2,Kolhapur Block-2 Village-5,poultry,4,0,4,39.1,Farmer requested urgent visit.,False,True,False,False,True,False,False,False,False,False,False,False,0.0,LOW
4979,2026-08-25,Sambhajinagar,Sambhajinagar Block-1,Sambhajinagar Block-1 Village-1,sheep,3,1,4,39.8,,True,False,True,True,False,False,False,False,True,True,False,False,0.333,LOW
4980,2026-08-25,Amravati,Amravati Block-2,Amravati Block-2 Village-5,cattle,4,0,5,40.4,,True,False,False,False,False,True,False,False,False,True,False,False,0.0,LOW
4981,2026-08-25,Pune,Pune Block-2,Pune Block-2 Village-1,sheep,5,1,3,39.4,,True,True,False,False,False,False,False,False,False,False,False,False,0.2,LOW
4982,2026-08-25,Nashik,Nashik Block-3,Nashik Block-3 Village-3,buffalo,2,0,3,41.1,Similar cases seen in neighbouring herd.,True,True,False,False,False,True,False,False,False,False,False,False,0.0,LOW
4983,2026-08-25,Sambhajinagar,Sambhajinagar Block-2,Sambhajinagar Block-2 Village-2,buffalo,1,0,2,38.4,,False,False,True,False,False,False,False,False,False,False,False,False,0.0,LOW
4984,2026-08-25,Nashik,Nashik Block-2,Nashik Block-2 Village-2,poultry,3,0,7,40.4,Similar cases seen in neighbouring herd.,True,False,False,False,False,True,False,False,False,False,False,False,0.0,LOW
4985,2026-08-25,Amravati,Amravati Block-3,Amravati Block-3 Village-1,sheep,1,0,7,40.9,,True,False,False,False,True,False,False,False,False,False,False,False,0.0,LOW
4986,2026-08-25,Sambhajinagar,Sambhajinagar Block-1,Sambhajinagar Block-1 Village-4,poultry,4,0,1,38.7,Animals isolated as precaution.,False,False,False,False,False,True,False,False,False,False,False,False,0.0,LOW
4987,2026-08-25,Amravati,Amravati Block-1,Amravati Block-1 Village-4,sheep,1,0,7,39.8,,True,False,False,False,False,True,False,False,False,False,False,False,0.0,LOW
4988,2026-08-25,Amravati,Amravati Block-2,Amravati Block-2 Village-5,poultry,10,4,2,,,True,True,True,True,False,True,True,False,False,False,False,False,0.4,MEDIUM
4989,2026-08-25,Sambhajinagar,Sambhajinagar Block-1,Sambhajinagar Block-1 Village-1,poultry,3,0,5,,,False,True,True,False,False,False,True,False,False,False,False,False,0.0,LOW
4990,2026-08-25,Sambhajinagar,Sambhajinagar Block-3,Sambhajinagar Block-3 Village-4,poultry,1,0,7,,,False,False,False,False,False,False,True,False,False,False,False,False,0.0,LOW
4991,2026-08-25,Nagpur,Nagpur Block-3,Nagpur Block-3 Village-5,buffalo,1,0,3,39.9,,True,False,True,False,True,False,False,False,False,False,False,False,0.0,LOW
4992,2026-08-25,Pune,Pune Block-1,Pune Block-1 Village-4,goat,3,0,7,38.8,,False,True,False,True,False,True,False,False,False,False,False,False,0.0,LOW
4993,2026-08-25,Pune,Pune Block-1,Pune Block-1 Village-1,poultry,4,0,4,,,False,True,True,False,False,False,True,False,False,False,False,False,0.0,LOW
4994,2026-08-25,Nagpur,Nagpur Block-2,Nagpur Block-2 Village-3,goat,4,0,3,39.1,,False,True,True,True,False,False,False,False,False,False,False,False,0.0,LOW
4995,2026-08-25,Amravati,Amravati Block-1,Amravati Block-1 Village-4,poultry,2,0,4,38.7,,False,False,False,False,True,False,False,False,False,False,False,False,0.0,LOW
4996,2026-08-25,Sambhajinagar,Sambhajinagar Block-2,Sambhajinagar Block-2 Village-3,poultry,4,0,9,40.9,,True,False,False,True,True,False,False,False,False,False,False,False,0.0,LOW
4997,2026-08-25,Amravati,Amravati Block-3,Amravati Block-3 Village-2,cattle,9,2,5,38.7,,False,False,True,True,False,False,False,False,False,False,False,False,0.222,LOW
4998,2026-08-25,Sambhajinagar,Sambhajinagar Block-3,Sambhajinagar Block-3 Village-5,poultry,7,1,5,38.0,Farmer requested urgent visit.,False,False,False,False,False,False,True,False,False,False,False,False,0.143,LOW
4999,2026-08-25,Pune,Pune Block-1,Pune Block-1 Village-5,sheep,2,0,2,38.4,Similar cases seen in neighbouring herd.,False,False,False,False,False,False,False,False,False,True,False,False,0.0,LOW
5000,2026-08-25,Sambhajinagar,Sambhajinagar Block-1,Sambhajinagar Block-1 Village-1,goat,3,0,5,37.6,Animals isolated as precaution.,False,False,False,False,False,False,False,True,False,False,False,False,0.0,LOW
5001,2026-08-25,Sambhajinagar,Sambhajinagar Block-1,Sambhajinagar Block-1 Village-4,cattle,12,5,3,41.3,,True,False,False,True,True,True,True,False,False,True,False,False,0.417,HIGH
5002,2026-08-25,Pune,Pune Block-3,Pune Block-3 Village-2,goat,4,0,8,38.9,Similar cases seen in neighbouring herd.,False,True,False,False,False,False,False,False,False,False,False,False,0.0,LOW
5003,2026-08-25,Amravati,Amravati Block-3,Amravati Block-3 Village-4,buffalo,4,0,7,38.4,,False,False,True,False,False,False,False,False,False,False,False,False,0.0,LOW
5004,2026-08-25,Pune,Pune Block-1,Pune Block-1 Village-1,goat,4,0,3,38.9,,False,False,False,False,True,False,False,False,False,False,False,False,0.0,LOW
5005,2026-08-25,Kolhapur,Kolhapur Block-2,Kolhapur Block-2 Village-1,goat,4,0,7,,Farmer requested urgent visit.,True,False,True,False,False,False,True,False,False,False,False,False,0.0,LOW
5006,2026-08-25,Nashik,Nashik Block-2,Nashik Block-2 Village-4,sheep,4,0,2,38.8,,False,True,False,True,False,False,False,False,False,False,False,False,0.0,LOW
5007,2026-08-25,Nagpur,Nagpur Block-2,Nagpur Block-2 Village-1,sheep,2,0,5,38.3,,False,True,False,False,False,True,False,False,True,False,False,False,0.0,LOW
5008,2026-08-25,Nashik,Nashik Block-3,Nashik Block-3 Village-4,buffalo,3,0,5,,,False,False,False,False,False,False,False,False,False,False,False,True,0.0,LOW
5009,2026-08-25,Kolhapur,Kolhapur Block-3,Kolhapur Block-3 Village-4,poultry,2,0,6,,Animals isolated as precaution.,False,True,False,True,False,False,False,False,False,False,False,False,0.0,LOW
5010,2026-08-25,Sambhajinagar,Sambhajinagar Block-3,Sambhajinagar Block-3 Village-1,sheep,3,0,8,38.1,Reported by local field worker.,False,False,False,False,False,True,False,False,True,False,False,False,0.0,LOW
5011,2026-08-25,Nagpur,Nagpur Block-1,Nagpur Block-1 Village-3,cattle,1,0,1,,Animals isolated as precaution.,False,False,False,False,False,False,False,False,True,False,False,False,0.0,LOW
5012,2026-08-25,Amravati,Amravati Block-1,Amravati Block-1 Village-2,buffalo,3,0,7,40.8,,True,False,False,False,False,False,True,False,False,False,False,False,0.0,LOW
5013,2026-08-25,Sambhajinagar,Sambhajinagar Block-3,Sambhajinagar Block-3 Village-1,poultry,11,2,3,,Farmer requested urgent visit.,True,False,True,True,True,True,True,False,True,False,False,False,0.182,LOW
5014,2026-08-25,Kolhapur,Kolhapur Block-1,Kolhapur Block-1 Village-5,sheep,1,0,7,39.2,Reported by local field worker.,False,True,False,True,False,False,False,False,False,True,False,False,0.0,LOW
5015,2026-08-25,Kolhapur,Kolhapur Block-3,Kolhapur Block-3 Village-3,goat,4,0,1,37.8,,False,False,False,False,False,False,False,True,False,False,False,False,0.0,LOW
5016,2026-08-25,Kolhapur,Kolhapur Block-1,Kolhapur Block-1 Village-4,goat,4,0,2,38.8,Reported by local field worker.,False,False,False,False,True,False,False,False,True,False,False,False,0.0,LOW
5017,2026-08-25,Nashik,Nashik Block-1,Nashik Block-1 Village-2,cattle,1,0,3,40.2,,True,False,False,True,False,False,False,False,False,False,False,False,0.0,LOW
5018,2026-08-25,Pune,Pune Block-1,Pune Block-1 Village-4,sheep,1,0,4,,Reported by local field worker.,True,False,False,False,False,False,False,False,False,False,False,False,0.0,LOW
5019,2026-08-25,Kolhapur,Kolhapur Block-2,Kolhapur Block-2 Village-3,cattle,1,0,9,37.7,Reported by local field worker.,False,True,False,False,False,False,False,False,False,False,False,False,0.0,LOW
5020,2026-08-25,Sambhajinagar,Sambhajinagar Block-1,Sambhajinagar Block-1 Village-1,cattle,2,0,9,,Animals isolated as precaution.,True,True,False,False,False,False,False,False,False,False,False,False,0.0,LOW
5021,2026-08-25,Pune,Pune Block-2,Pune Block-2 Village-3,goat,8,1,7,39.6,Animals isolated as precaution.,True,True,False,True,False,False,False,False,False,False,False,False,0.125,MEDIUM
5022,2026-08-25,Kolhapur,Kolhapur Block-1,Kolhapur Block-1 Village-1,cattle,3,0,2,,,True,False,False,True,True,True,True,False,False,False,False,False,0.0,LOW
5023,2026-08-25,Kolhapur,Kolhapur Block-1,Kolhapur Block-1 Village-5,buffalo,4,0,8,38.7,Animals isolated as precaution.,False,False,False,False,False,False,True,False,False,False,False,False,0.0,LOW
5024,2026-08-25,Sambhajinagar,Sambhajinagar Block-2,Sambhajinagar Block-2 Village-4,cattle,4,0,7,39.7,Animals isolated as precaution.,True,False,False,False,True,False,False,False,False,False,False,False,0.0,LOW
5025,2026-08-25,Nashik,Nashik Block-2,Nashik Block-2 Village-4,cattle,9,2,9,38.6,,False,True,True,False,False,True,False,False,True,False,False,False,0.222,MEDIUM
5026,2026-08-26,Amravati,Amravati Block-1,Amravati Block-1 Village-2,goat,9,0,8,41.3,Animals isolated as precaution.,True,False,True,False,False,False,False,False,True,False,False,False,0.0,LOW
5027,2026-08-26,Pune,Pune Block-1,Pune Block-1 Village-3,goat,2,0,1,,,False,False,False,False,False,True,False,False,False,False,False,False,0.0,LOW
5028,2026-08-26,Kolhapur,Kolhapur Block-2,Kolhapur Block-2 Village-4,goat,7,0,1,39.8,Farmer requested urgent visit.,True,True,True,True,False,False,False,False,False,False,False,False,0.0,LOW
5029,2026-08-26,Nagpur,Nagpur Block-2,Nagpur Block-2 Village-3,cattle,4,0,7,40.2,,True,False,False,False,True,False,False,False,False,False,False,False,0.0,LOW
5030,2026-08-26,Nagpur,Nagpur Block-2,Nagpur Block-2 Village-4,sheep,4,0,5,,,False,False,False,False,False,False,True,True,False,False,False,False,0.0,LOW
5031,2026-08-26,Amravati,Amravati Block-1,Amravati Block-1 Village-1,sheep,3,0,3,,Reported by local field worker.,True,False,True,False,False,True,False,False,False,False,False,False,0.0,LOW
5032,2026-08-26,Pune,Pune Block-1,Pune Block-1 Village-2,buffalo,2,0,8,,Similar cases seen in neighbouring herd.,True,True,False,False,False,False,False,False,False,False,False,False,0.0,LOW
5033,2026-08-26,Amravati,Amravati Block-2,Amravati Block-2 Village-5,sheep,4,0,6,,,False,False,True,False,False,False,False,False,False,False,False,False,0.0,LOW
5034,2026-08-26,Kolhapur,Kolhapur Block-2,Kolhapur Block-2 Village-3,buffalo,2,0,1,41.1,Similar cases seen in neighbouring herd.,True,False,True,True,True,False,False,False,False,False,False,False,0.0,LOW
5035,2026-08-26,Sambhajinagar,Sambhajinagar Block-1,Sambhajinagar Block-1 Village-4,goat,1,0,6,38.3,Reported by local field worker.,False,False,False,False,False,True,False,False,False,False,False,False,0.0,LOW
5036,2026-08-26,Sambhajinagar,Sambhajinagar Block-2,Sambhajinagar Block-2 Village-4,goat,4,0,6,41.4,,True,True,False,False,False,True,False,True,False,False,False,False,0.0,LOW
5037,2026-08-26,Sambhajinagar,Sambhajinagar Block-2,Sambhajinagar Block-2 Village-3,buffalo,2,0,9,41.4,,True,False,False,True,False,False,False,False,False,False,False,False,0.0,LOW
5038,2026-08-26,Amravati,Amravati Block-3,Amravati Block-3 Village-3,poultry,8,1,9,38.4,Similar cases seen in neighbouring herd.,False,False,True,False,False,False,True,False,False,False,True,False,0.125,MEDIUM
5039,2026-08-26,Sambhajinagar,Sambhajinagar Block-1,Sambhajinagar Block-1 Village-5,cattle,2,0,1,39.3,Farmer requested urgent visit.,True,False,False,True,False,False,False,False,False,False,False,False,0.0,LOW
5040,2026-08-26,Amravati,Amravati Block-3,Amravati Block-3 Village-5,sheep,16,4,3,41.1,,True,True,False,True,False,False,False,True,True,False,False,True,0.25,HIGH
5041,2026-08-26,Nagpur,Nagpur Block-3,Nagpur Block-3 Village-3,cattle,3,0,6,,,False,False,True,True,False,False,True,False,False,False,False,False,0.0,LOW
5042,2026-08-26,Kolhapur,Kolhapur Block-3,Kolhapur Block-3 Village-4,buffalo,4,0,7,38.3,Reported by local field worker.,False,False,False,False,False,True,True,False,False,False,False,False,0.0,LOW
5043,2026-08-26,Nashik,Nashik Block-1,Nashik Block-1 Village-5,goat,9,0,2,38.9,Similar cases seen in neighbouring herd.,False,True,True,True,False,False,False,False,False,False,False,False,0.0,LOW
5044,2026-08-26,Nagpur,Nagpur Block-1,Nagpur Block-1 Village-3,buffalo,2,0,5,,,True,True,False,False,False,True,False,False,False,False,False,False,0.0,LOW
5045,2026-08-26,Amravati,Amravati Block-2,Amravati Block-2 Village-2,buffalo,2,0,7,38.4,Reported by local field worker.,False,False,False,False,True,False,False,False,False,False,False,False,0.0,LOW
5046,2026-08-26,Kolhapur,Kolhapur Block-2,Kolhapur Block-2 Village-3,cattle,3,0,8,,Animals isolated as precaution.,True,True,False,True,True,False,True,False,False,True,False,False,0.0,LOW
5047,2026-08-26,Pune,Pune Block-3,Pune Block-3 Village-1,sheep,1,0,3,39.7,,True,True,False,False,False,False,False,False,False,False,False,False,0.0,LOW
5048,2026-08-26,Amravati,Amravati Block-1,Amravati Block-1 Village-3,sheep,1,0,2,38.8,,False,False,False,True,False,False,True,False,True,False,False,False,0.0,LOW
5049,2026-08-26,Sambhajinagar,Sambhajinagar Block-1,Sambhajinagar Block-1 Village-4,goat,4,0,7,39.9,,True,True,False,False,False,True,False,True,False,False,False,False,0.0,LOW
5050,2026-08-26,Amravati,Amravati Block-3,Amravati Block-3 Village-3,buffalo,1,0,9,,Similar cases seen in neighbouring herd.,False,False,False,False,True,False,False,False,False,False,False,False,0.0,LOW
5051,2026-08-26,Amravati,Amravati Block-1,Amravati Block-1 Village-5,goat,4,0,6,41.4,,True,False,False,False,False,True,False,True,False,False,False,False,0.0,LOW
5052,2026-08-26,Nagpur,Nagpur Block-3,Nagpur Block-3 Village-1,goat,9,1,8,38.9,,False,False,False,True,False,False,False,False,True,False,False,False,0.111,LOW
5053,2026-08-26,Nagpur,Nagpur Block-3,Nagpur Block-3 Village-4,buffalo,1,0,5,40.4,Animals isolated as precaution.,True,True,False,False,False,False,False,False,False,False,False,False,0.0,LOW
5054,2026-08-26,Amravati,Amravati Block-2,Amravati Block-2 Village-5,sheep,4,0,1,39.1,Similar cases seen in neighbouring herd.,False,False,False,False,False,False,False,False,True,False,False,False,0.0,LOW
5055,2026-08-26,Nagpur,Nagpur Block-2,Nagpur Block-2 Village-1,cattle,2,0,1,38.0,,False,True,False,False,False,False,False,False,False,False,False,False,0.0,LOW
5056,2026-08-26,Pune,Pune Block-3,Pune Block-3 Village-5,goat,1,0,3,37.9,Similar cases seen in neighbouring herd.,False,True,False,True,False,True,True,False,False,False,False,False,0.0,LOW
5057,2026-08-26,Kolhapur,Kolhapur Block-3,Kolhapur Block-3 Village-1,sheep,1,0,5,39.7,Similar cases seen in neighbouring herd.,True,True,False,False,False,True,False,False,False,False,False,True,0.0,MEDIUM
5058,2026-08-26,Amravati,Amravati Block-2,Amravati Block-2 Village-3,buffalo,7,1,1,41.4,Reported by local field worker.,True,False,False,True,False,False,False,True,False,False,False,False,0.143,LOW
5059,2026-08-26,Sambhajinagar,Sambhajinagar Block-2,Sambhajinagar Block-2 Village-2,buffalo,3,0,1,39.5,,True,False,False,True,False,False,False,False,False,False,False,False,0.0,LOW
5060,2026-08-26,Amravati,Amravati Block-1,Amravati Block-1 Village-2,buffalo,9,1,8,38.3,,False,False,False,False,False,False,True,False,False,False,False,False,0.111,LOW
5061,2026-08-26,Nashik,Nashik Block-1,Nashik Block-1 Village-2,buffalo,5,0,2,,,True,False,False,False,True,True,False,False,False,False,False,False,0.0,LOW
5062,2026-08-26,Nashik,Nashik Block-2,Nashik Block-2 Village-3,goat,4,0,7,40.2,,True,False,False,True,True,False,False,False,False,False,False,False,0.0,LOW
5063,2026-08-26,Kolhapur,Kolhapur Block-3,Kolhapur Block-3 Village-5,sheep,2,0,8,37.7,Farmer requested urgent visit.,False,False,False,False,True,False,False,False,False,False,False,False,0.0,LOW
5064,2026-08-26,Pune,Pune Block-3,Pune Block-3 Village-4,goat,1,0,2,40.4,,True,False,False,True,False,True,False,False,False,False,False,False,0.0,LOW
5065,2026-08-26,Nagpur,Nagpur Block-1,Nagpur Block-1 Village-4,sheep,1,0,2,41.3,Farmer requested urgent visit.,True,True,False,True,False,False,False,False,False,False,False,False,0.0,LOW
5066,2026-08-26,Nagpur,Nagpur Block-2,Nagpur Block-2 Village-1,sheep,4,0,6,38.0,,False,False,False,False,False,False,False,False,True,False,False,False,0.0,LOW
5067,2026-08-26,Nagpur,Nagpur Block-3,Nagpur Block-3 Village-5,sheep,1,0,1,,,True,True,False,False,False,False,False,False,False,False,False,False,0.0,LOW
5068,2026-08-26,Amravati,Amravati Block-3,Amravati Block-3 Village-2,buffalo,2,0,5,,,False,False,True,False,False,False,False,False,False,False,False,False,0.0,LOW
5069,2026-08-26,Sambhajinagar,Sambhajinagar Block-3,Sambhajinagar Block-3 Village-3,cattle,2,0,4,37.7,Animals isolated as precaution.,False,False,False,False,False,True,False,False,False,False,False,False,0.0,LOW
5070,2026-08-26,Kolhapur,Kolhapur Block-2,Kolhapur Block-2 Village-5,goat,2,0,6,40.1,Animals isolated as precaution.,True,False,False,False,True,False,False,True,False,False,False,False,0.0,LOW
5071,2026-08-26,Sambhajinagar,Sambhajinagar Block-3,Sambhajinagar Block-3 Village-4,cattle,2,0,2,38.1,,False,False,False,False,False,False,False,True,False,False,False,False,0.0,LOW
5072,2026-08-26,Pune,Pune Block-2,Pune Block-2 Village-4,sheep,4,0,2,40.9,Animals isolated as precaution.,True,False,False,False,False,False,False,True,False,False,False,False,0.0,LOW
5073,2026-08-26,Pune,Pune Block-3,Pune Block-3 Village-5,cattle,1,0,9,40.9,,True,False,False,True,False,False,False,False,False,False,False,False,0.0,LOW
5074,2026-08-26,Nashik,Nashik Block-3,Nashik Block-3 Village-5,goat,7,1,7,,,False,False,True,False,False,False,False,False,True,False,False,False,0.143,LOW
5075,2026-08-26,Sambhajinagar,Sambhajinagar Block-2,Sambhajinagar Block-2 Village-4,cattle,9,1,6,39.6,,True,True,False,True,False,False,False,False,False,False,False,False,0.111,LOW
5076,2026-08-26,Pune,Pune Block-1,Pune Block-1 Village-3,cattle,9,1,3,40.9,Similar cases seen in neighbouring herd.,True,False,False,False,False,True,True,False,False,False,False,False,0.111,LOW
5077,2026-08-26,Kolhapur,Kolhapur Block-1,Kolhapur Block-1 Village-5,goat,1,0,1,38.2,Similar cases seen in neighbouring herd.,False,False,False,True,True,False,False,False,True,False,False,False,0.0,LOW
5078,2026-08-26,Nagpur,Nagpur Block-3,Nagpur Block-3 Village-4,cattle,3,0,7,,,False,False,False,True,False,False,True,False,False,False,False,False,0.0,LOW
5079,2026-08-27,Amravati,Amravati Block-1,Amravati Block-1 Village-5,poultry,5,1,5,41.3,,True,False,True,False,False,False,False,False,False,False,False,True,0.2,MEDIUM
5080,2026-08-27,Pune,Pune Block-1,Pune Block-1 Village-5,goat,2,0,6,39.7,Reported by local field worker.,True,True,False,False,False,True,False,False,False,False,False,False,0.0,LOW
5081,2026-08-27,Kolhapur,Kolhapur Block-3,Kolhapur Block-3 Village-1,poultry,1,0,3,38.1,Animals isolated as precaution.,False,False,True,False,True,False,False,False,False,False,False,False,0.0,LOW
5082,2026-08-27,Amravati,Amravati Block-1,Amravati Block-1 Village-4,buffalo,1,0,8,38.9,Reported by local field worker.,False,True,False,False,False,False,False,False,False,False,False,True,0.0,LOW
5083,2026-08-27,Amravati,Amravati Block-3,Amravati Block-3 Village-4,sheep,4,0,2,37.6,,False,False,False,True,False,False,True,False,False,False,False,False,0.0,LOW
5084,2026-08-27,Pune,Pune Block-2,Pune Block-2 Village-2,cattle,2,0,3,37.9,Reported by local field worker.,False,False,False,False,False,False,False,False,False,False,True,False,0.0,LOW
5085,2026-08-27,Nashik,Nashik Block-3,Nashik Block-3 Village-5,buffalo,4,0,5,39.5,Similar cases seen in neighbouring herd.,True,True,False,False,False,True,True,False,False,False,False,False,0.0,LOW
5086,2026-08-27,Amravati,Amravati Block-3,Amravati Block-3 Village-5,cattle,3,0,7,,Reported by local field worker.,False,False,True,False,True,False,False,False,False,False,False,False,0.0,LOW
5087,2026-08-27,Pune,Pune Block-3,Pune Block-3 Village-4,buffalo,3,0,2,,Similar cases seen in neighbouring herd.,True,True,False,True,False,False,False,False,False,False,False,False,0.0,LOW
5088,2026-08-27,Kolhapur,Kolhapur Block-3,Kolhapur Block-3 Village-3,cattle,1,0,2,,Farmer requested urgent visit.,True,False,True,False,False,True,True,False,False,False,False,False,0.0,LOW
5089,2026-08-27,Kolhapur,Kolhapur Block-1,Kolhapur Block-1 Village-2,goat,3,0,7,38.8,,False,False,False,False,False,False,False,False,False,True,False,False,0.0,LOW
5090,2026-08-27,Pune,Pune Block-2,Pune Block-2 Village-4,cattle,2,0,4,38.9,Farmer requested urgent visit.,False,False,False,False,False,False,True,False,False,False,False,False,0.0,LOW
5091,2026-08-27,Pune,Pune Block-1,Pune Block-1 Village-3,buffalo,2,0,6,38.0,,False,False,False,False,False,True,False,False,False,False,False,True,0.0,LOW
5092,2026-08-27,Pune,Pune Block-2,Pune Block-2 Village-4,cattle,3,0,2,41.0,Similar cases seen in neighbouring herd.,True,False,True,False,False,False,False,False,False,False,False,False,0.0,LOW
5093,2026-08-27,Pune,Pune Block-1,Pune Block-1 Village-3,buffalo,2,0,3,38.9,Animals isolated as precaution.,False,False,False,True,False,False,False,False,False,False,False,False,0.0,LOW
5094,2026-08-27,Sambhajinagar,Sambhajinagar Block-2,Sambhajinagar Block-2 Village-2,cattle,4,0,9,40.4,,True,True,False,True,True,False,False,False,True,False,False,False,0.0,LOW
5095,2026-08-27,Nashik,Nashik Block-2,Nashik Block-2 Village-2,buffalo,2,0,3,39.1,Similar cases seen in neighbouring herd.,False,True,False,False,False,True,False,False,False,False,False,True,0.0,MEDIUM
5096,2026-08-27,Kolhapur,Kolhapur Block-3,Kolhapur Block-3 Village-2,cattle,10,2,3,40.2,Farmer requested urgent visit.,True,True,True,True,True,True,False,False,False,False,False,False,0.2,LOW
5097,2026-08-27,Nagpur,Nagpur Block-2,Nagpur Block-2 Village-4,cattle,4,0,9,40.9,,True,False,True,False,True,False,False,False,False,False,False,False,0.0,LOW
5098,2026-08-27,Nashik,Nashik Block-3,Nashik Block-3 Village-3,goat,3,0,5,38.0,Animals isolated as precaution.,False,True,False,False,False,False,False,False,False,False,False,False,0.0,LOW
5099,2026-08-27,Kolhapur,Kolhapur Block-3,Kolhapur Block-3 Village-3,goat,3,0,8,37.7,,False,True,False,False,False,True,True,False,False,False,False,False,0.0,LOW
5100,2026-08-27,Pune,Pune Block-3,Pune Block-3 Village-2,cattle,2,0,4,40.1,Similar cases seen in neighbouring herd.,True,False,False,False,True,True,False,False,True,False,False,False,0.0,LOW
5101,2026-08-27,Nagpur,Nagpur Block-3,Nagpur Block-3 Village-5,sheep,7,1,6,,,True,False,True,True,True,True,False,False,False,False,False,False,0.143,MEDIUM
5102,2026-08-27,Nagpur,Nagpur Block-2,Nagpur Block-2 Village-5,sheep,1,0,5,,Similar cases seen in neighbouring herd.,True,True,False,False,False,False,True,False,False,False,False,False,0.0,LOW
5103,2026-08-27,Nagpur,Nagpur Block-3,Nagpur Block-3 Village-1,goat,3,0,1,38.2,Similar cases seen in neighbouring herd.,False,False,False,False,True,False,False,False,False,False,False,False,0.0,LOW
5104,2026-08-27,Nashik,Nashik Block-2,Nashik Block-2 Village-1,goat,2,0,8,,,False,False,False,False,False,False,False,False,False,True,False,False,0.0,LOW
5105,2026-08-27,Nagpur,Nagpur Block-3,Nagpur Block-3 Village-1,sheep,7,1,7,,Reported by local field worker.,True,False,False,True,True,False,False,False,False,False,False,False,0.143,LOW
5106,2026-08-27,Pune,Pune Block-3,Pune Block-3 Village-4,sheep,3,0,8,38.1,,False,False,True,False,False,False,False,False,False,True,False,False,0.0,LOW
5107,2026-08-27,Kolhapur,Kolhapur Block-2,Kolhapur Block-2 Village-5,cattle,4,0,4,41.3,Similar cases seen in neighbouring herd.,True,False,False,True,False,False,False,False,True,False,False,False,0.0,LOW
5108,2026-08-27,Nashik,Nashik Block-2,Nashik Block-2 Village-4,sheep,3,0,4,,Animals isolated as precaution.,False,False,False,True,False,False,False,False,False,False,False,False,0.0,LOW
5109,2026-08-27,Sambhajinagar,Sambhajinagar Block-2,Sambhajinagar Block-2 Village-1,buffalo,4,0,2,40.5,Reported by local field worker.,True,False,False,True,False,True,False,False,False,False,False,False,0.0,LOW
5110,2026-08-27,Pune,Pune Block-3,Pune Block-3 Village-5,goat,2,0,5,39.5,Animals isolated as precaution.,True,False,False,False,False,False,False,False,False,False,False,False,0.0,LOW
5111,2026-08-27,Pune,Pune Block-2,Pune Block-2 Village-2,poultry,4,0,2,38.6,,False,True,True,False,False,False,False,False,False,False,False,False,0.0,LOW
5112,2026-08-27,Sambhajinagar,Sambhajinagar Block-3,Sambhajinagar Block-3 Village-5,cattle,7,1,5,,Similar cases seen in neighbouring herd.,False,False,True,False,True,True,False,False,True,True,False,False,0.143,LOW
5113,2026-08-27,Nagpur,Nagpur Block-3,Nagpur Block-3 Village-3,goat,1,0,2,,Reported by local field worker.,False,False,False,False,False,True,True,False,False,False,False,False,0.0,LOW
5114,2026-08-27,Nashik,Nashik Block-3,Nashik Block-3 Village-1,sheep,3,0,8,38.5,,False,True,False,True,False,False,False,False,False,False,False,False,0.0,LOW
5115,2026-08-27,Amravati,Amravati Block-1,Amravati Block-1 Village-4,cattle,2,0,3,37.6,,False,True,True,False,False,False,False,False,False,False,False,False,0.0,LOW
5116,2026-08-27,Nagpur,Nagpur Block-2,Nagpur Block-2 Village-4,goat,2,0,4,38.3,Farmer requested urgent visit.,False,True,False,False,False,False,False,False,False,False,False,False,0.0,LOW
5117,2026-08-27,Nagpur,Nagpur Block-1,Nagpur Block-1 Village-4,goat,1,0,7,38.8,Animals isolated as precaution.,False,False,False,False,False,False,False,False,False,False,False,True,0.0,MEDIUM
5118,2026-08-27,Kolhapur,Kolhapur Block-3,Kolhapur Block-3 Village-1,poultry,2,0,8,38.3,,False,False,False,True,False,False,False,True,False,False,False,False,0.0,LOW
5119,2026-08-28,Nashik,Nashik Block-1,Nashik Block-1 Village-1,buffalo,3,0,7,37.9,Reported by local field worker.,False,False,False,False,False,False,False,False,True,False,False,False,0.0,LOW
5120,2026-08-28,Nagpur,Nagpur Block-3,Nagpur Block-3 Village-1,cattle,4,0,7,,,True,False,True,False,False,False,False,False,False,False,False,False,0.0,LOW
5121,2026-08-28,Kolhapur,Kolhapur Block-3,Kolhapur Block-3 Village-2,sheep,3,0,7,,Animals isolated as precaution.,True,True,False,False,True,True,False,False,False,False,False,False,0.0,LOW
5122,2026-08-28,Amravati,Amravati Block-1,Amravati Block-1 Village-3,cattle,2,0,9,38.2,Reported by local field worker.,False,False,False,False,False,False,False,False,True,False,False,False,0.0,LOW
5123,2026-08-28,Amravati,Amravati Block-2,Amravati Block-2 Village-2,goat,1,0,5,38.3,,False,True,False,False,False,False,False,False,False,False,False,False,0.0,LOW
5124,2026-08-28,Nagpur,Nagpur Block-3,Nagpur Block-3 Village-4,poultry,3,0,6,38.2,Animals isolated as precaution.,False,True,False,False,False,False,False,True,False,False,False,False,0.0,LOW
5125,2026-08-28,Nashik,Nashik Block-3,Nashik Block-3 Village-4,poultry,4,0,7,37.9,Farmer requested urgent visit.,False,False,True,False,False,False,False,False,False,False,False,False,0.0,LOW
5126,2026-08-28,Nashik,Nashik Block-1,Nashik Block-1 Village-4,buffalo,2,0,1,38.0,Farmer requested urgent visit.,False,True,True,False,False,True,False,False,False,False,False,False,0.0,LOW
5127,2026-08-28,Amravati,Amravati Block-1,Amravati Block-1 Village-4,cattle,3,0,4,40.6,Animals isolated as precaution.,True,False,False,False,False,True,False,False,False,False,False,False,0.0,LOW
5128,2026-08-28,Sambhajinagar,Sambhajinagar Block-1,Sambhajinagar Block-1 Village-3,cattle,3,0,2,39.5,Similar cases seen in neighbouring herd.,True,False,False,False,False,True,False,False,True,False,False,False,0.0,LOW
5129,2026-08-28,Sambhajinagar,Sambhajinagar Block-3,Sambhajinagar Block-3 Village-3,goat,7,1,8,40.4,,True,False,False,True,False,False,True,False,True,False,False,False,0.143,LOW
5130,2026-08-28,Nashik,Nashik Block-1,Nashik Block-1 Village-2,goat,3,0,8,,Animals isolated as precaution.,False,False,False,True,True,True,False,False,False,False,False,False,0.0,LOW
5131,2026-08-28,Kolhapur,Kolhapur Block-1,Kolhapur Block-1 Village-1,goat,4,0,1,39.8,,True,False,False,False,False,False,False,False,False,False,False,False,0.0,LOW
5132,2026-08-28,Sambhajinagar,Sambhajinagar Block-3,Sambhajinagar Block-3 Village-2,cattle,4,2,3,,Similar cases seen in neighbouring herd.,True,False,True,True,True,True,True,False,False,True,False,False,0.5,MEDIUM
5133,2026-08-28,Pune,Pune Block-3,Pune Block-3 Village-3,sheep,3,0,9,,,False,False,False,False,False,False,True,False,False,False,False,False,0.0,LOW
5134,2026-08-28,Sambhajinagar,Sambhajinagar Block-2,Sambhajinagar Block-2 Village-4,cattle,2,0,8,40.1,Similar cases seen in neighbouring herd.,True,False,False,False,False,False,False,False,False,False,False,False,0.0,LOW
5135,2026-08-28,Pune,Pune Block-2,Pune Block-2 Village-4,poultry,1,0,3,39.8,Animals isolated as precaution.,True,False,True,False,True,False,False,True,False,False,False,False,0.0,LOW
5136,2026-08-28,Kolhapur,Kolhapur Block-1,Kolhapur Block-1 Village-5,goat,2,0,5,39.2,,False,False,True,True,False,False,True,False,False,False,False,False,0.0,LOW
5137,2026-08-28,Amravati,Amravati Block-3,Amravati Block-3 Village-2,buffalo,4,0,6,38.3,Farmer requested urgent visit.,False,True,False,False,True,False,False,False,False,False,False,False,0.0,LOW
5138,2026-08-28,Pune,Pune Block-1,Pune Block-1 Village-2,cattle,3,1,6,41.4,Similar cases seen in neighbouring herd.,True,True,True,True,False,False,True,False,False,False,False,False,0.333,LOW
5139,2026-08-28,Nashik,Nashik Block-2,Nashik Block-2 Village-4,cattle,2,0,3,38.9,Farmer requested urgent visit.,False,True,False,True,False,False,False,False,False,False,False,False,0.0,LOW
5140,2026-08-28,Nashik,Nashik Block-3,Nashik Block-3 Village-5,buffalo,2,0,8,39.8,,True,False,False,True,False,False,False,False,False,False,False,False,0.0,LOW
5141,2026-08-28,Kolhapur,Kolhapur Block-2,Kolhapur Block-2 Village-3,cattle,4,0,6,37.6,Animals isolated as precaution.,False,False,False,True,False,False,False,False,False,False,False,False,0.0,LOW
5142,2026-08-28,Sambhajinagar,Sambhajinagar Block-3,Sambhajinagar Block-3 Village-2,goat,2,0,4,37.9,Farmer requested urgent visit.,False,False,False,True,True,False,False,False,False,False,False,False,0.0,LOW
5143,2026-08-28,Pune,Pune Block-3,Pune Block-3 Village-4,goat,2,0,2,41.3,Animals isolated as precaution.,True,False,False,False,True,False,False,False,True,False,False,False,0.0,LOW
5144,2026-08-28,Nashik,Nashik Block-1,Nashik Block-1 Village-5,cattle,3,0,1,37.7,,False,False,False,False,False,False,False,False,False,False,False,True,0.0,MEDIUM
5145,2026-08-28,Kolhapur,Kolhapur Block-2,Kolhapur Block-2 Village-5,sheep,3,0,9,,Similar cases seen in neighbouring herd.,False,False,False,False,False,True,False,False,False,False,False,False,0.0,LOW
5146,2026-08-28,Kolhapur,Kolhapur Block-2,Kolhapur Block-2 Village-3,buffalo,4,0,8,39.7,Animals isolated as precaution.,True,True,False,False,False,False,False,False,False,False,False,False,0.0,LOW
5147,2026-08-28,Sambhajinagar,Sambhajinagar Block-3,Sambhajinagar Block-3 Village-3,buffalo,4,0,3,,,True,False,True,False,False,False,True,False,False,False,False,True,0.0,MEDIUM
5148,2026-08-28,Nashik,Nashik Block-3,Nashik Block-3 Village-1,goat,3,0,3,39.1,Similar cases seen in neighbouring herd.,False,False,False,True,False,False,False,False,False,False,False,False,0.0,LOW
5149,2026-08-28,Nagpur,Nagpur Block-2,Nagpur Block-2 Village-4,sheep,4,0,7,38.5,Animals isolated as precaution.,False,False,True,False,False,False,False,False,False,False,False,False,0.0,LOW
5150,2026-08-28,Nagpur,Nagpur Block-3,Nagpur Block-3 Village-3,goat,4,0,1,,Farmer requested urgent visit.,False,False,False,True,False,False,False,False,False,False,False,False,0.0,LOW
5151,2026-08-28,Pune,Pune Block-1,Pune Block-1 Village-1,sheep,2,0,8,,Farmer requested urgent visit.,True,False,False,False,False,False,False,False,False,False,False,False,0.0,LOW
5152,2026-08-28,Kolhapur,Kolhapur Block-1,Kolhapur Block-1 Village-1,poultry,7,1,1,39.7,,True,False,True,False,False,True,False,False,False,False,False,False,0.143,LOW
5153,2026-08-28,Nagpur,Nagpur Block-3,Nagpur Block-3 Village-4,buffalo,3,0,3,,Farmer requested urgent visit.,False,True,False,False,False,False,False,False,False,False,False,False,0.0,LOW
5154,2026-08-28,Nashik,Nashik Block-2,Nashik Block-2 Village-5,buffalo,10,3,2,41.2,Similar cases seen in neighbouring herd.,True,True,False,True,False,False,True,False,False,False,False,False,0.3,MEDIUM
5155,2026-08-28,Amravati,Amravati Block-1,Amravati Block-1 Village-4,sheep,1,0,8,39.9,,True,True,False,False,False,True,False,False,False,False,False,False,0.0,LOW
5156,2026-08-28,Nagpur,Nagpur Block-3,Nagpur Block-3 Village-1,buffalo,2,0,1,38.5,Reported by local field worker.,False,False,False,True,False,False,False,False,False,False,False,False,0.0,LOW
5157,2026-08-28,Nashik,Nashik Block-2,Nashik Block-2 Village-4,goat,2,0,9,,,False,False,False,True,False,False,True,False,False,False,False,False,0.0,LOW
5158,2026-08-28,Sambhajinagar,Sambhajinagar Block-2,Sambhajinagar Block-2 Village-3,goat,2,0,8,,,True,False,False,True,True,False,False,False,False,False,False,False,0.0,LOW
5159,2026-08-29,Nagpur,Nagpur Block-2,Nagpur Block-2 Village-4,sheep,4,0,9,40.2,Animals isolated as precaution.,True,True,False,False,False,False,False,False,False,False,False,False,0.0,LOW
5160,2026-08-29,Kolhapur,Kolhapur Block-3,Kolhapur Block-3 Village-5,cattle,4,0,7,38.0,,False,False,False,False,False,False,False,True,False,True,False,False,0.0,LOW
5161,2026-08-29,Kolhapur,Kolhapur Block-3,Kolhapur Block-3 Village-3,buffalo,3,0,1,38.0,,False,False,False,False,False,False,True,False,False,False,False,False,0.0,LOW
5162,2026-08-29,Amravati,Amravati Block-3,Amravati Block-3 Village-1,goat,3,0,1,,Animals isolated as precaution.,False,True,True,False,False,False,False,False,False,False,False,True,0.0,MEDIUM
5163,2026-08-29,Nashik,Nashik Block-3,Nashik Block-3 Village-2,sheep,3,0,1,,,False,False,True,False,False,False,False,False,False,False,False,False,0.0,LOW
5164,2026-08-29,Pune,Pune Block-3,Pune Block-3 Village-3,sheep,7,1,1,40.3,Farmer requested urgent visit.,True,False,True,False,True,False,True,False,False,False,False,False,0.143,MEDIUM
5165,2026-08-29,Sambhajinagar,Sambhajinagar Block-2,Sambhajinagar Block-2 Village-1,sheep,3,0,4,38.7,Reported by local field worker.,False,True,False,False,False,False,False,True,True,True,False,False,0.0,LOW
5166,2026-08-29,Amravati,Amravati Block-3,Amravati Block-3 Village-2,goat,1,0,5,37.7,,False,True,False,False,False,False,False,False,False,False,False,False,0.0,LOW
5167,2026-08-29,Nashik,Nashik Block-3,Nashik Block-3 Village-2,goat,9,1,3,37.6,Animals isolated as precaution.,False,False,False,False,False,False,False,False,False,False,False,True,0.111,MEDIUM
5168,2026-08-29,Amravati,Amravati Block-3,Amravati Block-3 Village-3,sheep,2,0,9,38.3,Similar cases seen in neighbouring herd.,False,True,False,True,False,False,False,False,False,False,False,False,0.0,LOW
5169,2026-08-29,Nashik,Nashik Block-3,Nashik Block-3 Village-3,poultry,3,0,6,,Reported by local field worker.,False,True,False,False,False,False,False,False,False,False,False,False,0.0,LOW
5170,2026-08-29,Nashik,Nashik Block-2,Nashik Block-2 Village-4,buffalo,3,0,9,39.8,,True,False,False,False,False,False,False,False,False,False,False,False,0.0,LOW
5171,2026-08-29,Sambhajinagar,Sambhajinagar Block-1,Sambhajinagar Block-1 Village-1,goat,1,0,6,38.9,Reported by local field worker.,False,False,False,False,False,False,True,False,False,False,False,False,0.0,LOW
5172,2026-08-29,Pune,Pune Block-1,Pune Block-1 Village-1,goat,3,0,2,,Reported by local field worker.,False,False,False,False,False,False,False,False,False,True,False,False,0.0,LOW
5173,2026-08-29,Kolhapur,Kolhapur Block-1,Kolhapur Block-1 Village-3,goat,3,0,4,,Similar cases seen in neighbouring herd.,False,True,False,False,False,False,False,False,False,False,False,False,0.0,LOW
5174,2026-08-29,Amravati,Amravati Block-3,Amravati Block-3 Village-4,cattle,3,0,8,,Animals isolated as precaution.,True,False,False,False,True,False,True,False,False,False,False,True,0.0,MEDIUM
5175,2026-08-29,Sambhajinagar,Sambhajinagar Block-1,Sambhajinagar Block-1 Village-2,cattle,4,0,6,37.6,Farmer requested urgent visit.,False,False,False,False,False,False,True,False,False,False,False,False,0.0,LOW
5176,2026-08-29,Amravati,Amravati Block-1,Amravati Block-1 Village-1,goat,1,0,4,38.7,Similar cases seen in neighbouring herd.,False,False,True,False,False,False,False,False,False,False,False,False,0.0,LOW
5177,2026-08-29,Sambhajinagar,Sambhajinagar Block-2,Sambhajinagar Block-2 Village-1,cattle,3,0,2,38.4,Farmer requested urgent visit.,False,False,False,True,False,False,False,False,True,False,False,False,0.0,LOW
5178,2026-08-29,Nashik,Nashik Block-2,Nashik Block-2 Village-4,goat,2,0,2,40.4,,True,False,False,True,False,True,False,False,False,True,False,False,0.0,LOW
5179,2026-08-29,Amravati,Amravati Block-2,Amravati Block-2 Village-3,cattle,2,0,8,40.6,,True,False,False,False,False,False,False,False,False,False,False,False,0.0,LOW
5180,2026-08-29,Kolhapur,Kolhapur Block-1,Kolhapur Block-1 Village-2,goat,8,1,1,,,False,True,True,False,False,True,True,False,False,False,False,False,0.125,LOW
5181,2026-08-29,Nagpur,Nagpur Block-2,Nagpur Block-2 Village-5,cattle,2,0,4,,,False,True,False,True,False,False,False,False,False,False,False,False,0.0,LOW
5182,2026-08-29,Kolhapur,Kolhapur Block-3,Kolhapur Block-3 Village-3,cattle,1,0,4,41.3,,True,False,False,False,False,False,True,False,False,False,False,False,0.0,LOW
5183,2026-08-29,Pune,Pune Block-3,Pune Block-3 Village-5,sheep,3,0,5,38.4,Reported by local field worker.,False,False,False,False,False,False,True,False,False,False,False,False,0.0,LOW
5184,2026-08-29,Nagpur,Nagpur Block-1,Nagpur Block-1 Village-4,sheep,6,1,8,38.5,,False,False,False,True,True,False,True,False,False,False,False,False,0.167,LOW
5185,2026-08-29,Nagpur,Nagpur Block-3,Nagpur Block-3 Village-2,poultry,4,0,7,39.4,,True,False,False,True,False,False,False,False,False,False,False,False,0.0,LOW
5186,2026-08-29,Sambhajinagar,Sambhajinagar Block-2,Sambhajinagar Block-2 Village-3,goat,3,0,2,40.0,,True,False,False,True,False,False,False,False,False,False,False,False,0.0,LOW
5187,2026-08-29,Nagpur,Nagpur Block-3,Nagpur Block-3 Village-3,sheep,3,0,4,37.9,Farmer requested urgent visit.,False,True,False,False,False,True,False,False,False,False,False,False,0.0,LOW
5188,2026-08-29,Nashik,Nashik Block-3,Nashik Block-3 Village-5,goat,3,0,8,,,True,False,False,False,True,False,True,False,False,False,False,False,0.0,LOW
5189,2026-08-29,Nagpur,Nagpur Block-3,Nagpur Block-3 Village-2,buffalo,3,0,1,40.5,,True,False,False,False,False,False,False,False,False,False,True,False,0.0,MEDIUM
5190,2026-08-29,Nagpur,Nagpur Block-3,Nagpur Block-3 Village-3,cattle,3,0,7,40.5,,True,False,False,False,False,False,False,False,False,False,False,False,0.0,LOW
5191,2026-08-29,Sambhajinagar,Sambhajinagar Block-2,Sambhajinagar Block-2 Village-5,sheep,4,1,1,,Similar cases seen in neighbouring herd.,True,True,False,False,False,False,False,False,False,False,False,False,0.25,LOW
5192,2026-08-29,Kolhapur,Kolhapur Block-2,Kolhapur Block-2 Village-2,sheep,2,0,2,38.0,,False,True,False,False,False,True,True,False,False,False,False,False,0.0,LOW
5193,2026-08-29,Sambhajinagar,Sambhajinagar Block-3,Sambhajinagar Block-3 Village-3,sheep,2,0,7,40.9,Animals isolated as precaution.,True,True,False,False,False,False,False,False,True,True,False,False,0.0,LOW
5194,2026-08-29,Pune,Pune Block-3,Pune Block-3 Village-1,goat,2,0,6,38.1,,False,False,False,False,False,True,False,False,False,False,False,False,0.0,LOW
5195,2026-08-29,Kolhapur,Kolhapur Block-1,Kolhapur Block-1 Village-5,sheep,1,0,5,,Farmer requested urgent visit.,False,False,False,False,False,False,False,False,False,True,False,False,0.0,LOW
5196,2026-08-29,Amravati,Amravati Block-1,Amravati Block-1 Village-2,cattle,4,0,4,39.2,Animals isolated as precaution.,False,False,False,False,False,False,False,False,True,False,False,False,0.0,LOW
5197,2026-08-29,Kolhapur,Kolhapur Block-3,Kolhapur Block-3 Village-4,goat,1,0,7,40.2,Animals isolated as precaution.,True,False,False,True,False,False,True,False,False,False,False,False,0.0,LOW
5198,2026-08-29,Nashik,Nashik Block-2,Nashik Block-2 Village-4,poultry,6,1,7,38.4,,False,False,False,True,False,False,False,False,False,False,False,False,0.167,LOW
5199,2026-08-29,Sambhajinagar,Sambhajinagar Block-1,Sambhajinagar Block-1 Village-1,goat,9,1,3,39.5,,True,False,True,False,False,True,True,False,False,False,False,False,0.111,LOW
5200,2026-08-29,Nagpur,Nagpur Block-2,Nagpur Block-2 Village-1,goat,3,0,8,39.7,,True,True,False,False,False,False,False,False,False,False,False,False,0.0,LOW
5201,2026-08-30,Kolhapur,Kolhapur Block-3,Kolhapur Block-3 Village-3,buffalo,1,0,8,38.6,,False,False,False,True,False,True,False,False,False,False,False,False,0.0,LOW
5202,2026-08-30,Sambhajinagar,Sambhajinagar Block-1,Sambhajinagar Block-1 Village-4,sheep,2,0,3,40.4,Farmer requested urgent visit.,True,True,False,False,False,True,False,False,False,False,False,False,0.0,LOW
5203,2026-08-30,Nashik,Nashik Block-2,Nashik Block-2 Village-2,cattle,1,0,3,,Similar cases seen in neighbouring herd.,False,False,False,False,False,False,True,False,False,False,False,False,0.0,LOW
5204,2026-08-30,Kolhapur,Kolhapur Block-3,Kolhapur Block-3 Village-5,buffalo,1,0,9,40.4,Similar cases seen in neighbouring herd.,True,False,True,False,False,False,False,False,False,False,False,False,0.0,LOW
5205,2026-08-30,Amravati,Amravati Block-2,Amravati Block-2 Village-5,goat,1,0,3,39.0,Similar cases seen in neighbouring herd.,False,False,True,False,False,False,True,False,False,False,False,False,0.0,LOW
5206,2026-08-30,Amravati,Amravati Block-3,Amravati Block-3 Village-3,sheep,1,0,3,39.2,Animals isolated as precaution.,False,False,False,False,False,False,False,False,False,True,False,False,0.0,LOW
5207,2026-08-30,Nashik,Nashik Block-2,Nashik Block-2 Village-3,sheep,4,0,3,,Similar cases seen in neighbouring herd.,False,False,False,False,True,False,False,True,False,False,False,False,0.0,LOW
5208,2026-08-30,Nashik,Nashik Block-1,Nashik Block-1 Village-5,sheep,8,0,4,40.2,,True,False,False,False,False,True,False,False,False,False,False,False,0.0,LOW
5209,2026-08-30,Amravati,Amravati Block-1,Amravati Block-1 Village-4,cattle,4,0,1,40.5,Reported by local field worker.,True,False,False,False,False,False,True,False,False,False,False,False,0.0,LOW
5210,2026-08-30,Pune,Pune Block-3,Pune Block-3 Village-3,buffalo,3,0,4,38.3,Reported by local field worker.,False,False,False,False,False,True,False,False,False,False,False,False,0.0,LOW
5211,2026-08-30,Nagpur,Nagpur Block-3,Nagpur Block-3 Village-5,buffalo,3,0,2,38.2,Similar cases seen in neighbouring herd.,False,False,False,False,False,False,False,False,True,False,False,False,0.0,LOW
5212,2026-08-30,Kolhapur,Kolhapur Block-1,Kolhapur Block-1 Village-1,cattle,3,0,1,,,False,False,False,False,False,True,False,False,False,False,False,False,0.0,LOW
5213,2026-08-30,Nagpur,Nagpur Block-1,Nagpur Block-1 Village-4,cattle,1,0,9,40.0,,True,False,False,True,False,True,False,False,False,False,False,False,0.0,LOW
5214,2026-08-30,Sambhajinagar,Sambhajinagar Block-1,Sambhajinagar Block-1 Village-1,sheep,6,1,3,39.7,,True,False,True,False,True,True,False,False,False,False,False,False,0.167,LOW
5215,2026-08-30,Pune,Pune Block-2,Pune Block-2 Village-2,cattle,2,0,1,,Similar cases seen in neighbouring herd.,True,True,True,True,False,True,False,False,False,False,False,False,0.0,LOW
5216,2026-08-30,Nashik,Nashik Block-3,Nashik Block-3 Village-2,buffalo,3,0,2,40.5,,True,False,False,True,False,False,False,False,False,False,False,False,0.0,LOW
5217,2026-08-30,Pune,Pune Block-3,Pune Block-3 Village-5,cattle,4,1,2,,Farmer requested urgent visit.,True,True,False,False,False,False,True,False,False,False,False,False,0.25,LOW
5218,2026-08-30,Nagpur,Nagpur Block-2,Nagpur Block-2 Village-5,goat,2,0,5,39.1,Farmer requested urgent visit.,False,False,False,True,False,True,False,False,False,False,False,False,0.0,LOW
5219,2026-08-30,Pune,Pune Block-2,Pune Block-2 Village-2,buffalo,1,0,9,38.3,Farmer requested urgent visit.,False,False,False,True,False,False,False,False,False,False,False,False,0.0,LOW
5220,2026-08-30,Pune,Pune Block-3,Pune Block-3 Village-1,cattle,4,0,1,40.3,Similar cases seen in neighbouring herd.,True,False,False,False,True,True,False,False,False,False,False,False,0.0,LOW
5221,2026-08-30,Pune,Pune Block-2,Pune Block-2 Village-3,sheep,4,0,6,,Reported by local field worker.,False,False,False,False,True,False,False,False,False,False,False,False,0.0,LOW
5222,2026-08-30,Nashik,Nashik Block-3,Nashik Block-3 Village-4,goat,1,0,3,38.4,Farmer requested urgent visit.,False,True,False,True,False,False,False,False,False,True,False,False,0.0,LOW
5223,2026-08-30,Nashik,Nashik Block-2,Nashik Block-2 Village-3,buffalo,4,0,5,,,False,False,True,True,False,False,False,False,False,False,False,False,0.0,LOW
5224,2026-08-30,Amravati,Amravati Block-2,Amravati Block-2 Village-2,cattle,2,0,6,38.5,Similar cases seen in neighbouring herd.,False,True,False,True,True,False,False,False,False,False,False,False,0.0,LOW
5225,2026-08-30,Pune,Pune Block-3,Pune Block-3 Village-5,cattle,7,1,7,,Animals isolated as precaution.,True,True,False,False,False,True,True,False,False,False,False,False,0.143,LOW
5226,2026-08-30,Sambhajinagar,Sambhajinagar Block-2,Sambhajinagar Block-2 Village-5,buffalo,3,0,7,39.1,Reported by local field worker.,False,False,False,False,True,False,False,False,False,False,False,False,0.0,LOW
5227,2026-08-30,Amravati,Amravati Block-1,Amravati Block-1 Village-3,cattle,2,0,6,39.2,,False,False,False,False,True,False,False,False,False,False,False,False,0.0,LOW
5228,2026-08-30,Kolhapur,Kolhapur Block-1,Kolhapur Block-1 Village-5,buffalo,4,0,6,39.1,,False,False,False,False,False,False,False,False,False,True,False,False,0.0,LOW
5229,2026-08-30,Pune,Pune Block-3,Pune Block-3 Village-3,goat,1,0,6,,Farmer requested urgent visit.,False,True,False,False,False,True,False,False,False,False,False,False,0.0,LOW
5230,2026-08-30,Kolhapur,Kolhapur Block-1,Kolhapur Block-1 Village-4,cattle,3,0,4,,,False,False,False,False,False,False,False,True,False,False,False,False,0.0,LOW
5231,2026-08-30,Amravati,Amravati Block-2,Amravati Block-2 Village-5,goat,2,0,1,38.2,Reported by local field worker.,False,False,True,False,False,False,False,False,False,False,False,False,0.0,LOW
5232,2026-08-30,Kolhapur,Kolhapur Block-1,Kolhapur Block-1 Village-2,cattle,8,1,2,40.2,,True,True,True,True,False,False,False,True,False,False,False,False,0.125,LOW
5233,2026-08-30,Amravati,Amravati Block-2,Amravati Block-2 Village-2,cattle,3,0,4,38.2,Farmer requested urgent visit.,False,True,False,False,False,False,False,False,False,False,False,False,0.0,LOW
5234,2026-08-30,Amravati,Amravati Block-1,Amravati Block-1 Village-4,goat,1,0,2,39.5,Reported by local field worker.,True,False,False,False,False,False,False,True,False,False,False,False,0.0,LOW
5235,2026-08-30,Pune,Pune Block-1,Pune Block-1 Village-5,goat,2,0,1,,Farmer requested urgent visit.,True,False,False,False,False,False,False,False,False,False,False,False,0.0,LOW
5236,2026-08-30,Nagpur,Nagpur Block-3,Nagpur Block-3 Village-3,cattle,4,0,9,41.0,,True,False,True,False,False,False,False,True,False,False,False,False,0.0,LOW
5237,2026-08-30,Pune,Pune Block-2,Pune Block-2 Village-4,cattle,4,0,3,,,False,True,True,False,False,True,False,False,False,False,False,False,0.0,LOW
5238,2026-08-30,Amravati,Amravati Block-2,Amravati Block-2 Village-2,poultry,2,0,8,,Farmer requested urgent visit.,False,False,True,False,True,True,False,False,False,False,False,False,0.0,LOW
5239,2026-08-30,Amravati,Amravati Block-3,Amravati Block-3 Village-4,buffalo,2,0,9,,Farmer requested urgent visit.,False,True,False,False,False,False,False,False,True,False,False,False,0.0,LOW
5240,2026-08-30,Pune,Pune Block-1,Pune Block-1 Village-4,goat,4,0,1,41.0,Similar cases seen in neighbouring herd.,True,True,False,False,False,False,False,False,True,False,False,False,0.0,LOW
5241,2026-08-30,Amravati,Amravati Block-3,Amravati Block-3 Village-1,sheep,3,0,7,41.1,Reported by local field worker.,True,False,True,False,False,False,True,True,False,False,False,True,0.0,LOW
5242,2026-08-31,Nagpur,Nagpur Block-1,Nagpur Block-1 Village-2,cattle,2,0,5,41.5,Animals isolated as precaution.,True,False,False,True,False,False,True,False,True,False,False,False,0.0,LOW
5243,2026-08-31,Kolhapur,Kolhapur Block-3,Kolhapur Block-3 Village-5,cattle,3,0,2,,Animals isolated as precaution.,False,False,False,False,False,True,False,True,False,False,False,False,0.0,LOW
5244,2026-08-31,Amravati,Amravati Block-3,Amravati Block-3 Village-3,cattle,4,0,8,37.8,Similar cases seen in neighbouring herd.,False,False,True,False,False,False,False,False,False,False,False,False,0.0,LOW
5245,2026-08-31,Nagpur,Nagpur Block-3,Nagpur Block-3 Village-2,buffalo,2,0,6,38.0,Animals isolated as precaution.,False,False,True,False,False,False,False,False,False,False,False,False,0.0,LOW
5246,2026-08-31,Nagpur,Nagpur Block-2,Nagpur Block-2 Village-5,goat,3,0,3,40.7,Animals isolated as precaution.,True,True,True,False,False,False,False,False,False,False,False,False,0.0,LOW
5247,2026-08-31,Sambhajinagar,Sambhajinagar Block-1,Sambhajinagar Block-1 Village-2,poultry,4,0,7,,Reported by local field worker.,False,False,False,True,False,False,False,False,False,False,False,False,0.0,LOW
5248,2026-08-31,Sambhajinagar,Sambhajinagar Block-2,Sambhajinagar Block-2 Village-3,goat,3,0,8,,Farmer requested urgent visit.,True,False,False,False,False,True,False,False,False,False,False,False,0.0,LOW
5249,2026-08-31,Nagpur,Nagpur Block-2,Nagpur Block-2 Village-4,sheep,3,0,6,40.7,,True,False,False,True,False,False,False,False,False,False,False,False,0.0,LOW
5250,2026-08-31,Amravati,Amravati Block-3,Amravati Block-3 Village-4,cattle,3,0,4,40.4,,True,False,False,False,False,False,True,False,False,False,False,False,0.0,LOW
5251,2026-08-31,Kolhapur,Kolhapur Block-2,Kolhapur Block-2 Village-3,cattle,4,0,8,40.0,Animals isolated as precaution.,True,False,False,False,True,True,True,False,False,False,False,False,0.0,LOW
5252,2026-08-31,Nagpur,Nagpur Block-1,Nagpur Block-1 Village-4,poultry,7,1,8,40.1,Reported by local field worker.,True,True,True,False,False,True,False,False,False,False,False,False,0.143,LOW
5253,2026-08-31,Nagpur,Nagpur Block-3,Nagpur Block-3 Village-1,cattle,7,1,3,,Reported by local field worker.,True,True,False,True,True,False,False,False,False,False,False,False,0.143,LOW
5254,2026-08-31,Sambhajinagar,Sambhajinagar Block-1,Sambhajinagar Block-1 Village-1,buffalo,4,0,8,39.0,Farmer requested urgent visit.,False,False,False,False,False,False,False,False,False,False,False,True,0.0,MEDIUM
5255,2026-08-31,Amravati,Amravati Block-1,Amravati Block-1 Village-3,sheep,1,0,8,38.3,,False,False,False,False,False,True,False,False,False,False,False,False,0.0,LOW
5256,2026-08-31,Nashik,Nashik Block-2,Nashik Block-2 Village-4,sheep,3,0,7,40.5,,True,False,False,False,False,False,False,False,False,False,False,False,0.0,LOW
5257,2026-08-31,Amravati,Amravati Block-1,Amravati Block-1 Village-2,buffalo,8,2,9,41.3,Farmer requested urgent visit.,True,False,False,False,True,True,False,False,False,True,False,False,0.25,MEDIUM
5258,2026-08-31,Sambhajinagar,Sambhajinagar Block-3,Sambhajinagar Block-3 Village-3,goat,4,0,4,37.8,Animals isolated as precaution.,False,False,True,False,True,True,False,True,True,False,False,False,0.0,LOW
5259,2026-08-31,Nagpur,Nagpur Block-2,Nagpur Block-2 Village-4,sheep,5,0,1,38.2,Farmer requested urgent visit.,False,False,False,False,False,False,False,True,False,False,False,False,0.0,LOW
5260,2026-08-31,Nashik,Nashik Block-3,Nashik Block-3 Village-3,poultry,3,0,7,,,True,False,False,False,False,False,False,False,False,False,False,False,0.0,LOW
5261,2026-08-31,Pune,Pune Block-1,Pune Block-1 Village-1,sheep,4,0,8,38.4,Similar cases seen in neighbouring herd.,False,True,False,False,False,False,False,False,False,False,False,False,0.0,LOW
5262,2026-08-31,Amravati,Amravati Block-3,Amravati Block-3 Village-4,buffalo,9,1,2,,,True,True,True,True,False,False,False,False,False,False,False,False,0.111,LOW
5263,2026-08-31,Pune,Pune Block-2,Pune Block-2 Village-1,buffalo,2,0,3,,Reported by local field worker.,True,False,True,False,False,False,False,False,False,False,False,False,0.0,LOW
5264,2026-08-31,Nashik,Nashik Block-2,Nashik Block-2 Village-5,sheep,2,0,3,,Animals isolated as precaution.,False,True,False,False,True,False,False,False,False,False,False,False,0.0,LOW
5265,2026-08-31,Nashik,Nashik Block-2,Nashik Block-2 Village-3,buffalo,2,0,7,40.5,,True,False,False,False,False,False,False,False,False,False,False,False,0.0,LOW
5266,2026-08-31,Nashik,Nashik Block-1,Nashik Block-1 Village-5,cattle,1,0,1,38.4,Animals isolated as precaution.,False,False,False,False,False,False,False,False,False,False,True,False,0.0,LOW
5267,2026-08-31,Nashik,Nashik Block-2,Nashik Block-2 Village-2,cattle,4,0,6,39.9,Animals isolated as precaution.,True,True,False,True,False,False,False,False,False,False,False,False,0.0,LOW
5268,2026-08-31,Amravati,Amravati Block-2,Amravati Block-2 Village-5,buffalo,7,1,7,40.3,Animals isolated as precaution.,True,True,True,True,True,False,True,False,False,False,False,False,0.143,MEDIUM
5269,2026-08-31,Pune,Pune Block-3,Pune Block-3 Village-4,goat,9,0,3,40.8,,True,True,False,False,False,False,False,False,False,False,False,False,0.0,LOW
5270,2026-08-31,Nagpur,Nagpur Block-1,Nagpur Block-1 Village-5,goat,3,0,8,38.4,Similar cases seen in neighbouring herd.,False,False,True,True,False,False,False,True,False,False,False,False,0.0,LOW
5271,2026-08-31,Pune,Pune Block-1,Pune Block-1 Village-3,goat,1,0,5,,Similar cases seen in neighbouring herd.,False,True,False,False,False,False,False,False,False,False,False,False,0.0,LOW
5272,2026-08-31,Nagpur,Nagpur Block-1,Nagpur Block-1 Village-4,sheep,1,0,1,38.2,Animals isolated as precaution.,False,False,False,False,False,False,True,False,False,False,False,False,0.0,LOW
5273,2026-08-31,Nashik,Nashik Block-3,Nashik Block-3 Village-4,goat,9,1,9,41.1,,True,False,False,False,False,False,False,False,False,False,False,False,0.111,LOW
5274,2026-08-31,Sambhajinagar,Sambhajinagar Block-2,Sambhajinagar Block-2 Village-5,buffalo,14,7,1,38.7,Animals isolated as precaution.,False,True,False,True,False,True,False,True,False,False,False,False,0.5,HIGH
5275,2026-08-31,Nagpur,Nagpur Block-1,Nagpur Block-1 Village-4,goat,2,0,3,38.1,Similar cases seen in neighbouring herd.,False,True,False,False,False,False,False,False,False,False,False,False,0.0,LOW
5276,2026-08-31,Nashik,Nashik Block-2,Nashik Block-2 Village-4,sheep,7,1,2,38.2,Animals isolated as precaution.,False,False,False,False,True,False,True,False,False,False,False,False,0.143,LOW
5277,2026-08-31,Kolhapur,Kolhapur Block-3,Kolhapur Block-3 Village-1,buffalo,4,0,2,38.9,Animals isolated as precaution.,False,False,False,False,False,True,False,False,False,True,False,False,0.0,LOW
5278,2026-08-31,Amravati,Amravati Block-1,Amravati Block-1 Village-1,poultry,4,1,5,40.7,,True,False,False,False,True,True,False,True,False,False,False,False,0.25,LOW
5279,2026-08-31,Nagpur,Nagpur Block-2,Nagpur Block-2 Village-3,cattle,4,0,9,38.5,Animals isolated as precaution.,False,False,True,False,False,True,False,True,False,False,False,False,0.0,LOW
5280,2026-08-31,Nashik,Nashik Block-3,Nashik Block-3 Village-1,buffalo,2,0,2,40.1,Similar cases seen in neighbouring herd.,True,True,False,True,False,False,False,False,False,False,False,False,0.0,LOW
5281,2026-08-31,Kolhapur,Kolhapur Block-1,Kolhapur Block-1 Village-3,sheep,4,0,5,,Farmer requested urgent visit.,False,False,False,False,False,False,False,False,False,False,True,False,0.0,LOW
5282,2026-08-31,Nashik,Nashik Block-3,Nashik Block-3 Village-5,cattle,4,0,1,38.5,Farmer requested urgent visit.,False,False,False,False,False,False,False,True,True,False,False,False,0.0,LOW
5283,2026-08-31,Kolhapur,Kolhapur Block-2,Kolhapur Block-2 Village-1,cattle,3,0,5,41.0,,True,False,False,False,False,False,False,False,False,False,False,False,0.0,LOW
5284,2026-09-01,Pune,Pune Block-1,Pune Block-1 Village-2,cattle,3,0,8,37.8,Similar cases seen in neighbouring herd.,False,False,False,False,False,False,True,False,True,False,False,False,0.0,LOW
5285,2026-09-01,Amravati,Amravati Block-3,Amravati Block-3 Village-3,goat,1,0,2,38.2,,False,False,True,False,False,False,False,True,False,False,False,False,0.0,LOW
5286,2026-09-01,Amravati,Amravati Block-3,Amravati Block-3 Village-3,buffalo,8,0,4,,,False,False,False,False,False,True,False,False,False,False,False,False,0.0,LOW
5287,2026-09-01,Pune,Pune Block-2,Pune Block-2 Village-3,goat,3,0,4,38.5,,False,True,True,True,False,False,True,False,False,False,False,False,0.0,LOW
5288,2026-09-01,Kolhapur,Kolhapur Block-2,Kolhapur Block-2 Village-1,goat,2,0,4,39.1,Similar cases seen in neighbouring herd.,False,True,False,True,True,True,False,False,False,False,False,False,0.0,LOW
5289,2026-09-01,Nagpur,Nagpur Block-3,Nagpur Block-3 Village-1,goat,4,0,4,,Farmer requested urgent visit.,True,True,False,True,False,True,False,False,False,False,False,False,0.0,LOW
5290,2026-09-01,Nashik,Nashik Block-3,Nashik Block-3 Village-3,cattle,1,0,7,,Similar cases seen in neighbouring herd.,False,False,False,False,False,False,False,True,False,False,False,False,0.0,LOW
5291,2026-09-01,Nashik,Nashik Block-2,Nashik Block-2 Village-2,cattle,3,0,3,38.3,Reported by local field worker.,False,True,False,True,False,False,False,True,False,False,False,False,0.0,LOW
5292,2026-09-01,Nagpur,Nagpur Block-1,Nagpur Block-1 Village-4,cattle,1,0,1,38.1,,False,False,False,False,False,False,False,True,False,False,False,False,0.0,LOW
5293,2026-09-01,Nagpur,Nagpur Block-3,Nagpur Block-3 Village-4,buffalo,4,0,7,37.9,,False,False,False,True,False,True,False,False,False,False,False,False,0.0,LOW
5294,2026-09-01,Sambhajinagar,Sambhajinagar Block-3,Sambhajinagar Block-3 Village-1,cattle,1,0,9,38.8,Reported by local field worker.,False,False,False,False,False,True,True,True,False,False,False,False,0.0,LOW
5295,2026-09-01,Amravati,Amravati Block-3,Amravati Block-3 Village-3,buffalo,4,0,4,,Similar cases seen in neighbouring herd.,False,False,True,False,False,False,False,False,False,False,False,False,0.0,LOW
5296,2026-09-01,Nashik,Nashik Block-2,Nashik Block-2 Village-1,cattle,9,1,4,,,True,False,True,False,True,False,False,False,False,False,False,False,0.111,LOW
5297,2026-09-01,Nashik,Nashik Block-1,Nashik Block-1 Village-2,goat,4,0,8,37.9,Animals isolated as precaution.,False,False,False,False,True,False,False,False,False,False,False,False,0.0,LOW
5298,2026-09-01,Pune,Pune Block-2,Pune Block-2 Village-3,goat,6,1,1,38.5,,False,False,False,False,True,False,False,False,False,False,False,False,0.167,LOW
5299,2026-09-01,Kolhapur,Kolhapur Block-2,Kolhapur Block-2 Village-3,poultry,2,0,4,,Similar cases seen in neighbouring herd.,True,False,False,False,False,False,False,False,False,False,False,False,0.0,LOW
5300,2026-09-01,Amravati,Amravati Block-3,Amravati Block-3 Village-4,sheep,4,0,8,40.2,Farmer requested urgent visit.,True,False,False,False,False,False,False,False,False,False,False,False,0.0,LOW
5301,2026-09-01,Nagpur,Nagpur Block-2,Nagpur Block-2 Village-2,sheep,4,0,5,40.4,,True,True,False,False,False,False,True,False,False,False,False,False,0.0,LOW
5302,2026-09-01,Kolhapur,Kolhapur Block-3,Kolhapur Block-3 Village-4,buffalo,12,4,2,40.2,Animals isolated as precaution.,True,True,True,True,False,True,True,False,False,False,False,False,0.333,MEDIUM
5303,2026-09-01,Sambhajinagar,Sambhajinagar Block-1,Sambhajinagar Block-1 Village-3,poultry,4,0,5,38.0,Farmer requested urgent visit.,False,False,False,False,False,False,False,False,True,False,False,False,0.0,LOW
5304,2026-09-01,Amravati,Amravati Block-3,Amravati Block-3 Village-1,cattle,1,0,9,38.6,Animals isolated as precaution.,False,False,False,False,False,False,True,False,False,False,False,False,0.0,LOW
5305,2026-09-01,Nashik,Nashik Block-2,Nashik Block-2 Village-2,buffalo,3,0,6,,Similar cases seen in neighbouring herd.,True,False,False,False,False,True,False,False,False,False,False,False,0.0,LOW
5306,2026-09-01,Pune,Pune Block-3,Pune Block-3 Village-3,poultry,4,0,2,,,True,False,False,False,False,False,False,False,False,False,False,False,0.0,LOW
5307,2026-09-01,Nashik,Nashik Block-3,Nashik Block-3 Village-3,goat,1,0,3,37.9,Farmer requested urgent visit.,False,False,False,True,False,False,False,False,False,False,False,False,0.0,LOW
5308,2026-09-01,Kolhapur,Kolhapur Block-2,Kolhapur Block-2 Village-1,goat,8,3,3,,Reported by local field worker.,True,True,True,True,True,False,True,False,False,False,False,False,0.375,MEDIUM
5309,2026-09-01,Nashik,Nashik Block-1,Nashik Block-1 Village-3,cattle,2,0,6,39.0,,False,False,True,False,False,False,False,False,False,False,False,False,0.0,LOW
5310,2026-09-01,Amravati,Amravati Block-2,Amravati Block-2 Village-5,goat,1,0,6,37.7,,False,False,False,False,False,False,False,False,True,False,False,False,0.0,LOW
5311,2026-09-01,Nagpur,Nagpur Block-2,Nagpur Block-2 Village-1,sheep,3,0,9,,Farmer requested urgent visit.,True,False,False,False,False,False,False,False,False,False,False,False,0.0,LOW
5312,2026-09-01,Nashik,Nashik Block-1,Nashik Block-1 Village-5,goat,4,0,9,,Reported by local field worker.,False,False,False,False,False,False,False,False,True,False,False,False,0.0,LOW
5313,2026-09-01,Pune,Pune Block-3,Pune Block-3 Village-1,cattle,2,0,9,41.3,Similar cases seen in neighbouring herd.,True,True,False,False,False,False,False,False,False,False,False,False,0.0,LOW
5314,2026-09-01,Nagpur,Nagpur Block-1,Nagpur Block-1 Village-1,cattle,3,0,9,38.6,,False,False,False,False,False,True,False,False,False,False,False,False,0.0,LOW
5315,2026-09-01,Nagpur,Nagpur Block-2,Nagpur Block-2 Village-5,goat,6,1,5,40.4,Animals isolated as precaution.,True,True,True,True,False,False,False,True,False,False,False,False,0.167,MEDIUM
5316,2026-09-01,Kolhapur,Kolhapur Block-3,Kolhapur Block-3 Village-3,goat,1,0,3,39.4,Animals isolated as precaution.,True,False,False,False,False,False,False,True,False,True,False,False,0.0,LOW
5317,2026-09-01,Nagpur,Nagpur Block-2,Nagpur Block-2 Village-1,sheep,2,0,2,39.1,Animals isolated as precaution.,False,False,True,False,False,True,False,False,False,False,False,False,0.0,LOW
5318,2026-09-01,Amravati,Amravati Block-2,Amravati Block-2 Village-2,buffalo,4,0,3,39.9,Reported by local field worker.,True,False,False,False,False,True,True,False,False,False,False,False,0.0,LOW
5319,2026-09-01,Kolhapur,Kolhapur Block-3,Kolhapur Block-3 Village-4,buffalo,3,0,9,39.0,,False,True,False,False,False,False,False,False,False,False,False,False,0.0,LOW
5320,2026-09-01,Kolhapur,Kolhapur Block-2,Kolhapur Block-2 Village-2,buffalo,1,0,7,,Similar cases seen in neighbouring herd.,False,False,False,False,False,False,False,False,True,False,False,False,0.0,LOW
5321,2026-09-01,Kolhapur,Kolhapur Block-2,Kolhapur Block-2 Village-4,sheep,2,0,8,,Animals isolated as precaution.,False,False,False,False,False,True,True,False,False,False,False,False,0.0,LOW
5322,2026-09-01,Nagpur,Nagpur Block-2,Nagpur Block-2 Village-3,buffalo,4,0,6,40.5,Similar cases seen in neighbouring herd.,True,False,False,False,True,False,True,False,True,False,False,False,0.0,LOW
5323,2026-09-01,Nagpur,Nagpur Block-3,Nagpur Block-3 Village-3,goat,4,0,1,37.9,,False,False,False,True,True,False,False,False,False,False,False,False,0.0,LOW
5324,2026-09-01,Pune,Pune Block-1,Pune Block-1 Village-2,cattle,3,0,5,40.9,Reported by local field worker.,True,True,True,False,False,False,True,False,False,False,False,False,0.0,LOW
5325,2026-09-01,Nagpur,Nagpur Block-2,Nagpur Block-2 Village-4,poultry,2,0,8,,Farmer requested urgent visit.,True,True,False,False,False,False,False,False,False,False,False,False,0.0,LOW
5326,2026-09-01,Sambhajinagar,Sambhajinagar Block-3,Sambhajinagar Block-3 Village-4,sheep,2,0,6,,,False,True,True,False,False,False,True,True,False,False,False,False,0.0,LOW
5327,2026-09-01,Nagpur,Nagpur Block-3,Nagpur Block-3 Village-1,goat,2,0,3,38.2,,False,False,False,True,True,False,False,False,True,False,False,False,0.0,LOW
5328,2026-09-02,Kolhapur,Kolhapur Block-3,Kolhapur Block-3 Village-4,goat,2,0,9,38.2,Reported by local field worker.,False,False,False,False,False,False,False,True,False,False,False,False,0.0,LOW
5329,2026-09-02,Nagpur,Nagpur Block-3,Nagpur Block-3 Village-5,cattle,3,0,9,39.0,Reported by local field worker.,False,True,False,True,True,False,False,False,False,False,False,False,0.0,LOW
5330,2026-09-02,Nagpur,Nagpur Block-3,Nagpur Block-3 Village-2,cattle,1,0,4,39.0,,False,False,False,False,True,False,False,False,False,False,False,False,0.0,LOW
5331,2026-09-02,Nagpur,Nagpur Block-3,Nagpur Block-3 Village-2,cattle,1,0,8,,,False,False,False,False,False,True,False,False,False,False,False,False,0.0,LOW
5332,2026-09-02,Nagpur,Nagpur Block-3,Nagpur Block-3 Village-2,cattle,1,0,8,38.2,,False,False,True,False,False,False,False,False,False,False,False,False,0.0,LOW
5333,2026-09-02,Nagpur,Nagpur Block-1,Nagpur Block-1 Village-5,cattle,3,0,5,,Reported by local field worker.,False,False,False,False,False,False,False,False,False,False,True,False,0.0,MEDIUM
5334,2026-09-02,Nashik,Nashik Block-2,Nashik Block-2 Village-4,cattle,4,0,2,38.9,,False,True,False,False,False,True,False,False,False,False,False,False,0.0,LOW
5335,2026-09-02,Pune,Pune Block-2,Pune Block-2 Village-2,goat,9,3,1,40.7,Similar cases seen in neighbouring herd.,True,True,True,True,True,True,True,False,True,False,True,False,0.333,HIGH
5336,2026-09-02,Pune,Pune Block-2,Pune Block-2 Village-3,cattle,12,4,2,41.1,Reported by local field worker.,True,True,True,True,True,True,True,False,False,False,False,False,0.333,MEDIUM
5337,2026-09-02,Nashik,Nashik Block-3,Nashik Block-3 Village-4,goat,3,0,1,,Similar cases seen in neighbouring herd.,False,False,False,True,False,False,True,False,False,False,False,False,0.0,LOW
5338,2026-09-02,Amravati,Amravati Block-3,Amravati Block-3 Village-4,goat,2,0,5,40.5,Farmer requested urgent visit.,True,False,False,False,False,False,False,False,False,False,False,False,0.0,LOW
5339,2026-09-02,Sambhajinagar,Sambhajinagar Block-3,Sambhajinagar Block-3 Village-1,cattle,4,0,2,38.3,Farmer requested urgent visit.,False,True,False,False,False,False,False,False,False,False,False,False,0.0,LOW
5340,2026-09-02,Sambhajinagar,Sambhajinagar Block-3,Sambhajinagar Block-3 Village-2,goat,8,1,8,38.2,Reported by local field worker.,False,False,True,True,False,False,False,False,False,False,False,False,0.125,LOW
5341,2026-09-02,Nashik,Nashik Block-2,Nashik Block-2 Village-4,cattle,3,1,1,41.4,Similar cases seen in neighbouring herd.,True,True,False,False,True,True,False,False,False,True,False,False,0.333,MEDIUM
5342,2026-09-02,Sambhajinagar,Sambhajinagar Block-2,Sambhajinagar Block-2 Village-5,cattle,2,0,6,,,True,False,False,False,False,False,True,False,False,False,False,False,0.0,LOW
5343,2026-09-02,Nagpur,Nagpur Block-2,Nagpur Block-2 Village-5,buffalo,1,0,2,38.1,Reported by local field worker.,False,False,False,False,False,True,False,False,True,False,False,False,0.0,LOW
5344,2026-09-02,Kolhapur,Kolhapur Block-3,Kolhapur Block-3 Village-2,buffalo,4,0,4,,,False,False,False,False,False,True,True,False,False,False,False,False,0.0,LOW
5345,2026-09-02,Amravati,Amravati Block-2,Amravati Block-2 Village-2,buffalo,2,0,4,37.7,Reported by local field worker.,False,False,True,False,False,False,False,False,False,False,False,False,0.0,LOW
5346,2026-09-02,Kolhapur,Kolhapur Block-1,Kolhapur Block-1 Village-2,goat,3,0,6,37.8,Similar cases seen in neighbouring herd.,False,False,False,False,False,True,True,False,False,False,False,False,0.0,LOW
5347,2026-09-02,Amravati,Amravati Block-2,Amravati Block-2 Village-5,goat,2,0,1,,,True,False,False,True,False,False,False,False,False,False,False,False,0.0,LOW
5348,2026-09-02,Amravati,Amravati Block-2,Amravati Block-2 Village-2,goat,2,0,1,,Similar cases seen in neighbouring herd.,False,True,True,False,False,False,False,False,False,False,False,False,0.0,LOW
5349,2026-09-02,Kolhapur,Kolhapur Block-3,Kolhapur Block-3 Village-1,cattle,3,0,2,40.8,,True,False,False,True,False,False,False,False,False,False,False,False,0.0,LOW
5350,2026-09-02,Sambhajinagar,Sambhajinagar Block-1,Sambhajinagar Block-1 Village-5,sheep,4,0,9,39.2,Similar cases seen in neighbouring herd.,False,True,False,True,False,True,False,False,False,False,False,False,0.0,LOW
5351,2026-09-02,Nagpur,Nagpur Block-1,Nagpur Block-1 Village-1,goat,1,0,8,41.1,,True,False,False,True,False,False,False,False,False,False,False,False,0.0,LOW
5352,2026-09-02,Pune,Pune Block-1,Pune Block-1 Village-5,sheep,2,0,8,38.5,,False,False,False,False,False,False,True,False,False,False,False,False,0.0,LOW
5353,2026-09-02,Amravati,Amravati Block-1,Amravati Block-1 Village-4,cattle,4,0,6,40.6,Reported by local field worker.,True,False,True,False,False,False,False,False,False,False,False,False,0.0,LOW
5354,2026-09-02,Kolhapur,Kolhapur Block-1,Kolhapur Block-1 Village-3,goat,4,0,4,41.0,Animals isolated as precaution.,True,False,False,False,False,False,False,False,False,False,False,False,0.0,LOW
5355,2026-09-02,Nagpur,Nagpur Block-1,Nagpur Block-1 Village-4,buffalo,1,0,9,41.2,Similar cases seen in neighbouring herd.,True,False,False,True,False,False,False,False,False,False,False,False,0.0,LOW
5356,2026-09-02,Pune,Pune Block-2,Pune Block-2 Village-1,buffalo,5,0,6,41.1,Similar cases seen in neighbouring herd.,True,True,False,False,False,False,True,True,False,False,False,False,0.0,LOW
5357,2026-09-02,Pune,Pune Block-3,Pune Block-3 Village-2,sheep,1,0,5,40.6,Similar cases seen in neighbouring herd.,True,False,False,False,False,False,False,False,True,False,False,False,0.0,LOW
5358,2026-09-02,Nagpur,Nagpur Block-1,Nagpur Block-1 Village-5,cattle,4,0,4,38.6,,False,False,False,True,False,False,False,False,False,True,False,False,0.0,LOW
5359,2026-09-02,Pune,Pune Block-3,Pune Block-3 Village-4,buffalo,2,0,8,39.3,Similar cases seen in neighbouring herd.,True,False,False,False,False,True,False,False,False,False,False,False,0.0,LOW
5360,2026-09-02,Amravati,Amravati Block-3,Amravati Block-3 Village-2,buffalo,6,1,8,40.2,Animals isolated as precaution.,True,False,True,False,False,True,False,True,False,False,False,False,0.167,LOW
5361,2026-09-02,Amravati,Amravati Block-3,Amravati Block-3 Village-2,buffalo,9,1,8,38.1,Animals isolated as precaution.,False,False,True,False,False,False,False,True,True,False,False,False,0.111,LOW
5362,2026-09-02,Nashik,Nashik Block-1,Nashik Block-1 Village-5,buffalo,3,0,6,37.9,Reported by local field worker.,False,False,False,False,True,False,False,False,False,False,False,False,0.0,LOW
5363,2026-09-02,Sambhajinagar,Sambhajinagar Block-2,Sambhajinagar Block-2 Village-3,cattle,8,1,9,,,True,True,False,False,True,True,False,False,False,True,False,False,0.125,MEDIUM
5364,2026-09-02,Kolhapur,Kolhapur Block-1,Kolhapur Block-1 Village-3,cattle,4,0,5,40.9,Animals isolated as precaution.,True,False,False,True,False,True,False,False,True,False,False,False,0.0,LOW
5365,2026-09-02,Sambhajinagar,Sambhajinagar Block-3,Sambhajinagar Block-3 Village-1,sheep,5,0,2,,,False,True,False,False,False,True,False,False,False,False,False,False,0.0,LOW
5366,2026-09-02,Kolhapur,Kolhapur Block-3,Kolhapur Block-3 Village-4,goat,4,0,8,,,True,False,False,False,False,False,False,False,False,False,False,False,0.0,LOW
5367,2026-09-02,Amravati,Amravati Block-1,Amravati Block-1 Village-4,buffalo,2,0,8,,,False,True,False,False,False,False,False,False,False,False,False,False,0.0,LOW
5368,2026-09-02,Nashik,Nashik Block-1,Nashik Block-1 Village-1,poultry,2,0,5,37.8,,False,False,False,False,False,False,False,False,False,True,False,False,0.0,LOW
5369,2026-09-02,Sambhajinagar,Sambhajinagar Block-1,Sambhajinagar Block-1 Village-1,cattle,2,0,4,,Reported by local field worker.,True,False,True,False,False,False,False,False,False,False,False,False,0.0,LOW
5370,2026-09-02,Nagpur,Nagpur Block-3,Nagpur Block-3 Village-5,poultry,3,0,3,40.7,,True,False,False,False,False,False,False,False,False,False,False,False,0.0,LOW
5371,2026-09-02,Pune,Pune Block-3,Pune Block-3 Village-2,sheep,2,0,7,,Farmer requested urgent visit.,False,False,True,True,False,False,False,False,False,False,False,False,0.0,LOW
5372,2026-09-02,Sambhajinagar,Sambhajinagar Block-3,Sambhajinagar Block-3 Village-3,cattle,2,0,1,38.0,,False,False,False,False,False,False,True,False,False,False,False,False,0.0,LOW
5373,2026-09-02,Pune,Pune Block-3,Pune Block-3 Village-5,sheep,2,0,1,37.6,Animals isolated as precaution.,False,True,False,True,False,True,False,False,False,False,False,False,0.0,LOW
5374,2026-09-03,Amravati,Amravati Block-2,Amravati Block-2 Village-2,buffalo,2,0,9,40.4,,True,False,False,False,False,False,False,False,False,False,False,False,0.0,LOW
5375,2026-09-03,Kolhapur,Kolhapur Block-2,Kolhapur Block-2 Village-3,buffalo,3,0,6,40.5,Similar cases seen in neighbouring herd.,True,True,False,False,False,False,False,False,False,False,False,False,0.0,LOW
5376,2026-09-03,Nagpur,Nagpur Block-3,Nagpur Block-3 Village-5,sheep,3,0,3,,,False,False,False,False,False,False,True,False,False,False,False,False,0.0,LOW
5377,2026-09-03,Pune,Pune Block-3,Pune Block-3 Village-4,poultry,9,2,3,39.8,Similar cases seen in neighbouring herd.,True,True,False,True,True,True,False,True,False,False,False,False,0.222,MEDIUM
5378,2026-09-03,Nagpur,Nagpur Block-3,Nagpur Block-3 Village-5,poultry,1,0,6,,Reported by local field worker.,True,False,False,False,False,False,True,False,False,False,False,False,0.0,LOW
5379,2026-09-03,Nashik,Nashik Block-2,Nashik Block-2 Village-5,poultry,8,0,1,39.9,Reported by local field worker.,True,False,False,False,True,True,False,False,True,False,False,True,0.0,MEDIUM
5380,2026-09-03,Sambhajinagar,Sambhajinagar Block-3,Sambhajinagar Block-3 Village-1,goat,2,0,9,,,False,False,False,False,True,False,True,False,False,True,False,False,0.0,LOW
5381,2026-09-03,Kolhapur,Kolhapur Block-3,Kolhapur Block-3 Village-5,cattle,2,0,3,40.9,Animals isolated as precaution.,True,False,False,True,False,False,True,False,False,False,False,False,0.0,LOW
5382,2026-09-03,Nashik,Nashik Block-2,Nashik Block-2 Village-5,cattle,3,0,6,40.7,Farmer requested urgent visit.,True,False,False,True,False,True,False,False,False,False,False,False,0.0,LOW
5383,2026-09-03,Nashik,Nashik Block-2,Nashik Block-2 Village-3,goat,9,1,7,,,True,False,True,False,False,True,False,False,False,False,False,False,0.111,LOW
5384,2026-09-03,Sambhajinagar,Sambhajinagar Block-3,Sambhajinagar Block-3 Village-4,goat,4,0,8,37.7,,False,False,False,True,False,False,True,True,True,False,False,False,0.0,LOW
5385,2026-09-03,Sambhajinagar,Sambhajinagar Block-1,Sambhajinagar Block-1 Village-2,buffalo,1,0,4,37.8,Similar cases seen in neighbouring herd.,False,False,True,False,False,False,True,False,False,False,False,False,0.0,LOW
5386,2026-09-03,Nashik,Nashik Block-1,Nashik Block-1 Village-4,goat,2,0,2,39.0,Farmer requested urgent visit.,False,False,False,False,False,True,False,False,False,False,False,False,0.0,LOW
5387,2026-09-03,Amravati,Amravati Block-1,Amravati Block-1 Village-4,buffalo,4,0,2,,,False,True,False,True,False,False,False,False,False,False,False,False,0.0,LOW
5388,2026-09-03,Sambhajinagar,Sambhajinagar Block-1,Sambhajinagar Block-1 Village-1,buffalo,1,0,4,39.0,Similar cases seen in neighbouring herd.,False,False,False,False,False,False,False,False,True,False,False,False,0.0,LOW
5389,2026-09-03,Amravati,Amravati Block-2,Amravati Block-2 Village-3,cattle,1,0,9,39.0,,False,False,False,False,False,False,False,False,True,False,False,False,0.0,LOW
5390,2026-09-03,Kolhapur,Kolhapur Block-1,Kolhapur Block-1 Village-4,cattle,3,1,9,39.1,,False,False,False,True,True,False,False,False,False,False,False,False,0.333,MEDIUM
5391,2026-09-03,Amravati,Amravati Block-1,Amravati Block-1 Village-3,goat,3,0,2,39.0,Reported by local field worker.,False,False,False,False,False,False,True,False,False,True,False,False,0.0,LOW
5392,2026-09-03,Kolhapur,Kolhapur Block-2,Kolhapur Block-2 Village-4,cattle,24,7,3,39.5,Animals isolated as precaution.,True,True,True,True,False,False,True,False,False,False,False,False,0.292,HIGH
5393,2026-09-03,Amravati,Amravati Block-2,Amravati Block-2 Village-4,poultry,2,0,6,37.9,Farmer requested urgent visit.,False,True,True,False,False,False,False,False,False,False,False,False,0.0,LOW
5394,2026-09-03,Amravati,Amravati Block-2,Amravati Block-2 Village-4,cattle,3,0,7,37.6,Animals isolated as precaution.,False,False,True,False,False,True,False,False,False,False,False,False,0.0,LOW
5395,2026-09-03,Sambhajinagar,Sambhajinagar Block-3,Sambhajinagar Block-3 Village-4,sheep,1,0,8,37.7,,False,False,False,True,False,False,False,True,False,False,False,False,0.0,LOW
5396,2026-09-03,Sambhajinagar,Sambhajinagar Block-2,Sambhajinagar Block-2 Village-2,goat,3,0,6,38.4,,False,False,False,False,False,False,False,True,False,False,False,False,0.0,LOW
5397,2026-09-03,Nashik,Nashik Block-3,Nashik Block-3 Village-2,cattle,4,0,2,41.3,Similar cases seen in neighbouring herd.,True,False,False,False,False,False,True,False,True,False,False,False,0.0,LOW
5398,2026-09-03,Amravati,Amravati Block-3,Amravati Block-3 Village-4,buffalo,4,0,6,40.3,,True,False,False,True,False,False,False,False,False,False,False,False,0.0,LOW
5399,2026-09-03,Sambhajinagar,Sambhajinagar Block-3,Sambhajinagar Block-3 Village-5,buffalo,1,0,4,40.4,,True,False,False,False,False,False,False,False,False,False,False,False,0.0,LOW
5400,2026-09-03,Nagpur,Nagpur Block-3,Nagpur Block-3 Village-5,poultry,2,0,6,38.8,Farmer requested urgent visit.,False,False,False,False,False,True,True,False,False,False,False,False,0.0,LOW
5401,2026-09-03,Nagpur,Nagpur Block-2,Nagpur Block-2 Village-2,cattle,5,1,3,38.7,Farmer requested urgent visit.,False,False,False,True,False,True,True,False,False,False,False,False,0.2,MEDIUM
5402,2026-09-03,Amravati,Amravati Block-2,Amravati Block-2 Village-3,goat,6,1,4,40.9,Reported by local field worker.,True,False,True,False,True,False,False,False,False,False,False,False,0.167,LOW
5403,2026-09-03,Amravati,Amravati Block-3,Amravati Block-3 Village-5,buffalo,1,0,1,,Similar cases seen in neighbouring herd.,False,False,True,False,False,False,False,False,False,False,False,False,0.0,LOW
5404,2026-09-03,Nagpur,Nagpur Block-2,Nagpur Block-2 Village-5,sheep,2,0,2,38.8,Reported by local field worker.,False,False,True,False,False,False,False,False,False,False,False,False,0.0,LOW
5405,2026-09-03,Sambhajinagar,Sambhajinagar Block-3,Sambhajinagar Block-3 Village-1,goat,4,0,4,38.5,Reported by local field worker.,False,False,False,False,False,False,False,False,False,True,False,False,0.0,LOW
